source_dataset,original_filename,new_filename,split,md5,sha256,phash,pothole_boxes,status,reason
andrewmvd,potholes0.png,andrew_potholes0.png,train,d7e59edb3410b561f33986b97163b3d6,c98b130cdc7498b2d165b8af529fbf146b980c163c5e87b71c13d9ec9b524add,f5703f93a4c2c16c,12,ACCEPTED,Baseline Ground Truth
andrewmvd,potholes1.png,andrew_potholes1.png,train,8a92e80d5b3066a55ef7d6db7638e6cd,a52e52d627d971e27fc341c4c70b6047f3d07c7bed418991cc806f28aaf17e94,e2642647e753526b,2,ACCEPTED,Baseline Ground Truth
andrewmvd,potholes10.png,andrew_potholes10.png,train,5a83c6dd289e106d5806bb25c16e472b,a5cca9772237b95c10cb7b90048f04d7d193fb719d0b59078cfdcf4ed631d2ed,b7ffbf3228011832,2,ACCEPTED,Baseline Ground Truth
andrewmvd,potholes100.png,andrew_potholes100.png,val,07e0a80d150433bf5415fcab2e94e485,4f3f4e5a05bf26596bc40762a4267ceddad19765a20ab9157313e567c61e9116,c7f018b6bc344a6b,1,ACCEPTED,Baseline Ground Truth
andrewmvd,potholes101.png,andrew_potholes101.png,train,c65803531bf0d5041643f442b48c3964,9e6698387ffae6e31190535764fa165dee8f485df3aa3e725df8574ff3f1ceb9,c74f4f6d39983818,2,ACCEPTED,Baseline Ground Truth
andrewmvd,potholes102.png,andrew_potholes102.png,train,fd329ce82eaee5bb9fe6748ed037ce28,39e0cfd6c9ce54d95b8f284f4442f1902134a83a9e09334a5d87d3ade394c16e,d9cd9cda672410d9,1,ACCEPTED,Baseline Ground Truth
andrewmvd,potholes103.png,andrew_potholes103.png,test,1e7a30deba547479337086f2b2817d00,5ceb4ca7d1ee42f538b865eab7fc5f39f9e697261308ee90e66322ebc53f0db3,fbcee0d89073604d,3,ACCEPTED,Baseline Ground Truth
andrewmvd,potholes104.png,andrew_potholes104.png,train,b055b587b3a2699652e1a35e11e1552e,668fdd630607db6ad09421b630a398d2a15b71601f8a22512fdbacf81d5b018e,8c81838f9b33f3f0,2,ACCEPTED,Baseline Ground Truth
andrewmvd,potholes105.png,andrew_potholes105.png,train,5a18c5bc7e157d46c50b68c11f0ba89a,448ca1a628adb5b6420c75beca8bf6232438fe2ce0652850a14231b9d940a19a,87384f5367272716,8,ACCEPTED,Baseline Ground Truth
andrewmvd,potholes106.png,andrew_potholes106.png,train,fb09e78e3d7df25e00dda9012ac717cf,a183009d972a7ce9eefb9753cdf22f05e1354caf3828b50f40523a775213ca7e,e693996d66325949,1,ACCEPTED,Baseline Ground Truth
andrewmvd,potholes107.png,andrew_potholes107.png,train,559869468b36f8a89d03ce3dd41f0980,559600b9f2d4265a243582f2234f588ce778d37ca6e42896a935c6dad88cec28,84b7f36d74230d34,2,ACCEPTED,Baseline Ground Truth
andrewmvd,potholes108.png,andrew_potholes108.png,val,7aa1c0e28da5c0fb1681d4571979281e,958355d9a6d9fe064c8d68b6d4736172bbff7a483625ec3e5ffe5eeadcaaf844,931a2a7d6d69a4c9,13,ACCEPTED,Baseline Ground Truth
andrewmvd,potholes109.png,andrew_potholes109.png,train,0c9540608390a36a2c3446c4a436e6fc,40b4ba0d1c583f5ad408d7e45d5777493f26de81b600e06f641d1a733fdb855d,d5a8688e2f36d8d1,3,ACCEPTED,Baseline Ground Truth
andrewmvd,potholes11.png,andrew_potholes11.png,train,adfb7369dffa499efd0136656b773bc0,e7bc6a4198057c1ae26cc2edd22fcf7de5767d653953c8c40d962efb85818da8,c0a69692b31b1bf9,2,ACCEPTED,Baseline Ground Truth
andrewmvd,potholes110.png,andrew_potholes110.png,train,29ad56e6a7ba30ab617547820eba0cc4,c5fe7ee8127abba764f55a47d415cf590b7ebfa4395782deebc5d689a56a0c5a,c11c185b7d087b3f,2,ACCEPTED,Baseline Ground Truth
andrewmvd,potholes111.png,andrew_potholes111.png,train,1e1e4e2954cbcecc3f9cc56a0cfa2433,94401fbf4efa2e2da06de778862e0108af5f3ef2d82a21d861dbe8ab7f16e838,9aa52d3e2d29495e,1,ACCEPTED,Baseline Ground Truth
andrewmvd,potholes112.png,andrew_potholes112.png,train,99617cf454a1a609ca0c43e1e7e2620b,89405aa0e5b773c67a970ba23dadb66cc219af2cb2985380d8e7ea091e6fdccc,af71a0ca1f0cd2e3,1,ACCEPTED,Baseline Ground Truth
andrewmvd,potholes113.png,andrew_potholes113.png,train,950fe61dc308bb23c1034a073117723e,2df3142db3fcbb9f0f08b84794c9d3784eda312d1d4c05783ca429c3d79af1a9,bd5ac36178b098cd,3,ACCEPTED,Baseline Ground Truth
andrewmvd,potholes114.png,andrew_potholes114.png,train,776d58592fd31859466028c558fb2837,7e45ae273bf481b5c0159c165c074245e72f631f10f8ed94189d9df56304b331,fdf90dc0e91d01d2,3,ACCEPTED,Baseline Ground Truth
andrewmvd,potholes115.png,andrew_potholes115.png,train,b6d79904d17f644b09fe307e4ba24eee,e56fbda094cd3c1715043c25ff3c488b6046c503dc3c76f46aa48e55172949fa,e3d518c7e32143f8,1,ACCEPTED,Baseline Ground Truth
andrewmvd,potholes116.png,andrew_potholes116.png,train,83ce764812c7ae7de15be486737bc444,099d4dc3485d5600d070654d47eb937617546456a0819621546d2a734df888b0,d7d4585a62bb0969,2,ACCEPTED,Baseline Ground Truth
andrewmvd,potholes117.png,andrew_potholes117.png,train,f25ce7a50d563cea262b1e661343f1f1,42a1403e61d1198764fe1beca1335cd7d9a1af475fcb03782d777f671aff798c,c19103133b3f3e3e,2,ACCEPTED,Baseline Ground Truth
andrewmvd,potholes118.png,andrew_potholes118.png,train,8656b95c6a6944c6b010191dc97790cd,4e6b524c3bb498fbdd5f54aa37b0c0846a02a21d6201b2b570c50eb2d18d3b21,d0f38cc773694c8c,1,ACCEPTED,Baseline Ground Truth
andrewmvd,potholes119.png,andrew_potholes119.png,train,f7daad4b22e65cbbcb2842adff5ffac0,69c04f92318763bb9b3e7fff5b8517cc05b7c1ab0b5bf3a71f952eda16bff0c1,d4d4d4948585979f,1,ACCEPTED,Baseline Ground Truth
andrewmvd,potholes12.png,andrew_potholes12.png,train,a092f31c0537f5096e5f6b659c062fec,0196c45763cefecad5f179bc71ccd2a82d5d7d5119dd2dd931a47d78edb03345,dbb52d0b30a6296d,5,ACCEPTED,Baseline Ground Truth
andrewmvd,potholes120.png,andrew_potholes120.png,test,c4fd4443a2ed8fba1e27a0a2ffe68275,81292e5de56d94e8ea8fc7aa8c6a5d58b4a40013004d012b7b5edd8b92e07fbc,d09f4b4c7a6fc700,3,ACCEPTED,Baseline Ground Truth
andrewmvd,potholes121.png,andrew_potholes121.png,train,3b50338dfdcd9cc6af9cc1c431826491,cdbba291c93af07c6fb43609858ddc9166794a3c7e809b11a957c79955ca7046,824e2af5707593e9,15,ACCEPTED,Baseline Ground Truth
andrewmvd,potholes122.png,andrew_potholes122.png,test,4a9d58d5b2e6333c4eb0734e59b4b98f,e02215c9f543b0043d6fa1d5c092eaccc6e1086274e0431d76844450290d4353,c0016f2723a3ff1e,2,ACCEPTED,Baseline Ground Truth
andrewmvd,potholes123.png,andrew_potholes123.png,train,de3b989bf7df88638f51d10b1c0345c3,ba7c1d75c27e10c24c7b3bd367c04e287caf9a5bce3e2c2ddcbea70b8100a8fe,d4747f476860237c,3,ACCEPTED,Baseline Ground Truth
andrewmvd,potholes124.png,andrew_potholes124.png,train,4cf27befc2dae42ee4612b15c29688aa,5a8eea2807fe257fbac8f7b84d5466bcebcf2fc31045c78e9e74d88a4fa145ec,a33ba1a1e2c2b3b3,1,ACCEPTED,Baseline Ground Truth
andrewmvd,potholes125.png,andrew_potholes125.png,test,5fee2fe8c52d93a6321916a70d4042be,9095a812d85aa9e45dda7dbba5919fa8d8ea3961edc9e8c7ac5a166e60d9ccbc,acec311bb4967a89,2,ACCEPTED,Baseline Ground Truth
andrewmvd,potholes126.png,andrew_potholes126.png,train,e38353819af6518683b8ae5abbd63cef,d5a9c7f6a430fb04f51dc9961e2150f6738d23071e709754f08aa1174ffafb52,e2f45902959e38b7,5,ACCEPTED,Baseline Ground Truth
andrewmvd,potholes127.png,andrew_potholes127.png,test,049677fbfee0639e50ab686d3db6f3d4,6cafdee88ebaf5e075587a106483da09cc0c1eab89e568135a62b81a7b407c1b,dab5095229b53d3a,3,ACCEPTED,Baseline Ground Truth
andrewmvd,potholes128.png,andrew_potholes128.png,train,8434593e45968de3e173a28dc227af9f,241c8e4d295b3bf707d9372f128eb842f5d752f20b3dadc078f8b59cdf1a81a2,aad4aad6ca864c5e,1,ACCEPTED,Baseline Ground Truth
andrewmvd,potholes129.png,andrew_potholes129.png,train,71717a8b27374f42499ad481ade0e0fe,13f98c99b166c578074301bff95deea1011a56b87ba053e0c2460d1a4fa8c96e,eb81842b79d4caad,1,ACCEPTED,Baseline Ground Truth
andrewmvd,potholes13.png,andrew_potholes13.png,train,a84854773a859641c0bfc7d0af6d107a,1e686ab7245062a21b8635a61ae1e0a0cfe3ef8bd00e820f178c508a111fb535,949c5ad8c1e676c9,2,ACCEPTED,Baseline Ground Truth
andrewmvd,potholes130.png,andrew_potholes130.png,train,0aeabad8fda075650028469c2c58beba,c0b4cb645fa59cc5135c40e5e93448231b4739bdd3ae3bfdcfbacfff9345e019,aaaad7959a25685a,1,ACCEPTED,Baseline Ground Truth
andrewmvd,potholes131.png,andrew_potholes131.png,train,d5a196fa70d6560116407811b9691e41,fcd1d140ab2ee0116430251590e00857d20915b3aaa71d26e5b41049a2c17668,d4a94a555ab87374,1,ACCEPTED,Baseline Ground Truth
andrewmvd,potholes132.png,andrew_potholes132.png,train,75fce77f1ab0cd9ae0cde6a9839a0e20,7aa5fac17d1369b06dd5218848c9b1854da74a9608a9958325e8dbf4ceb41bec,83d455ea9765b298,2,ACCEPTED,Baseline Ground Truth
andrewmvd,potholes133.png,andrew_potholes133.png,train,686876c11841f671fbbd6b2de1a14c14,6360dd09ddd9b3e970aa112c89fe2c1248e61e117d6483a70501747784731c8e,d7a46a56650f4c1b,1,ACCEPTED,Baseline Ground Truth
andrewmvd,potholes134.png,andrew_potholes134.png,train,727c49127e5e30f2ccaf6d320e0430b6,d24bc18182b1f5cb916344b67683e4b51c15d3f4d6318fde5b8100e75ab9e338,96b572040c9cfbe9,1,ACCEPTED,Baseline Ground Truth
andrewmvd,potholes135.png,andrew_potholes135.png,train,7481e0a0e2cacc3e53f7023eddf4936c,ae51a0120bf84d4a4e3622178b02744267b46d74de7eebdcee70151f76dd14db,96256a5e59ab2bc2,2,ACCEPTED,Baseline Ground Truth
andrewmvd,potholes136.png,andrew_potholes136.png,train,900343cb884398b499d851e9836eb130,4c9d2963c439fe78297025aedb4082d5c089f6b0aa415848d1e6462317150e55,d7fe18b477490914,3,ACCEPTED,Baseline Ground Truth
andrewmvd,potholes137.png,andrew_potholes137.png,train,66f6ab5423cdd91c1dcef1b2d6593b4d,04358c7c6d16f900f107f5f09644d699153819522f5501c7892aaed1b6c3b160,acb4f21b818dcb66,1,ACCEPTED,Baseline Ground Truth
andrewmvd,potholes138.png,andrew_potholes138.png,test,28eefe6f9f062b5ad7e55285759a0cba,e5a0eca206d9a852bc36d87e918685073540c675c87094c191919e495c207a3b,a8a197c83e43ecb5,1,ACCEPTED,Baseline Ground Truth
andrewmvd,potholes139.png,andrew_potholes139.png,train,d5b062dc5ff959909d17524f3300d7f6,58f6fb4a11e1e43ccc95d7eb3fd7146a00b77b7e56654ae8c3e4a686c8ff7a19,88382673697a66cf,2,ACCEPTED,Baseline Ground Truth
andrewmvd,potholes14.png,andrew_potholes14.png,test,88ac4bd26646a6057f6ddd745c11cbbb,7e52b5c6adfd971b366e94e5aa16dccb1f927832e49c291ce284f06b4f09e952,a1026abfa04e6fae,5,ACCEPTED,Baseline Ground Truth
andrewmvd,potholes140.png,andrew_potholes140.png,train,f03336ef126ccb9dc4d5186b27c05ec3,81ed6460df5fa71363e5a3a28a21d68967d0bccef0b86f7519dd47e96d19f35f,d5c684da4aa595da,1,ACCEPTED,Baseline Ground Truth
andrewmvd,potholes141.png,andrew_potholes141.png,val,d2b09a1437d2ffd147048f3ed45b7305,0ce0452dd131c32f3c710b0eb491ddc9b9d4b9b09ddd203f91743bf0f479c1a5,d60666461e3e66d6,1,ACCEPTED,Baseline Ground Truth
andrewmvd,potholes142.png,andrew_potholes142.png,train,72970e40c782c824afdae810c0817742,e693f3d05e3e3e65a7ab0c6fd630d3a20ce6234edc9ea6006e771e42e1454d3c,931567313d5bc1d2,6,ACCEPTED,Baseline Ground Truth
andrewmvd,potholes143.png,andrew_potholes143.png,train,9b828075bd5bc1543da34ecc8ab580da,0a5df11e4765d93117bb9a59344958c4df34f901c30b6dd0ed0b63de39bdb998,e62c9d0e934b64b6,1,ACCEPTED,Baseline Ground Truth
andrewmvd,potholes144.png,andrew_potholes144.png,train,e6c0d3853fc5fc83e42bda1dc04f94e4,bcf92d80d34f4a79dddad499d9422363d0743bf9fbdc74324274f23e9ae8408b,c95bcbc1d2d2d2b0,9,ACCEPTED,Baseline Ground Truth
andrewmvd,potholes145.png,andrew_potholes145.png,train,66a9f9b2590673b35bb079b215ac32f2,7d164edf08a4f704a83c29f3ab1452dbdfa71cda6bb4ca8b55fa5d12813e3b90,bcc5cbea2e226b48,3,ACCEPTED,Baseline Ground Truth
andrewmvd,potholes146.png,andrew_potholes146.png,train,6fe2ac670fd4d41601780234622b81c4,b5656d6ebdb6c6a7c36d01aa0e340d2a9b947396f21e1c4fb63ddc377fcfcf39,8d0f8a323275e5b6,2,ACCEPTED,Baseline Ground Truth
andrewmvd,potholes147.png,andrew_potholes147.png,train,1527051bfd0feba0cfd16c7a24afbdd7,ce8292a980c76901af679bb172db0d5bfbff35d3cc9ab7501945d51a5e883b71,c84e0d49c6dcf1b6,2,ACCEPTED,Baseline Ground Truth
andrewmvd,potholes148.png,andrew_potholes148.png,train,8090f37a64a789247264bc37d8ca00c9,3df6067396f44bcdfd9086b8d83c5d328c43df4a4a4d42f3525c25517206a73a,88801cb7bc9fbacc,3,ACCEPTED,Baseline Ground Truth
andrewmvd,potholes149.png,andrew_potholes149.png,train,648744fa02010994ed6e52de1ca462b2,5c2cf01548f29b5736b72a9dae45633bf71ee5e1d20c0c209aa252645aae03dd,e0985f767644a6cc,7,ACCEPTED,Baseline Ground Truth
andrewmvd,potholes15.png,andrew_potholes15.png,val,4bbb924b481e37b21299c89af4f536c5,b481d26005541bf3f252747c01705b5319fe5ef3202142ace0088172b1b83def,f057874389ac363d,1,ACCEPTED,Baseline Ground Truth
andrewmvd,potholes150.png,andrew_potholes150.png,train,97aadeb3c7558dc5194b9e1a611359ca,2de9abbdb8b5032a8c45cbd50603276e2cda2b5687356a3fc0a7f210c7d9507b,94b16bce6999b298,1,ACCEPTED,Baseline Ground Truth
andrewmvd,potholes151.png,andrew_potholes151.png,train,b4303fdf503bf82a97cb57e3b66affa0,3a50fd9c6f5f7cd4be1269dddf285d60876a44c73d233e1ac09956879e00c145,fde8e187de989048,1,ACCEPTED,Baseline Ground Truth
andrewmvd,potholes152.png,andrew_potholes152.png,train,18df56771afdcec381c5cf0bbbc841cf,e572761656a5407965b2df1ecf21e1dd07f7c1343e268cdcfeb5ac75e34aa9c3,dc80ff7820a6399e,2,ACCEPTED,Baseline Ground Truth
andrewmvd,potholes153.png,andrew_potholes153.png,train,34f28a436a6238a0bc0fb517fef97de2,ae684117edc78747ce463acbc4be0489ef64038b288be3d84a6c2b59f34539b2,d2c559221fdfe121,4,ACCEPTED,Baseline Ground Truth
andrewmvd,potholes154.png,andrew_potholes154.png,train,8c899a577c5dfea7eb00af183b9ade0a,9ab1cb7e78ad3e9bd9fb6f7a7398d134517996827355bae22a89fa11f9da0ef8,82bdcda6f2c11ad8,9,ACCEPTED,Baseline Ground Truth
andrewmvd,potholes155.png,andrew_potholes155.png,train,b866d2ea784d5d3b5d86e0150c3f2931,bf00a49d81c875cc814cf65e8e4cf68b67a1a3c9a0bbcf6cb220d476499957ce,a291ded5626e158b,1,ACCEPTED,Baseline Ground Truth
andrewmvd,potholes156.png,andrew_potholes156.png,train,712f6675e0a66e4e74c70172c407553c,9d516300068c0e86692096d4c3007b7b55d31c3272efb5fe1d5407f5ae551fee,ac61a58eda98497b,1,ACCEPTED,Baseline Ground Truth
andrewmvd,potholes157.png,andrew_potholes157.png,val,5fc8a395c011d8aa9eb623daa7f5c9d4,d8a00535e78edf603ed773b431c352427a95812448f5baedc29a1e80fac69f21,d5d559496333311d,1,ACCEPTED,Baseline Ground Truth
andrewmvd,potholes158.png,andrew_potholes158.png,train,3dff61efa9236c4c7752b8fe097674c3,d2feb4da0e96c8401f7de4e0c937d954eeff9973f994cacef362a293111f03d5,b0bcc756b3344e25,2,ACCEPTED,Baseline Ground Truth
andrewmvd,potholes159.png,andrew_potholes159.png,val,f2cdada7ef4c4ec0c1e188c214fb1cf9,3f37dffc9891b00c8adef80245fc53569af822b70ebd316d5b1b7ac25c984d24,8d24272b2d3e654f,1,ACCEPTED,Baseline Ground Truth
andrewmvd,potholes16.png,andrew_potholes16.png,train,e162ff6608450cbe25cfd5e2e0425ae8,2f476e6afa48b5b33209c417e8cc0249ccea072439511ea62aba955895a3d5e5,ecbeb2c818ad3562,1,ACCEPTED,Baseline Ground Truth
andrewmvd,potholes160.png,andrew_potholes160.png,train,cd93ceff5b1e4ba220d04c4ef2dc5f4d,7a0b92166fa37c2540a185096e2cffb59d2de24f965e3e6e00c4967cc126b557,a1d5c9225a772d1b,1,ACCEPTED,Baseline Ground Truth
andrewmvd,potholes161.png,andrew_potholes161.png,train,304954c3b4a14f284c56b884d9d5d2ce,c8ac0d9bfdc8888bcd17872cbd2db17bead3e2381ddca27e0a5944252a9bc76c,93bbe19dc14960ce,3,ACCEPTED,Baseline Ground Truth
andrewmvd,potholes162.png,andrew_potholes162.png,test,0123e77977fcefad111b661df956cd13,28008309c7115784e98035c76aef4aaad317abfa1ded227c063c1bdc80c8b823,b2bd9522cd5a918d,10,ACCEPTED,Baseline Ground Truth
andrewmvd,potholes163.png,andrew_potholes163.png,train,5655a7c99789a3fe3ce2b17e81caf6d7,a3d9c1438072aeb9dd66251aee9d67572b618b25618dd39ae3ace18ab9215670,80892b1e273f7367,4,ACCEPTED,Baseline Ground Truth
andrewmvd,potholes164.png,andrew_potholes164.png,val,c5957c3e4ca2cf25e1f023499897e86b,f45cd0d9bdcac294517979cdfe564405c21aa4cc8b9685c03c1a10e51cf65bcc,d9ad25d5d70444ce,1,ACCEPTED,Baseline Ground Truth
andrewmvd,potholes165.png,andrew_potholes165.png,train,b46f82d92c28a9f6cc296cbb1054bebf,7eeaa8b83d31cf7d6f9424a0f7ca08754b9a3fc69bf903c3ccdfbb2fa7143608,c57530b0db4f0f23,3,ACCEPTED,Baseline Ground Truth
andrewmvd,potholes166.png,andrew_potholes166.png,train,fa7a718b7e166d4c190efdd95ce04adb,6d427edfc678bca54e8cefdb5d0aa6e21906c03cd228bce472e84be7af876a10,a3c288a733871e9f,1,ACCEPTED,Baseline Ground Truth
andrewmvd,potholes167.png,andrew_potholes167.png,train,9c9bf1216a04ce9db228e9f48deb679c,2d2910b912bb5af696a4a7e3adca2db30d8b89045d1271958f5c208f15fb99ff,b5951a02afcbcf82,12,ACCEPTED,Baseline Ground Truth
andrewmvd,potholes168.png,andrew_potholes168.png,train,523ddd5911769cffaae4000f1d61a662,392449f181ef8ac32e31b61380a839a6933bca9b3ffe232e983bd7eb6a62ea50,a799c0cf4e3413e3,2,ACCEPTED,Baseline Ground Truth
andrewmvd,potholes169.png,andrew_potholes169.png,train,a99a37bcb2e5e7a809a2c1007788ab56,c384f5fa3e0cf1007b0f0e3c65d80a61ecb0e46509f7d8613183efd066f8e0bf,d7d0296b6b419b89,2,ACCEPTED,Baseline Ground Truth
andrewmvd,potholes17.png,andrew_potholes17.png,train,6d05200b4436e1fe754269afbd63da3c,ea6199f22fca564347721bbd14f820f617306914ffbc91a3dde32a9ee2043ce5,dad34d351998d9c2,1,ACCEPTED,Baseline Ground Truth
andrewmvd,potholes170.png,andrew_potholes170.png,test,e0a15d07de5f437463b073933111888c,688c2310b4934fc8cf9f00a674a911dd690ca3b3610d95877e61e6768851df9e,a6c83132cccf6373,1,ACCEPTED,Baseline Ground Truth
andrewmvd,potholes171.png,andrew_potholes171.png,test,e73aff6da3d084da6aeecea84ebda1bc,a7df229954dbb39a318520650d30710940e0b6255353ad670ac42b7386d21567,8581eafe381dc366,3,ACCEPTED,Baseline Ground Truth
andrewmvd,potholes172.png,andrew_potholes172.png,train,b6af9cfe7897fe4d04e0d48d04c4db14,9e09209e4e81b874b5a0404c7bbffbac2ba7fbff35c170937797113614edb3ac,80a0091f78fb3f5e,4,ACCEPTED,Baseline Ground Truth
andrewmvd,potholes173.png,andrew_potholes173.png,train,f2e1088dbb7dc89a00160d3a96d40ddf,e76ff6f462c8fe8a84a8df9bdc221698fb675cedf6c4279735c2abe4f607a951,849b52c76adb36c8,1,ACCEPTED,Baseline Ground Truth
andrewmvd,potholes174.png,andrew_potholes174.png,train,59f553f8b7674dfcf96c2c29e6d348c8,b9783e205eb865761a1984552b2ff745b112aebba45fce4dbe88c40a18c505cd,cdcd494a4d4b4c5d,4,ACCEPTED,Baseline Ground Truth
andrewmvd,potholes175.png,andrew_potholes175.png,train,4f1e947115c68bf627bf33bea1112da0,3f775deb4419f134cdf0cd163aadcb454ec225b5b442a133c3f181a0cff9c80a,a8a7d04ee876ab91,3,ACCEPTED,Baseline Ground Truth
andrewmvd,potholes176.png,andrew_potholes176.png,train,19a09f11ee6c6e84ca8b109b83d0c360,12c82e5ef437922c0e6fa6b72d3e58d8b1e8fb99770ec85e6f1c76d523680219,e4df014833bb48ed,1,ACCEPTED,Baseline Ground Truth
andrewmvd,potholes177.png,andrew_potholes177.png,train,7fa106109606047870942a2a68453a53,2d7eb497530624ef83fc71ede827301ecb676908691dfaee06693f43b5b4fffa,9d9547171e1698c7,10,ACCEPTED,Baseline Ground Truth
andrewmvd,potholes178.png,andrew_potholes178.png,train,2835dc3571042b216145f15913195518,51f40b307da030afad548f94caacec4c60e8bb84ff5d869a40646ffb2b90c6d7,ca95251b7af8b095,2,ACCEPTED,Baseline Ground Truth
andrewmvd,potholes179.png,andrew_potholes179.png,test,b131320179048dd876f3c366d2b8e714,fc187f95c801115d7bbabcbfd00b8e06058bc9b2b1ecae7661d85301135238a6,d5e4c4416a6a6f6a,3,ACCEPTED,Baseline Ground Truth
andrewmvd,potholes18.png,andrew_potholes18.png,train,2f552fac14377de929534e77933e8758,17b1d3acdb3a35eb728f0b4c13e3db1c568a73b6f3111b93a2ec35c18e411306,b064747476f1c5d1,1,ACCEPTED,Baseline Ground Truth
andrewmvd,potholes180.png,andrew_potholes180.png,train,49803e71f4020b58cfea32966c37445e,6bb0fa9380537c9568aa1ee92fa2dca45cf050eb17ffa0ed29ba06ae3cc10bfd,9f8c0d985e4b2d66,1,ACCEPTED,Baseline Ground Truth
andrewmvd,potholes181.png,andrew_potholes181.png,train,7c1091d8ed4884590608097333e4708e,d0cb930d73923492160cf87d4953642671c48e1510cfc5ea3c8a393d5430d352,e4cedbc99b240999,1,ACCEPTED,Baseline Ground Truth
andrewmvd,potholes182.png,andrew_potholes182.png,val,a85439c8904883ceae1657df00dece60,932cbe875aca0ade79721c82c83fe7f7ee8ec9e450aae199eca0967b0fb474ed,8313f38efc6044f9,1,ACCEPTED,Baseline Ground Truth
andrewmvd,potholes183.png,andrew_potholes183.png,test,a44e30ddedda7150ac17938ad4527403,c882d09578f46150861b7c43adee80a8c79ec2907d3092c3f36316391e9f060b,c6b2681d2df0f0f4,1,ACCEPTED,Baseline Ground Truth
andrewmvd,potholes184.png,andrew_potholes184.png,test,0b4a065dbaf205bc96bb618e5e66aea1,3135ca8dc11492a2f29f1b344305146e7ebf92d337650cc40cdef44af68161a0,e2e3c2879d851b39,2,ACCEPTED,Baseline Ground Truth
andrewmvd,potholes185.png,andrew_potholes185.png,train,7bdbbdb516d6a6df6de779b256710e66,b2fc19b60aef77cd31d7431e95a3ec4a14458136b428b5d901570b658d1dc8d9,8c6cd23b33b6898d,4,ACCEPTED,Baseline Ground Truth
andrewmvd,potholes186.png,andrew_potholes186.png,train,a9cf49ec165dbc058e75e43525e3f212,8915cb54e8c7e2249eba8a4d168cb3442fcc9d3d39d9eb2205d613125ae67aa7,b5aea482e4d07e3c,3,ACCEPTED,Baseline Ground Truth
andrewmvd,potholes187.png,andrew_potholes187.png,train,6489867327c048cdc27f2890d2d97849,9dfd17cabe96b2ff18902974c629e822d589e19e51d053985b6d244ce0512cf6,93bdcccc51733622,3,ACCEPTED,Baseline Ground Truth
andrewmvd,potholes188.png,andrew_potholes188.png,test,c5ba4e960a8605861e12200e6db70fa1,1e487df122751fb4d58398579a83c59de7846d8500e2b6c485deb7cd2d2e9d5b,aed3d10f6a78850e,1,ACCEPTED,Baseline Ground Truth
andrewmvd,potholes189.png,andrew_potholes189.png,train,98b79ea83b50ded9843adfbee2785898,c6c3266288e95a5a9bcef2822b0bf3334acf9e67702b3e4f8742ed71a2831d2e,f2eec972ceb110c4,2,ACCEPTED,Baseline Ground Truth
andrewmvd,potholes19.png,andrew_potholes19.png,train,15ef3675e0d00231824975fb11c9a301,419a47b570d7d2349d04d4d70225c73e2acc0764c3deaddeb86c05ecb08f9d58,cd5959e0b1b1d456,2,ACCEPTED,Baseline Ground Truth
andrewmvd,potholes190.png,andrew_potholes190.png,train,29b2f00d8a8882f4c5ef64e0291c18a6,b40da4d28c5bca154607cdfc0ad8a44c71425eea6764b8e83e4a2866eb646d21,8c1c9cf0e30b8fa7,2,ACCEPTED,Baseline Ground Truth
andrewmvd,potholes191.png,andrew_potholes191.png,test,e3346bfb942bab9ee824b144a3b5597d,019907369526f4f4535d46b84c456b6b4f4924b84dafc05dc43eb0351644257a,d792dd0246fd0b07,1,ACCEPTED,Baseline Ground Truth
andrewmvd,potholes192.png,andrew_potholes192.png,test,49c4913a2899b69d21b0c7893a510f58,34f360c5c62c2cc994dcae30f2e6e65be893d69e3264721990c224c2f9a51027,8cacacacacbc9e0d,2,ACCEPTED,Baseline Ground Truth
andrewmvd,potholes193.png,andrew_potholes193.png,train,ad869dd958374c6063c07bcdf23b7a17,72f9b2c6ecf921d840aa7b5553e7035397f5fc923c41e297d18fd9b8557e84c0,c88367575f76488c,5,ACCEPTED,Baseline Ground Truth
andrewmvd,potholes194.png,andrew_potholes194.png,train,8a3a22c59dd4f9c04775778618ab48ea,3f2527537d6ef9c34bee7c4361e713db0d5947138d7fe10c5db2a42a91d7de82,87f4ddcc86217159,2,ACCEPTED,Baseline Ground Truth
andrewmvd,potholes195.png,andrew_potholes195.png,train,49b9b7a01df21694f942d150c1768b61,c93a26d81796ef44f88c7ca06229bf890300c37d1b2d0b73021d7629c1820a4f,80c0d8dc969f9d9d,1,ACCEPTED,Baseline Ground Truth
andrewmvd,potholes196.png,andrew_potholes196.png,train,b870edc7f678a6245c0b7edb690b7f7f,f48acc46060fe590d33862316f15cb9709603efabe8bb16945c20f222b6d34ec,95aa55a956bd4295,2,ACCEPTED,Baseline Ground Truth
andrewmvd,potholes197.png,andrew_potholes197.png,train,1d4e28bedb37d0b1b99f9dfc1d9175f3,90f4db30e82005a69d28f4d8278f2da40f4c23c78034333aea0825bca34f7c3b,d43c2379bca78790,1,ACCEPTED,Baseline Ground Truth
andrewmvd,potholes198.png,andrew_potholes198.png,train,aeb46f06f3759fb1d569d6e22c75c0ad,80ac65e21ace81197f1b921f7d0f47805e328b85e66f61001d4485e9c7a79700,8d4d0dadede9a181,2,ACCEPTED,Baseline Ground Truth
andrewmvd,potholes199.png,andrew_potholes199.png,train,e83cadb8bf55f3e6205f4fffa9c8afc8,c6f45b9eef396fd3ece44bc623b2aea345c5971235466376100c97732953a2f6,f4c4c74f4a7a6027,3,ACCEPTED,Baseline Ground Truth
andrewmvd,potholes2.png,andrew_potholes2.png,val,62cb42ed48d83a6cb784d123d0777e66,f1658cc1574b7017293803797cd0609391b1ad64a0df81b58fa386c8a4efd068,a6f08f9c3cb12366,2,ACCEPTED,Baseline Ground Truth
andrewmvd,potholes20.png,andrew_potholes20.png,train,a43e172bb372ee7ab4532e7999b9e85c,64fc087dd460a21a8ed9ee6ec4b6101bf474038ad0ff661cca96d553acaf9aa9,d1add49b29e0d49a,2,ACCEPTED,Baseline Ground Truth
andrewmvd,potholes200.png,andrew_potholes200.png,test,836127ba106776ad3e3e1dc3e5532eb5,66de11bf886fec08052a9c3eea3db36c7ecd63fa3c98a22d3b7c876781d4d90e,b2baab82b29391b9,2,ACCEPTED,Baseline Ground Truth
andrewmvd,potholes201.png,andrew_potholes201.png,train,3d24f28df7e1586600cecae1804c2704,69d7b3adc5b449b6bf6db216be4b56430b6a9eedd705ce467986d4eb6c7abe1c,c6a2be3530ec252f,2,ACCEPTED,Baseline Ground Truth
andrewmvd,potholes202.png,andrew_potholes202.png,train,dd8f1e56cce721013b87679499a762e9,0c45831b5d5257c98abc12984010ec23ae33a61280e0fc8c4fc1874d867a98fa,89a656d96c819aaf,6,ACCEPTED,Baseline Ground Truth
andrewmvd,potholes203.png,andrew_potholes203.png,val,3629cccb8e2434d4df01822bc7f95084,06507975bd9ac55c28c7e3d38e7862eb474503c6ea14622a7ef047526c723c10,abe8f0e37093c11b,3,ACCEPTED,Baseline Ground Truth
andrewmvd,potholes204.png,andrew_potholes204.png,train,5b8bed892919ea8b46cfb47384797bd9,750abf415a2a369b12fab2fe103c10aea13b97ffaa47d8eac2c1d867b79dfb74,95f94a9a84374b99,1,ACCEPTED,Baseline Ground Truth
andrewmvd,potholes205.png,andrew_potholes205.png,train,1d68e185c2335f6beff405226d15d923,f1980bdec112fc89208d13141da6c50edfad8017b8e9717604cd3f7b9c862d65,c613180fd98cb3fc,6,ACCEPTED,Baseline Ground Truth
andrewmvd,potholes206.png,andrew_potholes206.png,train,d5ae73cb5641bdc6ba2ac4e4049494b8,7c86cf13f8ee466bcb9a5b5424be135601fd3a8827b2dfa2d019780b58db4f37,acb2555c7649a26e,4,ACCEPTED,Baseline Ground Truth
andrewmvd,potholes207.png,andrew_potholes207.png,train,bcc860b88c7d050cdc167506f9241f6f,151d04b1ff768c6b02c38d9119c6f7f72b5478a4c6eb6ff4aa4eae61e542505b,cf31cd118506b7b5,2,ACCEPTED,Baseline Ground Truth
andrewmvd,potholes208.png,andrew_potholes208.png,train,4799120fac5be4a1ce5cca0eac132038,1483fa4d093af214ea2d3399b1166ee96a76b21639368c7b88ec1117cc6ee0b1,e4d9b8c132158f7a,1,ACCEPTED,Baseline Ground Truth
andrewmvd,potholes209.png,andrew_potholes209.png,train,d05b41bb0c424039f9a16b130cb63fd2,be78deba2b5c2947c39d80ce45639ead08517d96553fe4f398a705378b049a49,9c3e4f6a382e87c8,3,ACCEPTED,Baseline Ground Truth
andrewmvd,potholes21.png,andrew_potholes21.png,train,4c0220dfa5a734b0e08a41397f650bed,ab3d28055b8b7bdac41d2197aa9b10fb3d8428f5d8aef85dfb7b66c4b8e07a06,c765546b2514ddc5,3,ACCEPTED,Baseline Ground Truth
andrewmvd,potholes210.png,andrew_potholes210.png,train,13b00a29d3ef3c58fe004fb9bbd7b0c1,d16e28fc800f77c7a410df5a1d3d12f6f073491193a4d50cb081ae0a1713ed91,e7b4919ac68d9962,5,ACCEPTED,Baseline Ground Truth
andrewmvd,potholes211.png,andrew_potholes211.png,train,9e31e06625fcfcd8c72398ce3aa70e80,d096b846d5542e9e875b987737fc9bf6b687a0b97bf9c849f1a2ee5835f71a3f,d1d916b2a3a99939,1,ACCEPTED,Baseline Ground Truth
andrewmvd,potholes212.png,andrew_potholes212.png,test,a2116a90b2e926ec9aeb77ea80c01031,21944118532a04057e918f8593ad2eae6eee95f413b9227aafe0c2469e96fe1c,ea7582f992a86175,2,ACCEPTED,Baseline Ground Truth
andrewmvd,potholes213.png,andrew_potholes213.png,train,76455eca405054b1349732d924658477,7ed9151358063dcc4fbca8fdde7e980542b557c5eb1c0b46c2a8f7b694067a60,f0808ef666399d4b,1,ACCEPTED,Baseline Ground Truth
andrewmvd,potholes214.png,andrew_potholes214.png,train,8e659be39fe402ddaebe96fa26795b6a,19937ffec78fae8d2542dd0df60ed496f25c4f200625ac921dda0e7486ca116f,d40d6561f3f29e0c,12,ACCEPTED,Baseline Ground Truth
andrewmvd,potholes215.png,andrew_potholes215.png,train,6e360ab95f43608f8e2f32a9e75ab40e,78799091d25f0b80efd699fb3a16cb7c09bb4c1cbdb912b9ecb59556022b957c,b3bccce23208bf86,2,ACCEPTED,Baseline Ground Truth
andrewmvd,potholes216.png,andrew_potholes216.png,train,61ac8756ad6b40676bf5414fec431189,599321af646766aea53d99fb5e28e4e52a1e80079ef4e94dd8f07650464450e7,c18f706bc15f4a4d,3,ACCEPTED,Baseline Ground Truth
andrewmvd,potholes217.png,andrew_potholes217.png,train,b9c144cbbffa7409c488f4d059e462ad,bdc921737727d0a6ce19c7b5d9ac25ba8977269338b4d35c4427b9aad31c4828,d03979727ee08c9c,4,ACCEPTED,Baseline Ground Truth
andrewmvd,potholes218.png,andrew_potholes218.png,train,7030734a1140d65fea9496e1f816c358,f86b9d0a421772e3e40a3698e5ee65bd923173579b31813ad0a7be883e33eca1,c107d1c596b5b696,1,ACCEPTED,Baseline Ground Truth
andrewmvd,potholes219.png,andrew_potholes219.png,train,178fba66f29ed8bc0adcf47e95ee796f,44f7df5119429234f9aaa684709fc6692bbe1b1350fb795bf62add5c9421cf25,ed92ecd9f08c8343,2,ACCEPTED,Baseline Ground Truth
andrewmvd,potholes22.png,andrew_potholes22.png,train,7ae5ac2a78fef1d16bc623f8f2b5f707,d7a16ffae4a7a367b70b254eaab7b7fe9e1ad2474bde4cd340093a3c378c355b,d22d39b2b2272fa8,1,ACCEPTED,Baseline Ground Truth
andrewmvd,potholes220.png,andrew_potholes220.png,train,5334b7344b035e9d38388f5baac5e0af,7c4bde4fc521e3ff661c114ebe9bdab5d07f256b1a9c1787c3611c2a2cabbae0,dcc7b0cb4a318d63,1,ACCEPTED,Baseline Ground Truth
andrewmvd,potholes221.png,andrew_potholes221.png,train,7a7bc2bb4c865065645605049a5d28ba,84b9dbb9652c2770e8b0eb309fe2236a075a39c1e41985ef7169d98c695e4504,c4ce44c4379d3e3a,1,ACCEPTED,Baseline Ground Truth
andrewmvd,potholes222.png,andrew_potholes222.png,train,cefcf7f462528e946362cde8f86cb2fd,cc765b624080b3eefef65898e86a6c491682f54bdb5d982d49a419e3fbceba6a,d4d4d4f0e3b9292c,1,ACCEPTED,Baseline Ground Truth
andrewmvd,potholes223.png,andrew_potholes223.png,train,a9162f20eaacec155584233cbc9a1d49,2e3493f6509c92c352ab786ba812658c2184e39fb6ee8a94e25a6cfb3a1ac90f,d1944c2b378f5c39,2,ACCEPTED,Baseline Ground Truth
andrewmvd,potholes224.png,andrew_potholes224.png,train,805c35e94a1c11427515e6c678c948be,0d54329036ed05f37e24bbb5dbf42bfaf9bc999fdff3b256f641d9083d31ea85,caabab1ffa602185,1,ACCEPTED,Baseline Ground Truth
andrewmvd,potholes225.png,andrew_potholes225.png,val,f5e01a3a07c1c06d5781cdcabd8f2c14,b835bde66981317e11aa89a04cbc04acbb46f0653e345a54354d13ca5163cada,a6a51b64625b595d,3,ACCEPTED,Baseline Ground Truth
andrewmvd,potholes226.png,andrew_potholes226.png,test,caee451f9624399465d54edbb8dcbcb5,2544346edc9318e0051a7008f9c280adf90a4dba6b3944061e08d6dae94c5a6b,e6811f6e996a20bd,2,ACCEPTED,Baseline Ground Truth
andrewmvd,potholes227.png,andrew_potholes227.png,train,13015b7acd3f23fded9e03aa65f1152d,6ebbd7fe17aac4d4d1017f272b07cbf07dc9701d42cf2410744547cf720f4127,b6b5999c2d363131,2,ACCEPTED,Baseline Ground Truth
andrewmvd,potholes228.png,andrew_potholes228.png,train,326b0ed0845d33c209b16efda0132df5,f4f9cbd45e475dc89877ddc3cbc3287150a932208447211f7863364b778a5922,c9442537335a2dbe,1,ACCEPTED,Baseline Ground Truth
andrewmvd,potholes229.png,andrew_potholes229.png,train,cdde3de20573031fbce211e4e892111b,77d334085edab6f0b00ff64e9ec61ac82fb91cda71ffaf6946a17fb514565f4d,f18f8786a4945e59,1,ACCEPTED,Baseline Ground Truth
andrewmvd,potholes23.png,andrew_potholes23.png,val,b0635d5c126a62f51aa18d71630292b6,57f60512d8cfc5239567e528bdb7b2de385480c94c4ea2eefebb46798effd598,898097d95f6459dc,1,ACCEPTED,Baseline Ground Truth
andrewmvd,potholes230.png,andrew_potholes230.png,train,48f9c3b73de146b516e4210b8aa931b0,0ed359d1184c84831fea3f5d90b418709092b039fca3245f455459a5e66997da,f0fd97c3623c0e06,1,ACCEPTED,Baseline Ground Truth
andrewmvd,potholes231.png,andrew_potholes231.png,train,86a7dae1ad5d81c8442f54feb9b244c2,3072534a267956d7a235459a726d80f57b7bcb38c46e7385eb4da5e4521b39b3,c1ad41a9463c3d3f,1,ACCEPTED,Baseline Ground Truth
andrewmvd,potholes232.png,andrew_potholes232.png,train,1a04470f9aaed48aa6fda251ef710d61,09b252801f754c7f40c365ea200e6bb58e23966dfff42c1f032020ba923f80b9,c1914ca377ee8533,1,ACCEPTED,Baseline Ground Truth
andrewmvd,potholes233.png,andrew_potholes233.png,train,298b3199bd8801939cac917971a65e43,18b6a0588bb8950a5cc19ff2e8e6c191de60decfcba834cdfa3c3af1dc4e12a4,8ff178e96c2e1541,2,ACCEPTED,Baseline Ground Truth
andrewmvd,potholes234.png,andrew_potholes234.png,train,526cdb5f17add20924b2230a3182405e,5b511c40199ea58ff6943c9d7fb1f798947cd68790a729dc5eefcee6b5504e47,96225c106ba5bf6e,2,ACCEPTED,Baseline Ground Truth
andrewmvd,potholes235.png,andrew_potholes235.png,train,4bf6a157b217c6d1462c803f19e80f81,0310552eb7de743f53ba7b59fc3c24f09dfc86922241021ecc2496163968a4e9,d4c4d6cee4617c58,1,ACCEPTED,Baseline Ground Truth
andrewmvd,potholes236.png,andrew_potholes236.png,train,e30710ae4ec00445fd87397b72ed714c,43caa7ae9e2c54c1993ed4a1c552a2bbbf7519ddf03319e70766a2727e6d7250,93b091979495b597,1,ACCEPTED,Baseline Ground Truth
andrewmvd,potholes237.png,andrew_potholes237.png,train,eaec6787a1243e1883e92451710663a1,4a9b74e5b4f3c815f54e4662ed32a92e6e4e58938e8a1d14dcfaf83a65e8d3d5,d5d67423b117c235,3,ACCEPTED,Baseline Ground Truth
andrewmvd,potholes238.png,andrew_potholes238.png,train,173a887603913c42af0009a84ecdfff3,1485ec6af6b8c3064444f81dd6c9dd492e15537c8cbd1cf548fb0102f6fbd482,a92d15c9691de5d8,1,ACCEPTED,Baseline Ground Truth
andrewmvd,potholes239.png,andrew_potholes239.png,val,31fe20bcc5b5248e8834e1324bea2ef9,c41a4ff6101745a2fa83d4296bf66cffa822beb721511ca2173cf550fb666952,c6c15b47664d515b,1,ACCEPTED,Baseline Ground Truth
andrewmvd,potholes24.png,andrew_potholes24.png,train,80496e62fb29148ad8d762375e9ca2f0,b66289099b24b3f108068182d01fbda711c969cd4687688a1378ec1ae351865b,9694c8c9c7db6323,1,ACCEPTED,Baseline Ground Truth
andrewmvd,potholes240.png,andrew_potholes240.png,train,ac5dcebc7e37bdc53f4bd69530908096,4acb0a4c4c7118627717148da7562b8b3fa727ce5d34b68976b9edf0fc249406,f5f8e1413289e68b,7,ACCEPTED,Baseline Ground Truth
andrewmvd,potholes241.png,andrew_potholes241.png,test,976fb65d1e51b4e8eb1a4408a4c14e79,b69f598fde043fcca84a8ddc31328a0e1fcfb52a219b1bab4ee904cfa0b3e1a5,d1796a3e38bc9498,1,ACCEPTED,Baseline Ground Truth
andrewmvd,potholes242.png,andrew_potholes242.png,train,e2c00a67453ab4e58e9cef7f75c39635,51d3db2f1899fe1e37309a48223317405a39213bfc191d5dc554bbab80c592a8,dfd5d48494f85c50,2,ACCEPTED,Baseline Ground Truth
andrewmvd,potholes243.png,andrew_potholes243.png,val,7bd5eb478052b005d0d0879f9bf3425f,10a29b121932f3f4d99b377dee3ac2ad7678dee9a65f8d21b450ce3d145a75eb,c90d187f37929317,1,ACCEPTED,Baseline Ground Truth
andrewmvd,potholes244.png,andrew_potholes244.png,train,26804eba0d176615eb75263244979b4a,c1bc46cdb717ebedaca4886ed1a2de8b49baba15c727b37d2687dc52a8dd6dc7,cf53b0b04fc7a4a8,1,ACCEPTED,Baseline Ground Truth
andrewmvd,potholes245.png,andrew_potholes245.png,test,536105c5191c5343489eac2758875b44,46ee999daf0a5753c0bc07f7fc4f869e1ce5cf7e9f44c7a1d4968cbe8527c17a,d9dd5bfa60086a64,2,ACCEPTED,Baseline Ground Truth
andrewmvd,potholes246.png,andrew_potholes246.png,train,b73efe65c6df9fcc236758f1b5bf72de,b616127e46135f150fa8dbdad268cc8901fff9a51c01d84606aaf79c4ef975ed,86890d1f3ede98d8,2,ACCEPTED,Baseline Ground Truth
andrewmvd,potholes247.png,andrew_potholes247.png,train,17ede78505fae33e87959bc17d4240f4,11f6d7eab9d6360ac0ef8a4d04eaa4de23d2666d3203bcf86148f75731a10bea,8875979a67c718a5,1,ACCEPTED,Baseline Ground Truth
andrewmvd,potholes248.png,andrew_potholes248.png,test,6f8b1d589969cd7af44daf96d2c542f7,72b0fbec135e82e07824a461cd8b6afce735ceb87485f474ff08137f44aae9e3,90c473f8fcf20517,2,ACCEPTED,Baseline Ground Truth
andrewmvd,potholes249.png,andrew_potholes249.png,val,586e04734bdd35f5e8621d34441df25d,6cb323215227d8679b5b29ba11679867941fb55c4afcdb3d57f931401c603cef,d4ad8a5625670f9c,1,ACCEPTED,Baseline Ground Truth
andrewmvd,potholes25.png,andrew_potholes25.png,train,6be0a131dd250feeb8d2147025b07e55,4195b7a84ba667294ef6008b32aa2e9524840fcc0a90243178cfbeda38967461,ab74495cc9337742,4,ACCEPTED,Baseline Ground Truth
andrewmvd,potholes250.png,andrew_potholes250.png,train,f079dfa25db6e8ffbae6661e01f00a01,2a1d88c790b26f64f044d9945a7f8630e1fe3094e3b042713664b8d0359d6fa0,d2ff03703e1f04f0,1,ACCEPTED,Baseline Ground Truth
andrewmvd,potholes251.png,andrew_potholes251.png,train,9ee63d16f4561e679afd6744d4e0b6c1,12cd7acef73dc3f1cd3b9aae1aa57b17b90f04ba14ef672f15283592273900e4,833c013e63eea9ab,5,ACCEPTED,Baseline Ground Truth
andrewmvd,potholes252.png,andrew_potholes252.png,train,27edc535558a705ba90d372a84f8c935,c625b25e60f8335b88bb3e46c34a810f42118c13581b185efdeb51a2410ecbc2,ceced9a9110bb714,6,ACCEPTED,Baseline Ground Truth
andrewmvd,potholes253.png,andrew_potholes253.png,train,bbef245a7290d3f5e51b16fe6593c754,dda704ee64dd9a10aa352886f02191a8094190f78f54df8e41797d56a67776cf,ecf2e7941c696384,1,ACCEPTED,Baseline Ground Truth
andrewmvd,potholes254.png,andrew_potholes254.png,train,c3305cdae5fc49cd40ca64f1a5d28394,a8b81180c00c8ba5de6c709f275d4a085c2f65de71c573d724798e8450e085a2,d3d21201de99a9be,5,ACCEPTED,Baseline Ground Truth
andrewmvd,potholes255.png,andrew_potholes255.png,train,f9e08931d0dd6b5e250722c56c68e1de,8616671f38870e6c161f278c7384b066321c26f1f6437da90302e7822d848c4e,b13394a4a4ebc9b6,5,ACCEPTED,Baseline Ground Truth
andrewmvd,potholes256.png,andrew_potholes256.png,val,c08ce44367da3aa3cd91c00eac470b88,f75e7fece5025e7c9de4085261b26723387d9c112036a5ef7ed3c364afd656c9,a3dc176883ca7ea1,1,ACCEPTED,Baseline Ground Truth
andrewmvd,potholes257.png,andrew_potholes257.png,train,1fdd6284db6f7933e015726f1b4cb75f,12b29bbd23a029764b3592ca17d4ec5a2f46295d82fe9cbb7f7b302f2c655277,95d1d365ae123aca,4,ACCEPTED,Baseline Ground Truth
andrewmvd,potholes258.png,andrew_potholes258.png,train,bf48e2e68229718c8cccb88c4c7b1e5e,0d410c3d4e5504faac8a3d01df4bc85fdf3d8a95bf10c8e2dee717482444d77f,8c8c9edacb6365a4,1,ACCEPTED,Baseline Ground Truth
andrewmvd,potholes259.png,andrew_potholes259.png,train,4cbdbfb74e4a5dccd1e12d71be8ffe9b,24d20e13c7680bbf8dab62714647b974ffef76056d8d7b3ddf77f2ecaae649fe,fdc0c93dc0976538,1,ACCEPTED,Baseline Ground Truth
andrewmvd,potholes26.png,andrew_potholes26.png,train,082ad9b9303f576d71a610d53c80272a,d60eb499d65a3b591a0dbb6693a3225e2799ffdf5a8bab7fc3d21bc58834416f,acaad3d8c8cd6471,1,ACCEPTED,Baseline Ground Truth
andrewmvd,potholes260.png,andrew_potholes260.png,train,f8bc246351197d5da5e56c5fee26664e,d7cf90ebba8222aed4dc4ed0cb32f35518a9381552168162dc26d3345145f2b7,f1d7c40ccc30d13f,1,ACCEPTED,Baseline Ground Truth
andrewmvd,potholes261.png,andrew_potholes261.png,train,a7759ff8ad4b8364ee675677107a29ad,b2fb1c3550c216278fd6c1eb67ec79c323211fb077516bdbae43c7360312131d,8686a0f15978ecf6,4,ACCEPTED,Baseline Ground Truth
andrewmvd,potholes262.png,andrew_potholes262.png,val,db64aaafe3146114da807199d58b82d0,cd99568605b8cdcb44fc5e1ca2bfcb9ca83332289cb936631e2a660953d783d8,b595831939a7647a,1,ACCEPTED,Baseline Ground Truth
andrewmvd,potholes263.png,andrew_potholes263.png,train,0900b3d856406c0c993883ca6570fcaa,970036fc449853909c50e4785532dca8d1d7ac57c2508a21018f7500998988d2,90b6b597da482d27,1,ACCEPTED,Baseline Ground Truth
andrewmvd,potholes264.png,andrew_potholes264.png,train,aa19d8a9b825d93ca7e62f1f64894e97,84833d97d59548f316b7b230df379c8e1e5af492ab078364cfe3b606dffd9416,d4d4192e67d99c64,1,ACCEPTED,Baseline Ground Truth
andrewmvd,potholes265.png,andrew_potholes265.png,train,533b05e26e83e6952d69deead8a160cc,216ba7257d890aeb6218bea01f2e03011f043cf8f15ce6f0a33ffcc828b18810,c4c4515b76626d6e,2,ACCEPTED,Baseline Ground Truth
andrewmvd,potholes266.png,andrew_potholes266.png,train,70dcd992e002b829fa638a6d45b4c00e,f399864f5e3b736dfb3ac81c43f5f80c5e66b15804b74f1d862e7e867ed1b0a6,989a1978e0e3e9e3,4,ACCEPTED,Baseline Ground Truth
andrewmvd,potholes267.png,andrew_potholes267.png,train,39453398a9039189b270e193e10fff3b,5db0c5769016f6553e24d0ad4f8e330168439b40f90adf5ccce7be68c2cc9c9e,87f8f0e0703c1ce7,1,ACCEPTED,Baseline Ground Truth
andrewmvd,potholes268.png,andrew_potholes268.png,train,2b3a7431e3f638d81006dcb832d7301b,d90015778064723ea799efd97050585729ff844180d3ebe4ca93b42115fcc9bc,8dad495552527a7a,2,ACCEPTED,Baseline Ground Truth
andrewmvd,potholes269.png,andrew_potholes269.png,train,06160d98b8d21ab90b755545eb3151a4,275cc6f2dbf4749376f44c4fc5242c422f83dd76ebcce7a2a29c3e7a2e1bc7ff,82cc2ef375237a58,3,ACCEPTED,Baseline Ground Truth
andrewmvd,potholes27.png,andrew_potholes27.png,train,52d5c480019b95b651a4521c7b8e5da6,5ad13b99194da357ad1bd6e2879ca05590be7069298c3552f464d979a408ce74,b795d2c92d74121b,1,ACCEPTED,Baseline Ground Truth
andrewmvd,potholes270.png,andrew_potholes270.png,train,08f6bc3c156c8c284c793a0b0d1a15ad,ed299d67b2808994a1321db8b13b56d4bf3a8b634a715de8ea9d6f3af753b679,bc345619362e1bec,5,ACCEPTED,Baseline Ground Truth
andrewmvd,potholes271.png,andrew_potholes271.png,train,ae30ac3de7c36b031271704210e68580,2a0b012c0458374795d9dc4c355ac936e4aa7c47607a14e2442084b40a6300aa,873733b2b2c7ac21,1,ACCEPTED,Baseline Ground Truth
andrewmvd,potholes272.png,andrew_potholes272.png,train,0a689ea3aeb82485e5dd9353355e5816,843686be3c801ed5e97f421c157cc83b65b2b770052eb17715bfd0443131764d,e0b80fe1bcf19417,1,ACCEPTED,Baseline Ground Truth
andrewmvd,potholes273.png,andrew_potholes273.png,train,f77d492373f3d372ea82b192a2de9029,6e23e8088ee983c79d07eef6dd292bdb398e9be3fcf01a215cccda02aa47f4e7,d7032b3968f09a97,1,ACCEPTED,Baseline Ground Truth
andrewmvd,potholes274.png,andrew_potholes274.png,train,c367c7da23a342f646f4ec88de775e12,a0e876942f1d65ad41ba6200120a40a100665206b2369f5c63843611f4c63804,a4d354c3746873e5,3,ACCEPTED,Baseline Ground Truth
andrewmvd,potholes275.png,andrew_potholes275.png,test,02854008692901af2dc2b1df5fbfac43,2f1946c0130e5d397bc2db48ede5873de6377c888c2e4819aa5b68aaf84363ca,e6474ce6ccdcd019,1,ACCEPTED,Baseline Ground Truth
andrewmvd,potholes276.png,andrew_potholes276.png,train,e2952964b2e8d9ce74a046e06dec66e7,2cb8a8542f878fce56fe2fc4c47ced0a7b7d8ed6f874316268f0336ead93cea6,e45b96b0d9669931,1,ACCEPTED,Baseline Ground Truth
andrewmvd,potholes277.png,andrew_potholes277.png,train,6a9e7cb0ea2d0a950349cc305fcf2045,973abf336ed8d3787eb4fbd01dd10a8228b3e31b1350931a40e318e40a8ca4a7,958545d53f91863b,17,ACCEPTED,Baseline Ground Truth
andrewmvd,potholes278.png,andrew_potholes278.png,train,676f614c7dde209576df572061e9966e,7145a23a2eac4eb735c9412c3c1a9f72b001a35f2282ffd2257568409b7f0a35,88235bd25adb59d8,1,ACCEPTED,Baseline Ground Truth
andrewmvd,potholes279.png,andrew_potholes279.png,train,9077055deaa24c2abd9cd7d1de7fe20a,cd0889db7753c08798d236ea5f67b9e0cafa88dd213aa1e4a7eaa66983bd8144,95001f7cf8f07179,1,ACCEPTED,Baseline Ground Truth
andrewmvd,potholes28.png,andrew_potholes28.png,train,25f7108db243cabb39ce776b95bb0821,7b4c6e44e6236e5f7653d80757fd52879ed814925c3368d4c2fcacf8d94a41eb,c7c79a962567622c,2,ACCEPTED,Baseline Ground Truth
andrewmvd,potholes280.png,andrew_potholes280.png,train,4251ba8d7a3ab7525a7ea8ccca9d5b4c,6448b5b68d8127ce882fab76e6a3c55990faaa61869284fbc34992f0ada83744,a2d49d9a2c33769c,2,ACCEPTED,Baseline Ground Truth
andrewmvd,potholes281.png,andrew_potholes281.png,test,d11d268ef8cb4eaaa4b400377e6bbb34,89d1ac84fca3f50e272e26b98e36b51e33357211cab974c6753d176235e4ae6e,a3c65a1ddd9245b2,3,ACCEPTED,Baseline Ground Truth
andrewmvd,potholes282.png,andrew_potholes282.png,train,d9e47c6a08263101e140b978d79da753,7aa8d4435c4cfa4be71c8fc47e2a1d071235dd09fab8c2937f004c044bf3ec9c,b4d45a6ba194d6d8,1,ACCEPTED,Baseline Ground Truth
andrewmvd,potholes283.png,andrew_potholes283.png,train,20c6f8bd52f37d6c22f06d71221e2b50,eb1a411d973dd04956c4f9fb931298705ebd1f6f9ea8ae1fd53400348135ec2e,90ec9169b5dab4d1,1,ACCEPTED,Baseline Ground Truth
andrewmvd,potholes284.png,andrew_potholes284.png,train,7f67608595cf10c7e2eff5ece5a2caee,164b75028eb8772c1823bad6fadc0be066f1045ea22177ca0f2d6ea1162c1f12,a2d72b9214b2b357,2,ACCEPTED,Baseline Ground Truth
andrewmvd,potholes285.png,andrew_potholes285.png,train,80ea78c0677f5b43ba77bb77a9f2dccf,7da398285e68b97bc1a824c28b3e552f01e063969366c541a32a6e0205aec852,d7bff7c7a5808080,1,ACCEPTED,Baseline Ground Truth
andrewmvd,potholes286.png,andrew_potholes286.png,train,40a00acd0487a7d7b5dbc4f72b90fc99,337d7694dfad8322d3d693e0a797c5da3d00faabc41f92ec9948247ad1caed42,b15d5949197346ea,1,ACCEPTED,Baseline Ground Truth
andrewmvd,potholes287.png,andrew_potholes287.png,train,7170a4c44f578ed4e2e6049667b76123,13b90af334f42e82fc7cf24b1d4a4be00d653dacba2b56bcd99bc927d8c05571,d15a0cc47ab58edc,1,ACCEPTED,Baseline Ground Truth
andrewmvd,potholes288.png,andrew_potholes288.png,train,7316d3539d76a43f6b6ca9fddb63465f,08cd945b9313ec4e3d582f5b395043fa7ecf74876c6c15cef2c145e4f6be4379,bcbdc3c21c2e65a2,1,ACCEPTED,Baseline Ground Truth
andrewmvd,potholes289.png,andrew_potholes289.png,train,d65515010d86184b028e45ce23e92072,e2920e80b4135d4e1734ca2aaaafccfdcaf055a53c0a8218b803a7a9595b56cc,a2dace612937992d,1,ACCEPTED,Baseline Ground Truth
andrewmvd,potholes29.png,andrew_potholes29.png,train,5a2df9b064d3cda446553b3c9eade62a,e95d45a4d0b1ddb5f93991f4b81c72868a6ee75f590745efb67e26ec06a14426,dfffd9c060607038,3,ACCEPTED,Baseline Ground Truth
andrewmvd,potholes290.png,andrew_potholes290.png,train,ea9ea9a8330701e34b58c9ffb4acd8b0,c59c806e424db46098d3e33343791c969ca6226cb26a0af93a6f6b07f004522a,873970473d293b33,1,ACCEPTED,Baseline Ground Truth
andrewmvd,potholes291.png,andrew_potholes291.png,val,3870c1af945cb243b0453deff4e5f998,f6ab583653958d92ed0b8847631b503e33a2c7e509ec4f9fd42271696ccb4f11,b086c39d9c73e3c4,1,ACCEPTED,Baseline Ground Truth
andrewmvd,potholes292.png,andrew_potholes292.png,train,d95a7fef3cc8c356bf05252d3ac3aa67,595679f93ef7e22372944005f4e540f960f76c706580e4e28d71bd75d2a2cb57,875e41474b2e2fa9,1,ACCEPTED,Baseline Ground Truth
andrewmvd,potholes293.png,andrew_potholes293.png,val,00ab0fba56fedb6fd136c4ab319f3c27,6b923d884d183c0c441ca626307f9ae0dea7b8da7adfb0e510dd057d5c0fe442,81fdc41f2c72c395,1,ACCEPTED,Baseline Ground Truth
andrewmvd,potholes294.png,andrew_potholes294.png,val,eb9b7499cf0c902a9af57b2d7381b221,f842ed5fc2baba0eed41eb547a03cc907a02a7161804ad85a8d2fc54886a0c3c,d9cac9dccac0ccf0,18,ACCEPTED,Baseline Ground Truth
andrewmvd,potholes295.png,andrew_potholes295.png,train,7be1d5c603c1b8359cc4bbebe32d1233,543b4498e75ff497f06ca258149d1c923929c4b54e61f2209354fa01abbf80ef,a3e40eb1ab6447cd,3,ACCEPTED,Baseline Ground Truth
andrewmvd,potholes296.png,andrew_potholes296.png,train,7dd265d349501044c3836c2b3464c872,1869bfa522d6bb3f180bb63a5769cda7206ad71dbab3fc1c1a028d75d2099fc8,98431d1a6c7db5b4,2,ACCEPTED,Baseline Ground Truth
andrewmvd,potholes297.png,andrew_potholes297.png,test,f3cda8bb7ab9a526ea62980aba831b43,1faec022d68636b90a050b16b0c92c9f8b4581fc21fab1440cd93c6f89eb8925,e58ee46d25d281f8,2,ACCEPTED,Baseline Ground Truth
andrewmvd,potholes298.png,andrew_potholes298.png,train,743484bae72852d3d61f4f53943a01a0,0cba8b0429cccb31df8c6f1662084d45f731a3c427c8510e343db17088f583be,9df2cc62720a393d,1,ACCEPTED,Baseline Ground Truth
andrewmvd,potholes299.png,andrew_potholes299.png,train,5111767622e532e5719992e229a8caf8,5e5f893e35f8485d3838101c6197c63a9730e715d293e5c2b6f63cea4b79647c,f708972a033f7b30,2,ACCEPTED,Baseline Ground Truth
andrewmvd,potholes3.png,andrew_potholes3.png,test,dd621f76a13f86d056f815c58445e55e,4798e73cd02d852905f72fd409f2b105f7692507ae117dabd8e5f4e1a2de84cd,be56546a4257b4a5,2,ACCEPTED,Baseline Ground Truth
andrewmvd,potholes30.png,andrew_potholes30.png,val,5126ec71618db82f36f4698364dba3f9,4b6c6463ec6d1c8cb9e1eff97c7b5c0327a2a959b03bbdfc94bb2769fcd7b090,f16ace91912c786b,2,ACCEPTED,Baseline Ground Truth
andrewmvd,potholes300.png,andrew_potholes300.png,test,7e7ca49707ad0f1a2d26cf2e6015047f,0d5995f0f8339109e6d85e50abc994fc16ab3ae0d897e50429ab60e57da140aa,96b17c967cc41bc1,2,ACCEPTED,Baseline Ground Truth
andrewmvd,potholes301.png,andrew_potholes301.png,train,041d5d40a099cb15fb7c54a5e79db2bb,fb7751bbb85dba2063e6c1374d23864e86ebc2a48642b0d0620995079162bb6b,d152686e6937725a,5,ACCEPTED,Baseline Ground Truth
andrewmvd,potholes302.png,andrew_potholes302.png,train,1665b53318c1b9427fd18bd985b0fb36,0799187fbcb5f0a1859c56185075a0a49b4f6b791fffc2efed9986db22d1c247,819553df096a27ce,3,ACCEPTED,Baseline Ground Truth
andrewmvd,potholes303.png,andrew_potholes303.png,test,021ee479c60721d35d121bf659f9258a,db716e2d913545e956628e1396a41f965bd3c980bf888d55caaf88e58a1d7d16,c3c71e3c70b81d1b,2,ACCEPTED,Baseline Ground Truth
andrewmvd,potholes304.png,andrew_potholes304.png,train,4f80a8559c8a540fe033cfd4d4f41fe4,cd5cfc9a707bdb78f48cabc13e789c71b71d419da3f6cc4e92b1584f80d10378,c44e5a496c662f3b,1,ACCEPTED,Baseline Ground Truth
andrewmvd,potholes305.png,andrew_potholes305.png,train,f98a5e3045bcb56d31a56f90dbc6e151,a74fa421b35f4f6dcba836324a19de9f333213d804e21c0f5359639264dce53c,d614d5d1565e4672,1,ACCEPTED,Baseline Ground Truth
andrewmvd,potholes306.png,andrew_potholes306.png,train,d2679c47024a890fd9d50204999f572a,9dbcac585e928ae404184a7f051d533f4c8cedbe4dc35df8f34cd105bd6d23f4,d5fa09971a55718c,1,ACCEPTED,Baseline Ground Truth
andrewmvd,potholes307.png,andrew_potholes307.png,train,cdef955663471a725b39b361c73fd1ba,0a15ad469da645272e4efb0254c273af83da98edb7994209e7af2555431d8aca,c3b9e4820ad3cbad,1,ACCEPTED,Baseline Ground Truth
andrewmvd,potholes308.png,andrew_potholes308.png,test,ebb8acb94e41102e41f1cc7b1e5b531d,60f9a86235427bbd2466e169c7ee1ce40b885a390a573739cb1364f42a631e5a,c4b4606771475e9e,1,ACCEPTED,Baseline Ground Truth
andrewmvd,potholes309.png,andrew_potholes309.png,val,7cd92be5ab3a73b47c2b6b23e570b8b8,99d2d340dfc75005e00b06c94e5ee1a3e698ffba4d3e4cd87ecc7b4f777ddc39,c05dfc446eb0b54d,4,ACCEPTED,Baseline Ground Truth
andrewmvd,potholes31.png,andrew_potholes31.png,train,744bf3e079515247b83dc53d542da6f3,f6d1e3085f7edc6c1981de77d7efaeed9f8ea142ab9a36c537d96e46bbdc2e72,9499132f2e1f3935,4,ACCEPTED,Baseline Ground Truth
andrewmvd,potholes310.png,andrew_potholes310.png,train,057dddf009b7a97dae1b565c0662e1cf,108b19fe693c72b5ba3960ba35710226c6dbf247b3bbe23a85b5ea86c591f0c5,f3a6611ca3ccac5c,5,ACCEPTED,Baseline Ground Truth
andrewmvd,potholes311.png,andrew_potholes311.png,train,0ea7dfb470b48bbf28afe96fec417c26,5dcd4d1c09d972615cac0a1ea6da8d0f19ec4ba2cf67d2930e66ef8b41678dc9,cec20e8b818d77e5,1,ACCEPTED,Baseline Ground Truth
andrewmvd,potholes312.png,andrew_potholes312.png,test,24c5ce69d6a9736606ff91e00aa91b59,c00db8b3c0d8ef46d362714dc41689bb3908f106f8bc43676c5e701c5db0675a,80d17fbdc061fcc8,1,ACCEPTED,Baseline Ground Truth
andrewmvd,potholes313.png,andrew_potholes313.png,train,b20b0db87734ad5aaaff498342d2bdb1,cbc3fba4130aa65cbd0ab5475f1596f4b57bab22bdfcb981c2b759c8410c5069,f3ae0b7012537b0d,3,ACCEPTED,Baseline Ground Truth
andrewmvd,potholes314.png,andrew_potholes314.png,train,0f79c9d2a893a952a432ed9e9d9cb4e8,c93b519640e03cea89ff8a97f5b3c4949f11e5cc994699df58fda5187134fb30,f53925c786865a5c,5,ACCEPTED,Baseline Ground Truth
andrewmvd,potholes315.png,andrew_potholes315.png,train,b7a185d787ea277c42e9fa6fa7e13f17,1d6d12f200f20f66d4b4e4144114ab790db1631095352551d3fe2ddbc8aaaa9a,958af4470c3fccb1,1,ACCEPTED,Baseline Ground Truth
andrewmvd,potholes316.png,andrew_potholes316.png,train,c9ace9f109d4770cc953f97519c5d413,c3daefa569020a81d5f844d614ca77830b196fd8d4fd4a667c689701967a1094,8ab85ca3470f0f1f,2,ACCEPTED,Baseline Ground Truth
andrewmvd,potholes317.png,andrew_potholes317.png,train,bfbf3252c4c400dd3f6883a8f06b7cd4,b68f9a1ab5457aeff805aa727da958ba90352bd0063c884e5419bc73e9462da6,e6ca2b873ab44ab8,10,ACCEPTED,Baseline Ground Truth
andrewmvd,potholes318.png,andrew_potholes318.png,train,2b87215ac7b578c99bc9009548b23b50,1d08818de3e8d8fa038abbea960117184e038433382c829dc5aa91afd2fe05cb,81c1636d3a2bb597,2,ACCEPTED,Baseline Ground Truth
andrewmvd,potholes319.png,andrew_potholes319.png,train,cadea13a4f1b102e576e9fbd539a83ee,f159ebaf0d89fa6070f0471f47297d7bd4b3eed78b113e21afdfd4a8ce7c3d2f,8182071f3f7e7c70,1,ACCEPTED,Baseline Ground Truth
andrewmvd,potholes32.png,andrew_potholes32.png,train,b0338e84a99a28ed5f4312e3bc4dec48,a36ec2b4cd7397ed8703feea12090ae42d527780a5b34da52509634716346772,fe90009892b9bf9d,2,ACCEPTED,Baseline Ground Truth
andrewmvd,potholes320.png,andrew_potholes320.png,train,74629349fb8f1724708f64f42dd58809,02acb55283016f8e420d4fb41e5454896d3c44e27056837faa195bf100c49009,fafe4c3c14171515,3,ACCEPTED,Baseline Ground Truth
andrewmvd,potholes321.png,andrew_potholes321.png,train,aff71e425e6173b92e16bd0d74f3c2a8,6ecba938eb571d9ed4efd0babfff7883a4f048447e871f5b0dadf8ed52365163,d4a9e2457bf0e1c2,7,ACCEPTED,Baseline Ground Truth
andrewmvd,potholes322.png,andrew_potholes322.png,train,ccfc55ed09d81ab818a6a19821a9b4fd,97c1c1461a3e79dc5530f9f3916a0b1806097d06c89d437a36f1bee27aa3df1c,a2eed285894a7b1e,2,ACCEPTED,Baseline Ground Truth
andrewmvd,potholes323.png,andrew_potholes323.png,test,edef49d534d5fa9e2f810cb3b86d8241,b4e306688d18ea6779b178c79017a0a4b7efefe79dcf57ac0af89c7a0cca02b2,bd801e2c2dd69679,2,ACCEPTED,Baseline Ground Truth
andrewmvd,potholes324.png,andrew_potholes324.png,train,097f4bf2042b52b2cd05cf00cddd2afd,27b3695f7b77b5c7ffc32df78c70b8e48bd025c4c55c8c8fc1abb51e5c7c5df4,d3a5abfef8702101,1,ACCEPTED,Baseline Ground Truth
andrewmvd,potholes325.png,andrew_potholes325.png,val,728b99b6a3de19ccc4412a638c0ea1eb,2e8df8266789dc119b5d7ff40f55626101de6fa8a5487365f0ff5743a83f8699,efa17086c39ecc38,1,ACCEPTED,Baseline Ground Truth
andrewmvd,potholes326.png,andrew_potholes326.png,train,d7a4fc332b007017693c3990be02b509,566f73145863df2525a61e603f01a25e1d5fa753218d19df2837b8b85d1a2af8,b4cc9b6564962b1b,1,ACCEPTED,Baseline Ground Truth
andrewmvd,potholes327.png,andrew_potholes327.png,train,a6c27993fc8ce52e0fe41f02183eb14a,6eb14b42a1a12339c33c8db5530d5329cdfb3708ba12caf968530c83bacaab10,b23153fe4d84daa8,1,ACCEPTED,Baseline Ground Truth
andrewmvd,potholes328.png,andrew_potholes328.png,train,b5f41fb06ff7da727912a6e58692ea64,aab7641b2e5f3830f18635a0eaac1e98a3f03744fd329724d65f67444739b171,ea96859a1d49caec,1,ACCEPTED,Baseline Ground Truth
andrewmvd,potholes329.png,andrew_potholes329.png,train,64fbe6d43a9c5e18f9e134dbd859d5b3,16daa13e712b59a87bc4bdf74c73edec5149a306b99beb8601197154821ec8a3,b9a939b9adb4a430,4,ACCEPTED,Baseline Ground Truth
andrewmvd,potholes33.png,andrew_potholes33.png,val,4f4bb40ee003ce969240bdf06568afc1,37b3f5cc0d57b3cf2d843973c255206f527a8ec717223b1b332840fff2a08af2,d5d0272d2d3b829e,2,ACCEPTED,Baseline Ground Truth
andrewmvd,potholes330.png,andrew_potholes330.png,train,8e2fb005f12e221e92d32e06ef8d728d,58861ad5ad37a261eaa3b7d0ec80cfc96c8b3f672b6f462518688ae7e1764ac6,80034ead977c6f96,5,ACCEPTED,Baseline Ground Truth
andrewmvd,potholes331.png,andrew_potholes331.png,train,9abd665660a0b4cf272393c2d816db63,208c8b186264148378bd17ccdea687c53cda2f16fe255b8af22c4283276031c1,f9399e47032a69e8,1,ACCEPTED,Baseline Ground Truth
andrewmvd,potholes332.png,andrew_potholes332.png,train,d698ef7c95ab89731c6a402d2c88d3a3,f69742fc9f4593244d102119551fd54a3aca0e3621649d50fab60336b1e4931c,8baa2ab28c99b5d9,3,ACCEPTED,Baseline Ground Truth
andrewmvd,potholes333.png,andrew_potholes333.png,train,43b3929f5379bc69e7813e118d4c40c8,0f89f62c56a49bc23e68a13d439947b5ab0177305739c9cb5d6a25a96080d079,804f4fc63f68e417,1,ACCEPTED,Baseline Ground Truth
andrewmvd,potholes334.png,andrew_potholes334.png,train,34134b8aa574524109235769dba2247b,487e415283bb9fa14842b3bfce36e360464e4349c77a18c379bf2c10b5ea59aa,91948d93f2e24b5b,4,ACCEPTED,Baseline Ground Truth
andrewmvd,potholes335.png,andrew_potholes335.png,train,81e3f1d668afb4e4512a8857bf31c10a,3d38ecfb675b9369689d60f3e9a6db39ea307c4c95692893d9562d94fbc2e398,dbf064e48313e764,2,ACCEPTED,Baseline Ground Truth
andrewmvd,potholes336.png,andrew_potholes336.png,train,994d500de10eb4f26892c5ee18589227,f430b3a1e8f5106ce423e5fe7e30b18cccc24e83e4d1da1ae655c129ba553069,bec2bd8460349dda,3,ACCEPTED,Baseline Ground Truth
andrewmvd,potholes337.png,andrew_potholes337.png,train,a02448d841426b879da571e15af5f132,b6d8f72ac8fd80de88088f0758e16c732428389493317fcddd6777dd90f341ff,c2f6d4c51d28c9ea,1,ACCEPTED,Baseline Ground Truth
andrewmvd,potholes338.png,andrew_potholes338.png,train,b5a5ac4097348c32d675a638198bde49,2e810421058914d08422755f36d094d459f2cabd1dc97fc13178c5204509e735,ebd75b60972a0784,4,ACCEPTED,Baseline Ground Truth
andrewmvd,potholes339.png,andrew_potholes339.png,train,a2616b342227d9cf6cb430bec9b1f14a,e9cdaa63b1fa5f30b52f9ade557e26e04d0a4b05e3a7b0bb684734f52fa28d3c,d4a44a160d1e7dfa,2,ACCEPTED,Baseline Ground Truth
andrewmvd,potholes34.png,andrew_potholes34.png,train,3e5cdbe8604805bb68ccab150517fc7c,0468c0d76629a3f4f2e6f147163af30a32282368116647c1dbb45479c8151754,d4c609946b269bbb,2,ACCEPTED,Baseline Ground Truth
andrewmvd,potholes340.png,andrew_potholes340.png,val,0ed76fcc01f0f9ae9891b74e131820d2,b6d1bdb5df8c8738c81a73149d682930edff5bee6ce63378b70d059ab8f94cc5,916c361b686d55da,1,ACCEPTED,Baseline Ground Truth
andrewmvd,potholes341.png,andrew_potholes341.png,test,6145399bfac7161af5a9b1d05343be24,cb368ccd1f1eefdfc3e0e136ca5de2ba70fa3f5c20a5413fc4de9475ba7453c1,c8c973ded0872e38,1,ACCEPTED,Baseline Ground Truth
andrewmvd,potholes342.png,andrew_potholes342.png,val,54ebaf450d1d8d844059c6e6c9f3dabc,d015d26a49c1cf42798912bf3e295da1226b25b3cec531811032cd742b9b7497,b843ceb0cada632e,1,ACCEPTED,Baseline Ground Truth
andrewmvd,potholes343.png,andrew_potholes343.png,train,e902620dd557532492d3f55b3a88dce2,2144dcb1426a5573334b4907ce855782b2e521d92e7e832ce5a0989d71cc6ff9,dad90d3c3053dbc2,3,ACCEPTED,Baseline Ground Truth
andrewmvd,potholes344.png,andrew_potholes344.png,val,b7a281aa2601bd863b0561aa2adfa993,873adc0619369fb72c35706f49fa89e644ccc2cb5a43948b3bbc8e67a43ea153,f0184d7c3c35959d,2,ACCEPTED,Baseline Ground Truth
andrewmvd,potholes345.png,andrew_potholes345.png,val,561a75b942ed9eb500039db3a1192da2,6f33da82c89b77a72f4044a3c027d6dd01fd3e9c226256a2d228df4da6c40e80,80ff07006dfc75e1,4,ACCEPTED,Baseline Ground Truth
andrewmvd,potholes346.png,andrew_potholes346.png,train,d42d6f37debc63e1e927d21ea146f796,31990278e1126b8b44bf9947968a657da533b214888fadfb74a8bbdff447878d,d3272db0c798d073,9,ACCEPTED,Baseline Ground Truth
andrewmvd,potholes347.png,andrew_potholes347.png,val,c735e419442c403304ec03603999da12,a90e141415d6b8f5b244d54620bdab787f1b5e81d20de3df7b7e720014ca08ae,fe0288c9e66c913f,1,ACCEPTED,Baseline Ground Truth
andrewmvd,potholes348.png,andrew_potholes348.png,train,17de921da6360050011ae2c84357a222,37c2b5fcb577246671f099582e321421fbf11f15348f05958f3b79325d6a165b,a4292d29317b4e7e,1,ACCEPTED,Baseline Ground Truth
andrewmvd,potholes349.png,andrew_potholes349.png,train,2b44a2e865cdfb9fa31532b5f5ec1463,af8fa92790be79c7d146246d1b951e70b88a7ff869ed0296386246bb8286542f,d32f5d5151d8d898,1,ACCEPTED,Baseline Ground Truth
andrewmvd,potholes35.png,andrew_potholes35.png,train,e41450d88e06ea8c91d3c617ff434b28,ae4e07d16e485dc26ed80dcc5faef89af6bf59c283cc805e533aca5d253c7a12,d0dc8ec4ead1b44d,2,ACCEPTED,Baseline Ground Truth
andrewmvd,potholes350.png,andrew_potholes350.png,train,68b0406ef72842ea73ac54ad4b528a36,98bca68685125c7f9d81310923a1a4098c63d18224cefd8925cd43ee5f1b7072,9d8af3db4c4cc960,5,ACCEPTED,Baseline Ground Truth
andrewmvd,potholes351.png,andrew_potholes351.png,test,7e9d3849c5746d767ee8e0fac3969b48,0164f2c421dad2ab6a4b97334a01869cdd0e07c569db95dcc5ff7baa348f807c,86df55c440c7dcb8,2,ACCEPTED,Baseline Ground Truth
andrewmvd,potholes352.png,andrew_potholes352.png,train,db6c4d7a925afe0df5610599d27a810f,87ed4c8802f78e50b00857d93e86d00b5f2f485dc61b2d02bcdcc9efafaba36e,ccc097b9b34f0c53,1,ACCEPTED,Baseline Ground Truth
andrewmvd,potholes353.png,andrew_potholes353.png,train,e34baaa04cec084bc81789ce9a1653cb,65c85af9bd5dded07b4ed7c728b1a3f2e8c86c96b1517221d0c7dbf5b725766c,f26f1c3207b4e293,3,ACCEPTED,Baseline Ground Truth
andrewmvd,potholes354.png,andrew_potholes354.png,test,07455cb949a0c02c23eb86d2a786139e,2aa18f139055d344a746e73b546a286092d415369e0b87e6756e7f5cbef05408,fd8671e6600f90f1,3,ACCEPTED,Baseline Ground Truth
andrewmvd,potholes355.png,andrew_potholes355.png,train,eed393b44259e074cc6dd38b5a20191c,1286b7cb34d4e9d89ad8d9c445230b872547f989ac2462174a1755f18c0afc25,bde493ec84bd54c0,2,ACCEPTED,Baseline Ground Truth
andrewmvd,potholes356.png,andrew_potholes356.png,train,4047b303d8b4ffd164c8b61e9130cfe3,6b5b29b22a118f3add4f518fb69d5e9d18ead84afa7184cf52c0a1f1edb1c73e,f8fa1a7868e2e4e0,2,ACCEPTED,Baseline Ground Truth
andrewmvd,potholes357.png,andrew_potholes357.png,train,465a8df390eb91ca9fa6eb391f8e65aa,d96b05a717a5424f647e432c7e549ca2da9a068ce10cae04d02c59c696f40144,d8665772cc99c299,1,ACCEPTED,Baseline Ground Truth
andrewmvd,potholes358.png,andrew_potholes358.png,train,3f6eae20b61527f66d6ce47a146e14eb,10bc1d5504e53c7e70d98a59225ef71ca90cc718db112940ac379fb8df5ec51f,c5d05975606b6de4,1,ACCEPTED,Baseline Ground Truth
andrewmvd,potholes359.png,andrew_potholes359.png,train,613d6114fa43890269a8a54dfc01e287,9b3d3619f07fe59fb4d02ba1f09a95c8b4ec325912c263985d2e7dd70f9cb01d,df8498b6c8c7d348,1,ACCEPTED,Baseline Ground Truth
andrewmvd,potholes36.png,andrew_potholes36.png,train,f589fa6d8e34004e524d9865cdcbb439,8841cc9a6cd07077b2a838f17ea2a0e524087f908d2babf82a720391c8ee6acb,e315152ee8f0d18f,1,ACCEPTED,Baseline Ground Truth
andrewmvd,potholes360.png,andrew_potholes360.png,train,1bcba38c9445e9dfe5777dfc64274a42,f1d0d90e545d62884c4050cd97bf8f6d7d146a1e5bf40ce88c56c089b7933915,809f629c3dc7e0ad,2,ACCEPTED,Baseline Ground Truth
andrewmvd,potholes361.png,andrew_potholes361.png,train,8fc7f56e4196f911ffcc76491de0df84,e550fce4e8ef9469f21b0c16ef7566e559b971269454ee5635176a2c99ec4b1d,d2a54b5619b73a52,1,ACCEPTED,Baseline Ground Truth
andrewmvd,potholes362.png,andrew_potholes362.png,train,d368cf2010780ce508f8efcf3ad33fec,903a6fcb3ed141feaa3aba9f1172df5eaf216e1750df1b4de31e4e97deece8be,a83aad45d6bd1a68,8,ACCEPTED,Baseline Ground Truth
andrewmvd,potholes363.png,andrew_potholes363.png,train,e8882534512d7f43ca98e861c841a58e,1498eb5088f6383f0bbde6d5f71f7da6a1190ddabcf532a20296fadbb957823a,d1cb59e164c6cc9a,1,ACCEPTED,Baseline Ground Truth
andrewmvd,potholes364.png,andrew_potholes364.png,train,aff4f1a1776bb2be9ad153cefbc1e038,306d6a78007289760a53b7935ac42a6735aecf70d53d19913915581c0f1a04b2,c89b5b415555465f,3,ACCEPTED,Baseline Ground Truth
andrewmvd,potholes365.png,andrew_potholes365.png,test,0ead7f1928edb8ae9e0aaa6fd11570cd,87f52b73985505757f09b2c60eda84f05e4541f96b229d8f0a7d9554c484acb0,9439c3c3353ce4c7,1,ACCEPTED,Baseline Ground Truth
andrewmvd,potholes366.png,andrew_potholes366.png,train,bd01bfe8ad90b0341dae0b5f55fcc858,5a61c0150f7bbd03c4136a297322c67d6b20f610333abf7150a4971574f3832d,e4ac8e9e98999999,4,ACCEPTED,Baseline Ground Truth
andrewmvd,potholes367.png,andrew_potholes367.png,train,a1c15e41892109d9a7ff0606a0532e8e,2abbf8924f4c8e761fdadc1530509d78088ff2f10795e92ee785c5dc52dd4010,cdd7d7c587838121,3,ACCEPTED,Baseline Ground Truth
andrewmvd,potholes368.png,andrew_potholes368.png,train,9fe6be98827382e84cc68cf20f45f00c,883aa3189b1ad3737c20f2af7f284373639e8d304031f875f7f17dca8b49407d,941515367a6aedc3,13,ACCEPTED,Baseline Ground Truth
andrewmvd,potholes369.png,andrew_potholes369.png,test,2c997164ebd5903fba7382a4838e62db,93e4e3f8422b983180f482e62e40c543406e686afa2668ee8e305666ea226737,fc825e439991d1cd,3,ACCEPTED,Baseline Ground Truth
andrewmvd,potholes37.png,andrew_potholes37.png,train,ab56f0c5fa50595842daae261ec3273d,a46ab0e0ee0938c8ef225f4657f25152fc1f1ad583a06d9692c1ba34035cde96,85ab7ce1cb4a7cc0,2,ACCEPTED,Baseline Ground Truth
andrewmvd,potholes370.png,andrew_potholes370.png,train,e32028c42fe879bf6d9569eddf691f45,51322b1ea0768e706b34db5a4fb2ad12078ed98ac645124345b1c354b6b5284a,942434e4e5b4a7bd,5,ACCEPTED,Baseline Ground Truth
andrewmvd,potholes371.png,andrew_potholes371.png,train,1c038b71b3b6cb06c876f4651426eef1,b52976192cbba007c418cad4074183f5879ea50b1d6f2e12f4a760da6e14432c,b0b1f8d0f2a34787,6,ACCEPTED,Baseline Ground Truth
andrewmvd,potholes372.png,andrew_potholes372.png,train,96e2e9d8113549ca4d36695e266997ee,1b0421c0d98e06fe44f93fbff95b47596866522afbdbd84c367da5653b841f16,971390f33363c39a,1,ACCEPTED,Baseline Ground Truth
andrewmvd,potholes373.png,andrew_potholes373.png,train,573b2265a269113c6681f336945630e2,3562357a469f765396db431fe95fa5aee7321cafb6e9ceccc45f32bd52b2e8c6,db1b1bb7ec642608,1,ACCEPTED,Baseline Ground Truth
andrewmvd,potholes374.png,andrew_potholes374.png,train,8dd7e60c42bfccd736cd6d1e8c2f4fac,6a8f37962cab4b3281e538ff0fb6c91b28059534b8409cd0443f407d13e8e281,96a98c3333cc8d37,1,ACCEPTED,Baseline Ground Truth
andrewmvd,potholes375.png,andrew_potholes375.png,train,22b5889da9fc8c8bcdfdf03dfa57ff1c,7083df3aedfe78423696ebcaf7c071461c3cc712c4ee4066e82ff2b852589f57,ca141a4b7c1adb6d,1,ACCEPTED,Baseline Ground Truth
andrewmvd,potholes376.png,andrew_potholes376.png,train,9b95ccdd236df7da713755afd9beff26,dff2135ea7cacb3659551cdea6c03508d30583810d7a5587503bde07785da582,cdd2708f7036c336,2,ACCEPTED,Baseline Ground Truth
andrewmvd,potholes377.png,andrew_potholes377.png,train,ba7d289f66d54436d70eda3d3f5dffdb,b75ec56a5e618b1ef788d79e3568646a9cd6f1db92bbb80b2b5c44ee31c47f95,c596b3590370ce8f,1,ACCEPTED,Baseline Ground Truth
andrewmvd,potholes378.png,andrew_potholes378.png,train,eb41237c0fadcb8e755fcc5776aca1b7,81d16f1aeddf227e7e7ddff38c202837620affd6c50685f880c70a40c8f524c3,c6e6893396865973,1,ACCEPTED,Baseline Ground Truth
andrewmvd,potholes379.png,andrew_potholes379.png,train,26297801d7f3847c92d72e6e76b583cf,aece999b20cd9a612588bfc4659647e176b8172db54fc9757d2cdc7591597c78,b56a2f91b064c52f,1,ACCEPTED,Baseline Ground Truth
andrewmvd,potholes38.png,andrew_potholes38.png,train,901624cc1d30163fd882de9bc0c6b5e6,98e6b4c9889285fdffba88d23cf7ccb3fefd1238e6f53ad9355ac00308831356,e9ed1a2586b5b283,2,ACCEPTED,Baseline Ground Truth
andrewmvd,potholes380.png,andrew_potholes380.png,train,16f55f503e97c93f13f60fc2d83ab67b,12ce212e17ef3f533573380b03dceb3c5d49057b7e1a97657e37357f46e8e929,c2830f27360f0dbf,3,ACCEPTED,Baseline Ground Truth
andrewmvd,potholes381.png,andrew_potholes381.png,train,c24eec15c051c8e2db0a4d379e7da8bf,b1dd1e081905e5b3cc8ad2983c583cad4ef4230e3eafa4f4b7e8449982c3ad29,b0f1c70e30c3cf6c,1,ACCEPTED,Baseline Ground Truth
andrewmvd,potholes382.png,andrew_potholes382.png,train,c375fb5751c91c6af6103ba9e3698a98,97793d0ba3e12c9c0c7aad2203e28acef5e136aed9df8e86a5f141bbb9674742,f276a3b8cf492494,3,ACCEPTED,Baseline Ground Truth
andrewmvd,potholes383.png,andrew_potholes383.png,train,f929b10ddcc08b2a42891a319d260b2d,75efe818b5f5963b7b00636095c851a22eba0223c3c7a389b721a491eca35b11,d835d14f37d93181,2,ACCEPTED,Baseline Ground Truth
andrewmvd,potholes384.png,andrew_potholes384.png,train,64e663021aa3a0d731c87d08efec7900,35fd0115d6eff8879fc42a64f93683a8461fb2b9383d45717d578b366dd6995c,828e87b131cdcdcd,2,ACCEPTED,Baseline Ground Truth
andrewmvd,potholes385.png,andrew_potholes385.png,train,afcd34b1aff7227cd9c9d5d79ac255d5,755aaa28649c689ee05a05f47e0c47fd09fe47279204a3bc0534f795ce16efeb,c10a05f3c91f7e0f,2,ACCEPTED,Baseline Ground Truth
andrewmvd,potholes386.png,andrew_potholes386.png,train,2032baf9b26582b4c72106242cbbb4f2,8852de395ca1669a5bb4227a1c4c9fe601969ed3302a14008dd071af59937015,b6ec4af03b9ad061,2,ACCEPTED,Baseline Ground Truth
andrewmvd,potholes387.png,andrew_potholes387.png,train,4152f16b6ed8c13f8c075fd64026a2e5,61cd48bfbe8dd01578dea84dba69703d460d63471646587e5ac98081803313fc,beabd46a6c363109,1,ACCEPTED,Baseline Ground Truth
andrewmvd,potholes388.png,andrew_potholes388.png,train,cf759ff280cb926cc2f9a5dde63a66db,84506b9d21f9e642bced3b1877835702b3395aac5c0e7807c4cf1b742c73f9af,b38bc63161e99d16,1,ACCEPTED,Baseline Ground Truth
andrewmvd,potholes389.png,andrew_potholes389.png,val,2e8778f4e639d9d3f1fd0f0524ef002b,6f2bcede93b7b6ea592ac743038b8d5d16a71abc3c8df7d6e9dce723ecbffd0f,ccdc4ce466743663,2,ACCEPTED,Baseline Ground Truth
andrewmvd,potholes39.png,andrew_potholes39.png,val,f237f7280689082130e446fd1fa71be3,5d2e1be3ed12f33430905393bcfd092b7b669c91fbdab958eb40b043be024e3d,c07f30c1fc9cc82f,14,ACCEPTED,Baseline Ground Truth
andrewmvd,potholes390.png,andrew_potholes390.png,train,0648da08e5de5901b097f21ab219bd10,dea842b84f2c45ffe00e7ff4c624d75246c4954d2c1ce2c361052d692d28353a,c06f3a38c3cb3cca,3,ACCEPTED,Baseline Ground Truth
andrewmvd,potholes391.png,andrew_potholes391.png,train,493b34c431ad52f021a0fce8473ee75c,6043d3b6b735ede89f0183f21ae5b1cba7b22c603f57385928e3e6b6cb70b8fa,b0e0601cdddfb313,4,ACCEPTED,Baseline Ground Truth
andrewmvd,potholes392.png,andrew_potholes392.png,train,fa4bc8d94edefbe9e518ed1e0c643bb7,b54c5d7cd337addb0ba59b27f0adb87ea74fd9bfe015d8e10714a6db48819ab2,bf20c47a3bbeb082,1,ACCEPTED,Baseline Ground Truth
andrewmvd,potholes393.png,andrew_potholes393.png,train,6797a46b399f6b14e4d60351f62c0638,63d0003dfcb4f589097c86afcc8e6a26567316e8d01a59e8d73a8fea36679a0f,989f1e06312f0f1f,3,ACCEPTED,Baseline Ground Truth
andrewmvd,potholes394.png,andrew_potholes394.png,train,e0f87dc3635e0282f3e5a26b8c37c538,462a3512ef2c6211552604f953d3a347967c9c00c31e576ccdd7c47f5b01707b,8d204bf1cbb5474d,5,ACCEPTED,Baseline Ground Truth
andrewmvd,potholes395.png,andrew_potholes395.png,train,a4dbebae6f5b1be4efe2cbf10104b8ca,b010464e43d18cc2de870d2708c8832014127d52157d7142a660cd2f82b12931,c2eb8ed90a7d2433,1,ACCEPTED,Baseline Ground Truth
andrewmvd,potholes396.png,andrew_potholes396.png,train,602d17a90d5e74f3be47ac48cd6e0255,caa18259321219134063f69b5ab21469c9551573e50c830137b719f26a31d4d6,8c8e1a93b3a5656d,10,ACCEPTED,Baseline Ground Truth
andrewmvd,potholes397.png,andrew_potholes397.png,train,bfbbfc0556f4286042c0e6be2b265388,6550c3001ac7e23fa3574372db75b480fc94c4f71b5f33b0aa8d2be3bf447936,c5d458c67a62fc0e,4,ACCEPTED,Baseline Ground Truth
andrewmvd,potholes398.png,andrew_potholes398.png,val,112977db0106627d144c4b6c15e7e6be,f0d7e8afb7a128f238171a9796cf9099aba4bd35cc1d2f19a903ede6b94c5946,b3e2c9d1974f484a,1,ACCEPTED,Baseline Ground Truth
andrewmvd,potholes399.png,andrew_potholes399.png,train,d370fee19ce4e967c03f4d5507f085d0,b0e5e63e74213a07174de2b3449f047f07fc0b578d9fd8af421aefac069937a1,f34c64674c694b6c,2,ACCEPTED,Baseline Ground Truth
andrewmvd,potholes4.png,andrew_potholes4.png,train,bb6e06b84b62fa4ed64c83f7d76facdf,6275c12807105b37d5145c3d2ba830cc61b650469b4c32b92f77839f9b40a609,a199d4da72c55553,2,ACCEPTED,Baseline Ground Truth
andrewmvd,potholes40.png,andrew_potholes40.png,train,78b9c15f157c34a3eb74aef07a0f2d9d,3880f27a760d383833987abbc9c73ac1ca8a88acab17336a0b26dc3cd9bcbad0,d54f2d2d3a2a3c98,1,ACCEPTED,Baseline Ground Truth
andrewmvd,potholes400.png,andrew_potholes400.png,train,d0d86e2be5d636cd66ccf27e3f075f20,f84a53815548403827e400cffd41fad9d4ef5e018daf398f377eb42255ee9681,c6830eb8070f3c7f,4,ACCEPTED,Baseline Ground Truth
andrewmvd,potholes401.png,andrew_potholes401.png,train,fcdf9b3cbd1df5f5c24154431da622c7,6896604324d29d3e91ff037303a463eb0bd1cd0f1c6ea93647f3330661aa2787,c2e71d332737030f,1,ACCEPTED,Baseline Ground Truth
andrewmvd,potholes402.png,andrew_potholes402.png,train,9eccf972b29f673329ad4df5fa7cedc3,cf9b3d112f6e1505c0523ddc8e6e3a8a8e251239d76752f2c4d2d24824a5ca1f,8707cfe3f0313c2c,2,ACCEPTED,Baseline Ground Truth
andrewmvd,potholes403.png,andrew_potholes403.png,train,92414f9d103653423d173f729fcade7d,c29fe32fe006468abefc1a55f1733ca5b62f7f0ea558145d0e2728b38ffd5d94,91e1d19f7cd4c12c,3,ACCEPTED,Baseline Ground Truth
andrewmvd,potholes404.png,andrew_potholes404.png,train,a03744f07d4cef83e10ea960dd9e8335,735ed115fb070216c7505ed24f51ded8c7dbf476f64300f7377cc1a3341e629d,9b95cd4b416e6661,1,ACCEPTED,Baseline Ground Truth
andrewmvd,potholes405.png,andrew_potholes405.png,train,9414eb6a1d5f86b01177982b362408ee,d721035d2dc598244ad77828168a987fa6e11bbe711a943513a2061d55597362,98b28da899cf6e89,2,ACCEPTED,Baseline Ground Truth
andrewmvd,potholes406.png,andrew_potholes406.png,train,359cddb36186cb9c1504e60341a860e3,3cef103554cba32befc75ee1d3ad0a6082f74846a54e46c1b24335aae6713bf3,8363ccc7a5946a9e,1,ACCEPTED,Baseline Ground Truth
andrewmvd,potholes407.png,andrew_potholes407.png,train,cf812fb846ca10ee28e68c83eacdd130,ac0ba21c2f11734603c5562c96c808063280e0434cb05c41d21839cdd8c7b0f8,e4d1d36625db4265,1,ACCEPTED,Baseline Ground Truth
andrewmvd,potholes408.png,andrew_potholes408.png,test,608c5eaeedcf2c53d5f7a6314b1b31cc,b845c4947a7fbe1c4f87179b4e690a1ff442145aaa550de183197021f3483917,ed41b9b5523cb894,1,ACCEPTED,Baseline Ground Truth
andrewmvd,potholes409.png,andrew_potholes409.png,train,f1a747c5c1398d39c2e38af8b762a92b,55db8fbeb7d59112c59e3fdbeb95c2ae7d32cdaa630902c9d30e77ef74df7155,bbb45c9b6c929825,4,ACCEPTED,Baseline Ground Truth
andrewmvd,potholes41.png,andrew_potholes41.png,train,d554608cab67d41858c5367090518f95,5d175e6878c77e46a7df96e4f43b14a1f5e9461b7543700a73d1ce752723365c,c0f9b5b2786cd4c4,1,ACCEPTED,Baseline Ground Truth
andrewmvd,potholes410.png,andrew_potholes410.png,train,6186d1005d64bce1aac7c23e20d2587f,57e5a7999568ccc1b9c10a072930758abd7c1a12dae1fa0e5a83ccb7cde84aeb,ab97d5e23b2c84c2,2,ACCEPTED,Baseline Ground Truth
andrewmvd,potholes411.png,andrew_potholes411.png,test,5f8f5fdd2ea55047e8d8a5abf2e86e8a,f7ca33d03301a0c246fe186f9e8a4eeaa47a6353d79d0f03242cf8694b53330d,fbe952490e2eb2a1,8,ACCEPTED,Baseline Ground Truth
andrewmvd,potholes412.png,andrew_potholes412.png,train,6084cd7ee3c37bd40105c597270baef8,c3da0952afea5e8d3c4a67fb3726d51adc8cd023b9ef0f966e4f976a19c27151,eb5b930d4744e2e1,1,ACCEPTED,Baseline Ground Truth
andrewmvd,potholes413.png,andrew_potholes413.png,train,eb4831c96a304869e822640b248909c9,eefba840254d5de057ec4f8de694c52a35cb9b99b527bddcc7f9a0464faee8ab,97c84437d9354e35,1,ACCEPTED,Baseline Ground Truth
andrewmvd,potholes414.png,andrew_potholes414.png,train,5208fe793a3624e0289291cd4767d5c7,4e5d45f4cd0470d95f26003d83c0bc830023314689a259d4155db6e0327703cf,96cb8592db1a78c6,1,ACCEPTED,Baseline Ground Truth
andrewmvd,potholes415.png,andrew_potholes415.png,test,d3d2193140b39278551f9ab0111583b2,2acba8929f8d6499793d28c728dfbb9e29772f1c82229fed209d3e3c133b46df,8e8d0c8e0f0f4ecf,5,ACCEPTED,Baseline Ground Truth
andrewmvd,potholes416.png,andrew_potholes416.png,train,cc867fab6640b98b68feaf6efc8b3b63,08e52c510e755293e9b7a4693aac5f6e9803092b8a3aeddb2fc163100b6b8197,d0aeb1f4cb286535,1,ACCEPTED,Baseline Ground Truth
andrewmvd,potholes417.png,andrew_potholes417.png,train,c449da8fe4d4fb8e55e2a902453a9b0e,33e500dfe326c6903de0b932bce760ba736b0c80678176ec09d7a98bc1cfd00b,96934636e0edb692,5,ACCEPTED,Baseline Ground Truth
andrewmvd,potholes418.png,andrew_potholes418.png,train,59e5cfd9a3fec49d90ac2d6d8f9021c3,cf9488fce9d0d78da09f4c81f0745eae129754e0102f4f723f6e6be5b7d3fe98,943614be95e4f4d2,4,ACCEPTED,Baseline Ground Truth
andrewmvd,potholes419.png,andrew_potholes419.png,train,17e0430627a545fff66cd253d0a80dc7,13f9fef6da4011c833a46f27c5ccbd831910fdae5b253b8f8984a9564b3da947,90dcec8f7f63802a,1,ACCEPTED,Baseline Ground Truth
andrewmvd,potholes42.png,andrew_potholes42.png,train,ca8b0f1a20e4a92ac9d8bb7a84e5c50b,92de0619829c520490a92b3bc1d3f2a9ec21db738e26000bf47464673b6b7523,979c93d8643632da,9,ACCEPTED,Baseline Ground Truth
andrewmvd,potholes420.png,andrew_potholes420.png,train,32d9a37bb100cde3ea13d4970f2c6e42,37ca2df495c2c50527874de0f0d256414e3cbbe9a2a5183af2c068a5c62cdb03,8c2f74ca2bccb6b0,1,ACCEPTED,Baseline Ground Truth
andrewmvd,potholes421.png,andrew_potholes421.png,train,84b10f46cfef7299accb69176d5bc260,4b9231e4d87f78a4c38c78935f274c3b6810949fd8471021f7c0d7afc7540847,d5aa56a54a958db2,1,ACCEPTED,Baseline Ground Truth
andrewmvd,potholes422.png,andrew_potholes422.png,train,1da45eee7cd832c0028144570bb32633,0e52fd3ed56a9d9d75dd0949f00f9bb21547e84376bebe4ae4c5e44b7d8ab7c9,fe80470f2733a6a5,1,ACCEPTED,Baseline Ground Truth
andrewmvd,potholes423.png,andrew_potholes423.png,train,382a55dd942e06f308f0ddae2a437500,d65063643a835149cbce7e1b1583ba54cc4f76c23862c47d5261f82b4f0bb879,9fbf2c06924a6a33,1,ACCEPTED,Baseline Ground Truth
andrewmvd,potholes424.png,andrew_potholes424.png,train,cabf5d79fb323122bd569002b7d60e18,c2d74a6d0bcccbfa048f6c2054c9bd5f760e93a25dc52fefbb851e618565e2c9,d4941fbc90879c9e,1,ACCEPTED,Baseline Ground Truth
andrewmvd,potholes425.png,andrew_potholes425.png,val,f7ab5bc9ee008ed3434cc8d1480e2e5c,ad543cdba0c5cd1def8f6e9ab0b7c0dbcf421f8f127d14cd533fdf99a48bf2d7,a17d1c8e9cac783c,3,ACCEPTED,Baseline Ground Truth
andrewmvd,potholes426.png,andrew_potholes426.png,train,90b6cf498fc424b3be7a9870b215ceda,2dccbccd70163eeb909b42ac2e308293b0577061b4d7acb4f86965d04842f448,9cdce361650c9cb6,1,ACCEPTED,Baseline Ground Truth
andrewmvd,potholes427.png,andrew_potholes427.png,train,992bbf521c0187485a28168813b6dafc,9f73eb4065e89b0a79788a0d77271e6dac67ff79ec17a16f7e05b03b2ce8032c,e4f21d1171ce5f60,7,ACCEPTED,Baseline Ground Truth
andrewmvd,potholes428.png,andrew_potholes428.png,train,e998fd6ea3e7c602633c79f6d128d6ea,fbf7a34dd020fc6e31062a9071a08a2dd8c3467c40e1018bfd285eaa37c16f02,b0157d6d4a4d595c,2,ACCEPTED,Baseline Ground Truth
andrewmvd,potholes429.png,andrew_potholes429.png,test,1d493c24ea066d7bf8ac9b751cc8b79d,0f20c3254b0a486d4fa491b98398658bf291161044520935a09ec207bde8f6d1,eb68cd85959d1a32,1,ACCEPTED,Baseline Ground Truth
andrewmvd,potholes43.png,andrew_potholes43.png,train,48af2e168540424fb684a67de4e38e0e,cb2254bd74320d5bb4a84544a3405191a1f1ecef4c15ff071d86097bac0f8c33,9c63ddb469153513,2,ACCEPTED,Baseline Ground Truth
andrewmvd,potholes430.png,andrew_potholes430.png,train,340baeebd2ebaa6131f545f577238315,47ea5ce0f1043b8ded1b7a71329842d09ea484cd0fd7094139bd70ea12137c68,c2c6809d3d773e68,2,ACCEPTED,Baseline Ground Truth
andrewmvd,potholes431.png,andrew_potholes431.png,test,a373477ab6e4a6794088869cf4372751,c44b36342a651cc6d0cf848ec185004ece0c3bde89aed2b37784a97da350d17b,efd9cb9199819283,4,ACCEPTED,Baseline Ground Truth
andrewmvd,potholes432.png,andrew_potholes432.png,train,add8703991d6c0878b6ae92497a424c9,bf5d9f85ecd80c2938d961dff09e5d327ef9acf9a7919d639ea80eeb85dd2267,e270792833174f3e,1,ACCEPTED,Baseline Ground Truth
andrewmvd,potholes433.png,andrew_potholes433.png,train,d9b480239b3a1b53dd39b24b5d5c5596,41afaada1edbfdbd8481955b4d915d1bf3ab87cebe7c9733d3cfb1fc48d6a274,e9c71642577a692c,8,ACCEPTED,Baseline Ground Truth
andrewmvd,potholes434.png,andrew_potholes434.png,test,4e2af56fa044d99b069cf39d01ebc7b7,4b2f63bf8b1e706a04624458f1c7a995d391edf81031734b94468b837fb8d37d,8cb2b3d76f2618a8,9,ACCEPTED,Baseline Ground Truth
andrewmvd,potholes435.png,andrew_potholes435.png,train,2f7401eeb77de5ea66b4b07882c569b0,e11cf711da73776678ef5fba6ab2404f48229eadcdbe5331ea4fc144024395c6,918c0cce32da3dbd,2,ACCEPTED,Baseline Ground Truth
andrewmvd,potholes436.png,andrew_potholes436.png,train,02371d4ab492bf3242fa60db6b6ea36f,57b96bef1fb700f1ab2cd4352b9fb4dce0a7dd330e5268196ac6bd0f46f87fcc,85651c716ecdc9e4,1,ACCEPTED,Baseline Ground Truth
andrewmvd,potholes437.png,andrew_potholes437.png,train,6f4aae72bbb602a4ccf7b960c0a3df3f,2ce60afc1296156547339aca2629c1a5d8497bb67ffef64fa874d71979ce3840,908f073613c73da7,4,ACCEPTED,Baseline Ground Truth
andrewmvd,potholes438.png,andrew_potholes438.png,train,708d62a6f54d507f0924b4ce0a23e0ba,f43ee6643970912c62db7f4a4df3198635797fed765d2fe7a50ab77e7da7c620,d284299a270b5edf,1,ACCEPTED,Baseline Ground Truth
andrewmvd,potholes439.png,andrew_potholes439.png,train,accd9f769d7981577b4a6400bcfce545,de5df30ef5c424ec51dd5f838a89fc111e0aa13dec472a9f7665186563a03f45,baa6743272e4f0f0,2,ACCEPTED,Baseline Ground Truth
andrewmvd,potholes44.png,andrew_potholes44.png,val,fa3e7b2d04a3fda4ec03a1cf7476651a,7368a530949ecbe9ecaede41bd5db21d91991ffab1f6182072b11bc1705faffb,85be1cc36137bb24,1,ACCEPTED,Baseline Ground Truth
andrewmvd,potholes440.png,andrew_potholes440.png,train,aa282e048ff778ee28c44257078c9597,9c070db26848e8a6853161797f1638e760ce848bb3fdb0117c4dbdbf88324c08,93dccaa9adac849c,3,ACCEPTED,Baseline Ground Truth
andrewmvd,potholes441.png,andrew_potholes441.png,train,99ae09d36f83f128bbb637e68aa1d004,620e4d19e303df709f89870b8cbbe7ca9267ce3039da9e780852a458b08b0382,d1dd4c5e56594946,3,ACCEPTED,Baseline Ground Truth
andrewmvd,potholes442.png,andrew_potholes442.png,train,8ea7ecbb408488687e394c65353710d7,9945116094a5e8c29f9b1407b1e677e6682973265f21bdd30f47a6338eb4dbc9,81a61699ef2796c6,1,ACCEPTED,Baseline Ground Truth
andrewmvd,potholes443.png,andrew_potholes443.png,train,b497b15886fa1a1e64493e50202085b7,582f2ff5021379a0b8d91417f338ac59b11bffe167ffc3f5d785aca7052e985f,8aa5d2c9de7c3033,3,ACCEPTED,Baseline Ground Truth
andrewmvd,potholes444.png,andrew_potholes444.png,train,c082454871396a7e7e2cb5dba57b5de7,80d1267fd268858ff6078105043bb1c3ee7fe2345f03288033f76e07c532553f,e584d31ce41e83bd,4,ACCEPTED,Baseline Ground Truth
andrewmvd,potholes445.png,andrew_potholes445.png,train,f888d7c8b647da73c9fdb081f9983417,659be9c5ef95907ea288cfb16f962464e5cfef3a81b1343205923652f0ab9c81,8ede1e026663b56a,6,ACCEPTED,Baseline Ground Truth
andrewmvd,potholes446.png,andrew_potholes446.png,train,cd51d4217f414564867e954b9126b8f5,49900f955b9e3b10c6fdbdeac9b1472699cfb3a0be91a41487f7a5837db88782,c2bd524f34d24dd8,5,ACCEPTED,Baseline Ground Truth
andrewmvd,potholes447.png,andrew_potholes447.png,test,2e4638059f18a16737f7ce34d198950b,04f8183d5b5aacbbdc21f9c60c6c5f26de5718ee056cf5462290a65b917c34a5,89ab069c99733eca,1,ACCEPTED,Baseline Ground Truth
andrewmvd,potholes448.png,andrew_potholes448.png,val,62302277a1d4d82184fed3df54ba4b07,8f0836e8f302513524c57fc471ae50de8f57ddd41f28dcb12bf5350225ae37b0,fce8c2d21d2172da,2,ACCEPTED,Baseline Ground Truth
andrewmvd,potholes449.png,andrew_potholes449.png,test,938cee0e378ab0dd3e91ec0c769b94ee,100645ce626173d6bffc0cc50fb75d5e5f3fecb3f66519d989b4d3ed31c4997f,8988c9e9e1cf24de,5,ACCEPTED,Baseline Ground Truth
andrewmvd,potholes45.png,andrew_potholes45.png,val,a5576af82a44c5a70b3292c63d623b48,341895bf7b856cf93e15461439e992a41473bd6e829628a9a64f3d86f3d084b8,d3e6dc9cc3c1c12c,5,ACCEPTED,Baseline Ground Truth
andrewmvd,potholes450.png,andrew_potholes450.png,train,00b40326513a5e117eff7bded365d9c6,df06c25bc28318e57bcb1454c621201281d7387ae819c5ec17504039b88e9a95,b5fe829d4d4c46a2,1,ACCEPTED,Baseline Ground Truth
andrewmvd,potholes451.png,andrew_potholes451.png,train,fbdcc4222886d9f0ad99dde5d5c9c5e6,6553e99c205c834981b04be5525d7bf2d402df8fef9bd7d0231f56ba317c63b8,d7c26a225a5a68b7,3,ACCEPTED,Baseline Ground Truth
andrewmvd,potholes452.png,andrew_potholes452.png,train,08f015c00f6155bece8f30f7ae2e3b52,1dcbbd056e6094d9f12be0eb9eeb6d43b3bb9c0bbba5189023b1bc8b514618b4,90a9391a5b696d1f,3,ACCEPTED,Baseline Ground Truth
andrewmvd,potholes453.png,andrew_potholes453.png,val,ccfe0347d37591a8c95bccd7d090ec20,623017ecb9acd960c8a5bcc9e60b9b604b73b44db428ba849a29cf3dbff3a43a,99f56686791c2627,1,ACCEPTED,Baseline Ground Truth
andrewmvd,potholes454.png,andrew_potholes454.png,train,4d90f6b21556729a740c6832e24d840f,f87ba994170039df90aaf085d34d13b1d297499d8bab68fd5a793ec21d5c5933,f23d474324b196da,8,ACCEPTED,Baseline Ground Truth
andrewmvd,potholes455.png,andrew_potholes455.png,train,602b6066bf0ad24639e138ca8e848b33,93b4e551dc846e81984e286522df82285fedab4d4577980a89f6fa30eb48da91,be32c2fdfe017060,1,ACCEPTED,Baseline Ground Truth
andrewmvd,potholes456.png,andrew_potholes456.png,train,9020beaa839cfad653a02c70b8bc099b,14da19f065a49cc3a046d32f4b120a0fe1d70b86d0c198d8433179abe4eb10af,989a929e9e969467,2,ACCEPTED,Baseline Ground Truth
andrewmvd,potholes457.png,andrew_potholes457.png,train,e22201d3dbd145aad1a65b3da188c591,c4c53e8b0eeeb071749fa97e46319f411599a9d5118e531424b39def4f7ff01b,d4c341c2f1dcb4dc,16,ACCEPTED,Baseline Ground Truth
andrewmvd,potholes458.png,andrew_potholes458.png,train,155ef4b428163b63f4826195921f8d82,69f55ba3514f10fd5b498388d51b3fd40eec168c3dfac75699f03626726290cc,dff0d3d380c33c09,2,ACCEPTED,Baseline Ground Truth
andrewmvd,potholes459.png,andrew_potholes459.png,train,8358ed4b626cfd2b6acc26bf8198c674,25e59551aa5187af01ab8dec84a568645f27d17df149dc61cf06adc3966f1d52,a9e979399c98858d,3,ACCEPTED,Baseline Ground Truth
andrewmvd,potholes46.png,andrew_potholes46.png,train,319a97b7f1dfd2d275e7c77848d4b966,b817c2eaf54c1623374aec6e1fc997b470e60cb8fe30d6682aff9ad20dff46e1,9a19c56363961dcb,2,ACCEPTED,Baseline Ground Truth
andrewmvd,potholes460.png,andrew_potholes460.png,train,4f3684701814c674c853ff7ebcc2a9eb,6f692da423b022c3d746c9efdb3ac0cb39304df2d49f3046b44b1092f6558450,c09e5bec38d36ca1,2,ACCEPTED,Baseline Ground Truth
andrewmvd,potholes461.png,andrew_potholes461.png,train,0ca74d9becc3bbc86936dfdcc11b3ea4,60c29285072ea72480deac1d3d2382bd6f21099c48988fd5e330a8f0f5f01df5,912548526badb5b7,1,ACCEPTED,Baseline Ground Truth
andrewmvd,potholes462.png,andrew_potholes462.png,train,d5bddbd73a8422d706f3f208189504ad,d34065702b35449ad1acccf3342bd699ab852ec93b538372b7d9c00c80837205,90a75f99272c1e35,1,ACCEPTED,Baseline Ground Truth
andrewmvd,potholes463.png,andrew_potholes463.png,val,9e26e5231ca520120f0e03c9c58f17c3,ec3f534d0b4f38850971d401730deb9ac3990213950f50402459bcb521acce98,d1d616d0d07256de,5,ACCEPTED,Baseline Ground Truth
andrewmvd,potholes464.png,andrew_potholes464.png,train,678902c0e13a40dc16887b3157bb2649,5f3a01c3a95ed9ee2ec26ece3df92677cee9b997b290d130e3e01998686ce839,a3bbdbc0703342e6,1,ACCEPTED,Baseline Ground Truth
andrewmvd,potholes465.png,andrew_potholes465.png,train,ffd59e590cfde405f51e3cccab65cfa7,c1f185cdd664cfd2dcd2267f5a76568220c5a0a9a6d2e0e172707c4c65b923c2,a9a98bbc5c52554b,1,ACCEPTED,Baseline Ground Truth
andrewmvd,potholes466.png,andrew_potholes466.png,val,c89bc1b68b9a159f622175c6c11d47eb,34b6ccf28db8b507a31e3ff8650ed11179bf040e9b483351592b3871e125cb6a,a78b0b27271b1d27,1,ACCEPTED,Baseline Ground Truth
andrewmvd,potholes467.png,andrew_potholes467.png,train,bf79cf6891423232fae8c189f033308e,83fb10f223e64150d9d2b29f8e9d5aae6e517a90edcac21fc3b5fa56f4265091,e4574c1c190bdbe9,5,ACCEPTED,Baseline Ground Truth
andrewmvd,potholes468.png,andrew_potholes468.png,val,48b75a60ae179591896a7084f151bf10,ee60ad820efa468cf9ea30654d9fc17f6619b3d0756d7d8a87048a498f28ea1a,f28d6c9417ee1499,8,ACCEPTED,Baseline Ground Truth
andrewmvd,potholes469.png,andrew_potholes469.png,train,da374d1feeac70ab37cbae982f5cc3e9,3338652104d92e85a10319ff7fd374891d4400b56170f806142e562e11c3ae6e,908344ba138f9ff3,2,ACCEPTED,Baseline Ground Truth
andrewmvd,potholes47.png,andrew_potholes47.png,train,650dcf1064c3fbc79b2aef07b0e2eb2c,9a7b962e1a5d648cad603d79e8d686fc12e371f30e9ae9adc769930d9a429154,8ca7979eaf818613,3,ACCEPTED,Baseline Ground Truth
andrewmvd,potholes470.png,andrew_potholes470.png,train,ab6b89d90e0fe72c5edfe1b99846b05a,29284f9d0e3f0776d2f0cedeae3c36ddafae33ac4d19b705db02595f12c36272,fb3494c95a34a559,1,ACCEPTED,Baseline Ground Truth
andrewmvd,potholes471.png,andrew_potholes471.png,train,d236ae5a39d88b21a5767324f56a6bbe,4a0d40b3e5f5dafb4a4c5c0789c38e91f1a8d3a3639b82a7a108963ba129cfc0,f5965a0a2f256553,1,ACCEPTED,Baseline Ground Truth
andrewmvd,potholes472.png,andrew_potholes472.png,train,0a05e97661c3a6c94f3288946c393253,6a58939be947e9b7d89453ac1c3845d151242f2e677eace290cf6c4fc3ce28c7,82ea3a2f82f0cc5f,1,ACCEPTED,Baseline Ground Truth
andrewmvd,potholes473.png,andrew_potholes473.png,train,3ef6f8f0ab700a128cc638ca2e3ce520,1913f4e639088dddda376b25bb3a98e23e8a2b606b042e453742e2e5790f93a2,f4f5f0f0e046c4d8,6,ACCEPTED,Baseline Ground Truth
andrewmvd,potholes474.png,andrew_potholes474.png,train,16ba147eb929ddf83a09b421ebffe33d,c741410ee1fb9885ede9026262079a4aceafb38d85eee9cbd5203150cc3f2ea6,f870790e8cf4f22a,3,ACCEPTED,Baseline Ground Truth
andrewmvd,potholes475.png,andrew_potholes475.png,train,8a212505e73aaf0d57ecd77dfe2f552e,f947f076cea0dd71fb6fa5e37a5383037e5d5f0454201be8d3721fc6861dbeeb,ae1b5e7f7e040017,1,ACCEPTED,Baseline Ground Truth
andrewmvd,potholes476.png,andrew_potholes476.png,train,425043f4dadb08dd01cd0bba5861522e,600a8bf189b3adf976d2e634ab0b4fd21b6a8e34324e8727b5e2dacf673578dd,a4e09bfbd8255334,2,ACCEPTED,Baseline Ground Truth
andrewmvd,potholes477.png,andrew_potholes477.png,train,ad341407a02df743501cd6d67bbe87e5,c4f35dfddc70ab2e12ab9a210caa377726f00d25ace9bc0cda78fcf87ed6597b,81b90e98b5abaada,4,ACCEPTED,Baseline Ground Truth
andrewmvd,potholes478.png,andrew_potholes478.png,train,3d2ff2e82530f1dcc5677b210c6e1e69,0c29b97a3817371a8c1da861f9ba4544bd954d541cfbf683413f95695dee6a0b,f0c2c698173333af,2,ACCEPTED,Baseline Ground Truth
andrewmvd,potholes479.png,andrew_potholes479.png,train,1d8d8c361741c56215e132684f30b2ba,3e97583067890c71c65582a4c20aa986d20809e4f07f69269faaef3ae57b0dde,cdccd899f167c241,1,ACCEPTED,Baseline Ground Truth
andrewmvd,potholes48.png,andrew_potholes48.png,train,41ca91959a4adc4038db2216a3d7989e,77fd25d24f28e208b7782567da99afcfeb670f9b9855ac34b48050592e22047b,c1f878fe730b1503,1,ACCEPTED,Baseline Ground Truth
andrewmvd,potholes480.png,andrew_potholes480.png,train,670873e6d8dbdc29514b3a510e9acf92,f78d46046dc95a9b4cd5a40ad01fb65be7898e8ee69d2ef6b666252b438680e7,dc075cdc47427b43,2,ACCEPTED,Baseline Ground Truth
andrewmvd,potholes481.png,andrew_potholes481.png,train,48285914ed68bd52ef6dfcac35e4c39f,af38b83ca48e1cc517dbc3f1b785cdc8ffc1c2ce6de088cc1ad8fec1ef844b91,9281011f77575d75,2,ACCEPTED,Baseline Ground Truth
andrewmvd,potholes482.png,andrew_potholes482.png,train,619cf328d1c9c781e9c5692481f44904,17178c0a8251262668d8f64b63f742502c9b7429322860690692b0c72e2f6230,91a009193fdc7cbd,2,ACCEPTED,Baseline Ground Truth
andrewmvd,potholes483.png,andrew_potholes483.png,train,86ad570d2e5f9351fe1e1ba122036558,d9040ac6395d7aa2c1445643e32b1b575aa7389cf97fd82fbf7550f57b160a20,dce47dcc60dacc81,11,ACCEPTED,Baseline Ground Truth
andrewmvd,potholes484.png,andrew_potholes484.png,train,70d473115f13c83de7efa0b0963617ff,6023549a26dc2d16257700fbeb24c82bcb8116857d247f1a5b780736d6675ca0,d1f047c375745345,2,ACCEPTED,Baseline Ground Truth
andrewmvd,potholes485.png,andrew_potholes485.png,test,fc5ec9913aab7e28d23a926db7c6a5c2,e078ee43873c20109b589e03bbdcfcc64a7b7c58aeea38be9909f1c3242cbba2,a6d9a799265699c8,2,ACCEPTED,Baseline Ground Truth
andrewmvd,potholes486.png,andrew_potholes486.png,train,993421aa8ab366216dd9b51a47f78bc3,8949d2f820822094bdeec79262dd07fe2b55b6fecefba05ae970475a7d1f5905,88c143b39fdef8c0,6,ACCEPTED,Baseline Ground Truth
andrewmvd,potholes487.png,andrew_potholes487.png,train,4d3ebe77dc6d20c411f55679cacf530f,79846fc4caad41055abe05e4b624ecbbfb0a864875bbffc0376d91f58693ac9c,ebadc6d03a2465ca,1,ACCEPTED,Baseline Ground Truth
andrewmvd,potholes488.png,andrew_potholes488.png,test,ca31c3b307648209f27497474b3d28fe,6cd24b782e0f1a51fe11b77cdc3da20b23272411680e06f788969502d224d9d8,c9771c66714c770c,1,ACCEPTED,Baseline Ground Truth
andrewmvd,potholes489.png,andrew_potholes489.png,train,4bbfe236a2c956b132fb69782a53dc3f,0dce3a85082d38dc772c1387920304662e5e7bac83b41fd94149a99e6c57b5f3,9eb4269275ce126b,5,ACCEPTED,Baseline Ground Truth
andrewmvd,potholes49.png,andrew_potholes49.png,train,363ea2334bb3a997f1192c63709ab8ac,55178fa2f38d45536096f21d5c79e15fe459a87cdbd2d4641341cc3ac27163aa,97f537bb3e200c11,2,ACCEPTED,Baseline Ground Truth
andrewmvd,potholes490.png,andrew_potholes490.png,train,27b5e3df196b424bf3e568f3edbf922e,da1ace2d8e670eef84fc11d63afeeca32bb11d15b88feba6642c2eb2fb1ccb51,92e3a49cf3c2acd4,1,ACCEPTED,Baseline Ground Truth
andrewmvd,potholes491.png,andrew_potholes491.png,train,4ea17af94da5f807a46e904ef6de2901,4cb48ff21cd2093054a82535c7e740a96f6ce7171ee6af05d161bdf71ede65f3,8470dbd33c3caca6,2,ACCEPTED,Baseline Ground Truth
andrewmvd,potholes492.png,andrew_potholes492.png,train,26fbeff9c25802bc8b6ea18d87dee949,860059418682187544aa4a7f6fed468398a401d6697fc9d8b4e4cd08c74b306f,e09d1f2ea1acb8c3,1,ACCEPTED,Baseline Ground Truth
andrewmvd,potholes493.png,andrew_potholes493.png,val,6a1ff8d9085c0282f012fada7c429afc,0d171723aca4c8268d56825372be01c9fbc3ce0904f2be4706291d0c18548d0c,e07040f8ce6f3f07,2,ACCEPTED,Baseline Ground Truth
andrewmvd,potholes494.png,andrew_potholes494.png,train,4d1deb23b1b4358c2a2df50258236e0c,178909e59881f4d658e7fcc8d04a532c3437fda1a123c2096a3ff5f724541b2c,ca3595eb2e88ce61,1,ACCEPTED,Baseline Ground Truth
andrewmvd,potholes495.png,andrew_potholes495.png,train,81f57741d36eac99499bd4a4406c3c8f,7c00349b5763ba587a5f201d5e65d57930770d590fca88e9c37079ba039d1126,9222c3e2c7fdb0b1,1,ACCEPTED,Baseline Ground Truth
andrewmvd,potholes496.png,andrew_potholes496.png,train,0df89633f5c631422d1d39ae24909ab3,c5ba3661e1aa2f3616856f5bf8d9f89e79f8b065024e8929cfe8dce8f7ab89fb,a5050e8adaf86d75,1,ACCEPTED,Baseline Ground Truth
andrewmvd,potholes497.png,andrew_potholes497.png,train,ea9aff3e50c2c13e58aea718c1adb1c4,0b21f202483a9f82cfbe9ad50fb42026ee2348cc2e052cb81a4e33bc938140c8,c5961169277d6bc1,1,ACCEPTED,Baseline Ground Truth
andrewmvd,potholes498.png,andrew_potholes498.png,train,254d0a49c66091328a966ea7d80da8c1,efae907128fdbf18fc0c372082e797d6b669250cccd8b9d69a7646ab66803bbf,9a1a5a9ae5c6c725,5,ACCEPTED,Baseline Ground Truth
andrewmvd,potholes499.png,andrew_potholes499.png,train,d80b955088e529793bf3d9c03fd182c9,235cd3c9a589e7497d70a0b3efb03fc1e981f525eca2e768f3e73b51ff84bace,80ad69f0ccd5ace5,7,ACCEPTED,Baseline Ground Truth
andrewmvd,potholes5.png,andrew_potholes5.png,val,e178d0ea103fca3f5d8e106d4bb3b131,1dbaf87bd5411c47f902d03910eebf21d8259da446345063b54913ce6c1727cf,f0d5720e588bd3d4,1,ACCEPTED,Baseline Ground Truth
andrewmvd,potholes50.png,andrew_potholes50.png,train,89d66f1db1f03492827bd7df7528b864,fd2c2c079367a45e38624000cb5d4bdafb678299fe756ce92165009f3d22bdec,94123f3b72e26627,1,ACCEPTED,Baseline Ground Truth
andrewmvd,potholes500.png,andrew_potholes500.png,train,bf47a017b3b4830dcac886ab81953baf,47b488a680014077860abdf248e3e7e76675bc31b19bdddd9fbc808dc2997242,91a1c1c0cced6f1f,1,ACCEPTED,Baseline Ground Truth
andrewmvd,potholes501.png,andrew_potholes501.png,train,f8e202c344f60c3e6cdae735708a7c5e,42e5eb7071fd87d92a985023f55f1a1011e075907640db218aee39a045a5000f,b1c9cc369b614e78,5,ACCEPTED,Baseline Ground Truth
andrewmvd,potholes502.png,andrew_potholes502.png,train,d24d59d451c31b892d77ebb14c860877,f5f110221d1c584449997273fb7e178e725ab511c96d6a03c14875174024ee76,8cc7dfce60c06267,2,ACCEPTED,Baseline Ground Truth
andrewmvd,potholes503.png,andrew_potholes503.png,train,169a70dfbbe632770dca28cb5de75a6d,eefdb1478bb67a83a06c1e19e825d9177a283d1eabf8e5b3f59777c52cf229d2,8b8bc7c752d19525,2,ACCEPTED,Baseline Ground Truth
andrewmvd,potholes504.png,andrew_potholes504.png,train,dea8e8e1e0471f8fe611cc8cc5c9467a,433403b695d084b11417c4c1b4d20b4f314605dc4ee2fa5196ee226154f799ca,cfd0842f34c59d35,1,ACCEPTED,Baseline Ground Truth
andrewmvd,potholes505.png,andrew_potholes505.png,train,4412b2cc3dea7b73d68756debb15ff88,95fcaa47f7b25111716f6c2c15bd94dc3ebfb1708249506f41bd04c5b3e072a6,d7861e1f1a1b1d1c,13,ACCEPTED,Baseline Ground Truth
andrewmvd,potholes506.png,andrew_potholes506.png,train,324cc226733b430ba733850c735a7f85,88686972c05ce0f5facef3d0a4f24b9d36d7a6b733cb12ce410b648f25297933,81511b1e327e76f2,5,ACCEPTED,Baseline Ground Truth
andrewmvd,potholes507.png,andrew_potholes507.png,train,2ab55cf00b4fb8edea681fa587c9bd57,a913d7030a09a195992d98eec4590a369439076221c1174a006534126bb4e40c,9392b4e46d6b6949,1,ACCEPTED,Baseline Ground Truth
andrewmvd,potholes508.png,andrew_potholes508.png,train,59175e5eddff10600406e98047d6f857,9c01e27bdb740d2f04f4b61ea9a09e02c7a0cb3786d0f9f9996c5e8bbed31cf1,d7466363f191d249,2,ACCEPTED,Baseline Ground Truth
andrewmvd,potholes509.png,andrew_potholes509.png,train,5eb6852117e9a8620a063ac074d8841f,98ec82f4654b60c69326a494a4fd85c0f16c7215a8eabde19db61672da660bf9,82aa2ea96f406f57,3,ACCEPTED,Baseline Ground Truth
andrewmvd,potholes51.png,andrew_potholes51.png,train,e96c5dfbca3f8a4f337b7f4b5c77dcf2,75d004499045a4277dd2f717911bf3a741213ccec8427c7cf73c4c3d20fa1a86,f2f6199926474f81,1,ACCEPTED,Baseline Ground Truth
andrewmvd,potholes510.png,andrew_potholes510.png,train,400644f8efeac77af85e5b49a78057a3,86495a0184519f0599433f7ef5e600f7182ca85aef092175e924cf6a238137ee,e692a99366aa93c6,1,ACCEPTED,Baseline Ground Truth
andrewmvd,potholes511.png,andrew_potholes511.png,test,8267c3e6b16bc77aea9c7c48ddc257e1,4a28cd522c1d742d1669f5e761d6913a7977c6d3a356d6b065302ff8155f51e7,85b525aa2b6a764e,4,ACCEPTED,Baseline Ground Truth
andrewmvd,potholes512.png,andrew_potholes512.png,train,23db828027c313cff75703a3ff054b99,3315e61fa08aa1b1c861f8c5bf7db4addc757ce6b381a0b37689dd876cfb5c39,d86761be07706c0f,1,ACCEPTED,Baseline Ground Truth
andrewmvd,potholes513.png,andrew_potholes513.png,train,bb77b36f9fec199bfc5700424ab7866d,62886f0ff4d160de0479edc1f1f45722ee6ff797743a6553e320a1adbddbdaaf,8f7338a314c7c17c,1,ACCEPTED,Baseline Ground Truth
andrewmvd,potholes514.png,andrew_potholes514.png,train,fd7c88eb0038c38c539d240540e4eb60,d20d3026b915f2d3bc386c2f677618d7af756d1c4a655a5fcd4338617bd9120d,84869f9ebdbc90d0,2,ACCEPTED,Baseline Ground Truth
andrewmvd,potholes515.png,andrew_potholes515.png,train,9456e8b2d30c3a35fa37541d174c1b73,818b3e8ca65727901ed3e55a2d4c72ccfb071db08978ea7282a11fb071d34520,83d885e123d9d9e3,1,ACCEPTED,Baseline Ground Truth
andrewmvd,potholes516.png,andrew_potholes516.png,test,ec77b007b09fb56b68f1b7565208e1a2,73b563fb9362508b9df69ede1d6752c1af3324a04fe0bbe883d12dc11f125f80,cbf8b481c39e3a29,2,ACCEPTED,Baseline Ground Truth
andrewmvd,potholes517.png,andrew_potholes517.png,train,cf144dc9c0beb58e2c9b9b2541746c32,fd202502101d474fba1d9df0e077aeca2a102a0606129a7ee6fbbf5d140fc35a,f5b5992423b99839,3,ACCEPTED,Baseline Ground Truth
andrewmvd,potholes518.png,andrew_potholes518.png,train,244607919a2cca44971ce8bcc1fd9788,7cfe3b29efb48ff9fa939da6a376200aedfc82f5c124198a40083d24d8486da2,b7a9490c31c25f5e,3,ACCEPTED,Baseline Ground Truth
andrewmvd,potholes519.png,andrew_potholes519.png,train,2e629df4f5f52e5d2891793b1ceda8ba,5b400ffb3c68010abc6a98801f491e80eef68b43e3aaa2f51d4dd62ff894ec37,80b0d388fcc7587f,6,ACCEPTED,Baseline Ground Truth
andrewmvd,potholes52.png,andrew_potholes52.png,train,0a319b17e1f4bb0d62c1536d892e0b1b,a443a379e5924b175626235bce21ab8482a59e9da5fe59959457b0fe7009d19c,b6b21c9c3531333e,1,ACCEPTED,Baseline Ground Truth
andrewmvd,potholes520.png,andrew_potholes520.png,val,4ee7714dace4a14f269acd625e9e2edf,0caa3e2a14524ebf5161c131a74e76e8411f89d4dfe94a3fb9954f465d1b2e94,d2d6143ee4cd38b8,19,ACCEPTED,Baseline Ground Truth
andrewmvd,potholes521.png,andrew_potholes521.png,test,5abd6d0a5c35d1de174570d3edd8af68,29338da9c4b38341e63294cbed24e9d5244dc4a84e77436aee88e8cf8b6c4e73,e5923d8699c2e92d,1,ACCEPTED,Baseline Ground Truth
andrewmvd,potholes522.png,andrew_potholes522.png,train,58119c19f89d32caea959688b1ce363e,34f4a183cc65df3f0133b4764ea691522832f17cb43046611178cad6c68603d1,c54d2c2e8cc6d1dd,2,ACCEPTED,Baseline Ground Truth
andrewmvd,potholes523.png,andrew_potholes523.png,train,254c73bdf8a31495e67ba324e23fe860,5555deae906947957f3ea7da76cfde2646815653f936ca2534ff24acf61e9aea,cd460f2c268b9dd6,2,ACCEPTED,Baseline Ground Truth
andrewmvd,potholes524.png,andrew_potholes524.png,val,29714a5c85c624f236d949354e5381f7,5606db57c61081011199154a38353fdd74285de228106604deded4f56090a0d2,c11c476b33171f4b,1,ACCEPTED,Baseline Ground Truth
andrewmvd,potholes525.png,andrew_potholes525.png,train,e3d48fb3e16e542ebda1d35fa6a0b728,72a6f35dbd9bcf83977b2abd32e953155146e4fa6bf76edf209da9718c82909f,974a6b6d545a3516,4,ACCEPTED,Baseline Ground Truth
andrewmvd,potholes526.png,andrew_potholes526.png,train,46395efe1633b3aa5f234c537e06da43,c858a8f5b581f83d278dad9a231d0244fd55dae2b7dd624db5959e0fc39e2d46,ec93cf290ee1866c,7,ACCEPTED,Baseline Ground Truth
andrewmvd,potholes527.png,andrew_potholes527.png,train,37e13306d3ff4257f8f709d03ab95a40,a5e190738eafd1a5ae938527c88a65c3d0c2e777ae60316545fdeec45e816e43,90d66e668e8633b3,2,ACCEPTED,Baseline Ground Truth
andrewmvd,potholes528.png,andrew_potholes528.png,train,5a51b979c6c73d8337e244ece1702f3c,acaaeec5628d2cb796b3b3f079554846e673a44ee74b67253eff7af3dedde7ea,97a85c3763894e35,2,ACCEPTED,Baseline Ground Truth
andrewmvd,potholes529.png,andrew_potholes529.png,train,97140ffe3b7c0557b377030768568da2,7666a21addbc79af4a132232c5a94717be92e6bfa3eff647353ad0c330f5b827,af83b8965317426d,1,ACCEPTED,Baseline Ground Truth
andrewmvd,potholes53.png,andrew_potholes53.png,val,e193f68a160faeb722595eed8aec29d1,2ed7f679fa2326cdd8e98cd2bee923c167b6f528f048f4a3e1a7a5da9cdde2af,88d2cc8d4d63abdc,5,ACCEPTED,Baseline Ground Truth
andrewmvd,potholes530.png,andrew_potholes530.png,train,b5ce648dd35f40e49cc8231ade1fda8d,3f81d4524da24033cc91823eb16b598118afe0f0a0cef6773d09a3e163315b51,d59795d4534a2a5a,1,ACCEPTED,Baseline Ground Truth
andrewmvd,potholes531.png,andrew_potholes531.png,train,d5be765899b57d329c11d1b77fff805b,9fa060380bd87b4cbc6fa967653895b4881db4a30c7864009b4b775e2a5c3fc6,9dbd7f624e4c0831,2,ACCEPTED,Baseline Ground Truth
andrewmvd,potholes532.png,andrew_potholes532.png,train,a830f4349eaba766820ffa4b32d7bf6b,879ddb006f46a557bd56419f3f75f005b37d980b4f7bc427c8c2d11771ef2c5e,c7c55d4546475d4c,1,ACCEPTED,Baseline Ground Truth
andrewmvd,potholes533.png,andrew_potholes533.png,train,5499cef90f8f6828c8185df6d4d3f887,31902089a0b2a4dab7085b6259e883784270b23b5fe08967d23f1229a3e7a54d,b239021a69705fdf,1,ACCEPTED,Baseline Ground Truth
andrewmvd,potholes534.png,andrew_potholes534.png,train,59497477a5b1c787f0af5ac38a77fa25,b49bfa74de6562abd3d71363f88ca79e731ab498119a5ded30335ffa7981002a,d81a1adec4968eec,7,ACCEPTED,Baseline Ground Truth
andrewmvd,potholes535.png,andrew_potholes535.png,train,2ac34adbca7f04ec4d18510c95100288,074014dcb9cf84c442f0437a4241fb69cfff9ee3f5600c8a8d34d8b2959737f7,c5cf587164b63e30,8,ACCEPTED,Baseline Ground Truth
andrewmvd,potholes536.png,andrew_potholes536.png,train,1c73e68530defe28ead1fe41b2c6e530,6afd4d38db68e6abce706a7a4734de7c94d2f7773c0df7e6540704364b231717,d5b52aa3368c8575,2,ACCEPTED,Baseline Ground Truth
andrewmvd,potholes537.png,andrew_potholes537.png,train,d4b2dde5441509346fafc9cd61ad7e8b,3f0b0d5a3eb9705d9109f52be8511bdb54638af5a83425bafa8003492872bb00,d1795d1933258597,3,ACCEPTED,Baseline Ground Truth
andrewmvd,potholes538.png,andrew_potholes538.png,train,a2771c9f7758ce5d3e155b72f7db43f5,dac72f2163bcf69d05f48152bdc16cf475686833b2527d7ed75d6fe39974dbcc,90ed90cae5f1b8ac,5,ACCEPTED,Baseline Ground Truth
andrewmvd,potholes539.png,andrew_potholes539.png,train,a6dece0b1245eec35c93869b5cc0bec3,e05db91f44fe3192f9d4917d83d800c1049b3f28e7bb45fdb1b04f3026fb93b9,d7ef38906b373012,1,ACCEPTED,Baseline Ground Truth
andrewmvd,potholes54.png,andrew_potholes54.png,train,8b5f6cfe7121a784fece3487fb24953a,555849ec8d748dd9b5eac43a4bf81ee24b7f19895fd84df8425d627542ad38e4,c0ff7818c1630d3f,1,ACCEPTED,Baseline Ground Truth
andrewmvd,potholes540.png,andrew_potholes540.png,train,097bdd68fd6c5db0dd2a09c1391d4675,f816cde11232736a9f9108ab32a58649cd5e43ecc4531f0b3d545d52c2aa625a,ef9f0963500c8de3,1,ACCEPTED,Baseline Ground Truth
andrewmvd,potholes541.png,andrew_potholes541.png,train,3a395030d29e25a7e3cc47c5f55da818,9adb2cf2cecbe4d86a7535770a27d87c0eb28258229652e24b6ebc01db73925f,8af0aa89f0d5d5ca,2,ACCEPTED,Baseline Ground Truth
andrewmvd,potholes542.png,andrew_potholes542.png,train,29ab2903687b622186a89eaaf5e592e5,ca94f4be73bf1fe3fa8e9fa1b2ab2f01bac50144f21065b357fdda26f4a24a89,de41069e3813b79e,4,ACCEPTED,Baseline Ground Truth
andrewmvd,potholes543.png,andrew_potholes543.png,train,0562f13b4989f7430b6a1e7de674c343,0e09dbb3a86a02e3ce879e3a3bbe6b7db6d9e89138f12ff48d0ccd6a8f19fe79,c43192ce6733b8ce,1,ACCEPTED,Baseline Ground Truth
andrewmvd,potholes544.png,andrew_potholes544.png,train,e1b467ca4cd25cc71827129d54771b60,2b35a1ecb59cb141f78d215986f89d28d29b715b70984fb87eea3f5e1418a9d9,bce8833f7c18f902,3,ACCEPTED,Baseline Ground Truth
andrewmvd,potholes545.png,andrew_potholes545.png,train,fd47a06206e32ac758fb81720e90e758,96af431ac2799fd30bdd257b95c2ad46755a0eef84a205606740f0f4ed3c77b4,9be41a2d149377e1,3,ACCEPTED,Baseline Ground Truth
andrewmvd,potholes546.png,andrew_potholes546.png,train,a499cc7c672028960fbbc3a77a3aed8e,965f67bda87767b844245cde0ed7b5b639ea4b4df3408c6d75fb5d174c85fa5a,8de8e3ca596c6662,1,ACCEPTED,Baseline Ground Truth
andrewmvd,potholes547.png,andrew_potholes547.png,train,10a166cda4b0c8cebea6edd6b3e9f6a9,70feed70d5a09799d3fd58954f790216bd355cfb568b8431b29a2b0116aff244,ed8f2d38476d2407,4,ACCEPTED,Baseline Ground Truth
andrewmvd,potholes548.png,andrew_potholes548.png,train,212b44627ec83d2a6dc1007d6f3757e0,84107389d0ee7ceba00652f2dbcca36ee80ecc83eb4099bab50d1f97b871d98d,c276a1d84dac966b,1,ACCEPTED,Baseline Ground Truth
andrewmvd,potholes549.png,andrew_potholes549.png,train,8eebb06a82e68ab2f8524fb961700e46,05e49ac7e89c4a6991bf3d581ed489143b19a1866333937fe727df9c03e633d6,cd8e8e8cccc95353,3,ACCEPTED,Baseline Ground Truth
andrewmvd,potholes55.png,andrew_potholes55.png,train,fe4c199893b56d4d712bb85b284c9599,92b031eba5ad3a0cabad6518ba8a6915d030797a1f094d7d0611cbbc5e218365,80d55c6363726de5,1,ACCEPTED,Baseline Ground Truth
andrewmvd,potholes550.png,andrew_potholes550.png,train,6296d38489ea86bdfccaae330456b49e,32208c8ffb1cdbff0d9d84bd065ae7031d900c331e031b9196f5660a8d76ff3e,ea989462e364fc9c,2,ACCEPTED,Baseline Ground Truth
andrewmvd,potholes551.png,andrew_potholes551.png,train,5e63eb97aebb05d899fc94a50786d485,afabe3e0108957b5830ccf34547cabdb1ada6e63fae6cbd2d0f6943ab44ccc58,fcf9d3b6d8c82060,1,ACCEPTED,Baseline Ground Truth
andrewmvd,potholes552.png,andrew_potholes552.png,train,e1829c48f08135407ff916e7b00ec6a6,f861393dfedcf5ad4075747c5aa39eba5a93f2bcf697e683b1af47935f9704fb,d1e3b1992e8e8da4,5,ACCEPTED,Baseline Ground Truth
andrewmvd,potholes553.png,andrew_potholes553.png,val,c82ef4a7e517840f86fe94cd7db68823,297368bfc30d5edc34202a46fe0bd14215dad0a75a7fd8c508f3cefd5f9854d4,a2e125a5d3dab513,1,ACCEPTED,Baseline Ground Truth
andrewmvd,potholes554.png,andrew_potholes554.png,train,99c90647a797c07b909d69782ee04e3d,90e9c364a4f14a5de11e2e01452518eed8699d05023422bcbaac9c344b4cb080,d4754b45672a2575,1,ACCEPTED,Baseline Ground Truth
andrewmvd,potholes555.png,andrew_potholes555.png,train,932ca8e7eb00d32f5c22993bcf0f8f87,a2f5c4f5b890d9b26cd968f0fd34dcca4e39303ce5981d75ed22b3c33dceffb9,84b80ada53d54ded,1,ACCEPTED,Baseline Ground Truth
andrewmvd,potholes556.png,andrew_potholes556.png,train,66fb4ade9ff6efdca566dbd84e5a61d9,8cb9f9f747e7e291edfa044da75d3bd3ce66dc6f19f59647cdbea93dd7bd23a0,d8c1434d475c4eee,2,ACCEPTED,Baseline Ground Truth
andrewmvd,potholes557.png,andrew_potholes557.png,train,b2a9ff6b08cab6e9a3857e5904241e8d,d353d5af6782117b97768ba708ab455e4b3489e6eff27809abb08b35f5e0d66d,89d885e251afc697,2,ACCEPTED,Baseline Ground Truth
andrewmvd,potholes558.png,andrew_potholes558.png,train,a14cc41c81fa230c831bdd418b412c7c,5b143296db9c21c978774425b6a34dad8987d45e4fe437ddeff1d443c8937941,c21f74594f328e8d,1,ACCEPTED,Baseline Ground Truth
andrewmvd,potholes559.png,andrew_potholes559.png,val,b782b7136a1e294540fb6ca371c09feb,6c3e74e2f114b3d42f5a9391afe6990cdb5c5a2cd4bfaf32e083c55db9895797,d79056d25a9b0b2b,2,ACCEPTED,Baseline Ground Truth
andrewmvd,potholes56.png,andrew_potholes56.png,val,55a50327dd2014eead42a61e574de2f3,9a6bfb5e164f0b2c3ee6082dd32dedd1a087b44e6d0ac03054c7289f4967070d,94d3496a2925bdec,3,ACCEPTED,Baseline Ground Truth
andrewmvd,potholes560.png,andrew_potholes560.png,train,55bbcac92105480a94ba9b07889e53e5,d70be6ae5e215360e69ac394f528b83f1b18dd0dd6e4b41b1258d56634de78b0,c34b23b3529b5a5a,1,ACCEPTED,Baseline Ground Truth
andrewmvd,potholes561.png,andrew_potholes561.png,train,66448cb89aa780f468727ddad800fae8,4f1c8602bbc3e8dfbdaeb1ee6eb180421cb99e3e499f935c56283358f137d310,8ca38cae2a291f3f,2,ACCEPTED,Baseline Ground Truth
andrewmvd,potholes562.png,andrew_potholes562.png,train,6c427ee3677f45b93b366c5b5e3e65ce,cdc71785033b6a5afba1bcaa4b2785d169ad9d040bf24d51237e42b491c18d62,e2bed672e6b090c1,2,ACCEPTED,Baseline Ground Truth
andrewmvd,potholes563.png,andrew_potholes563.png,train,0fcb656e71d287254e6c2246a8b43e56,772f7e85be9f208bed06e317bd6bdaccd37d582049695abb93454dc6a2ffbfd8,c183110f673e3cfc,2,ACCEPTED,Baseline Ground Truth
andrewmvd,potholes564.png,andrew_potholes564.png,test,a1d6a18f04b32ec5b8af699e2bd7197e,061acf82f557652d4738f39c706031644f738333d6ec5da5a029e64004ef3938,eb889a3b34e4199b,1,ACCEPTED,Baseline Ground Truth
andrewmvd,potholes565.png,andrew_potholes565.png,train,7d421c290dfcb04332a8bace057d5e58,7fd9c350b725443119cc8f76a438f03bdc5c00d98b84263fc22c6ec398f5ff2a,8c9e5e7365c14565,1,ACCEPTED,Baseline Ground Truth
andrewmvd,potholes566.png,andrew_potholes566.png,train,faba1a9d5413d44054e8ace0e022410e,fbe33cb9346b134d6edb91fd37c6e6294c0b29a35e731392bd3f608aa878e02e,d28092f09f789f72,2,ACCEPTED,Baseline Ground Truth
andrewmvd,potholes567.png,andrew_potholes567.png,train,cb80dfd97b8d032322ff8f4a9d4c0e89,9723462b0cf15c678d4a9049906e9a0dcda1a70c1f9487b6892417caadde9cb7,d7a42ed4e4da3425,1,ACCEPTED,Baseline Ground Truth
andrewmvd,potholes568.png,andrew_potholes568.png,val,a122606467429b81bea2fcd4b37e9a1a,8d90765c4d86e58c9cc32b1743fc34c09cd36601559e3279f90f2f64358bf309,a926943fd61d869a,1,ACCEPTED,Baseline Ground Truth
andrewmvd,potholes569.png,andrew_potholes569.png,train,4b4c7bf37c373327dbb09d2c9ae8febe,2c2b448080f19b23f5567f1b9f47fde6ff64e09f15867bec5622a6ba5e41a18c,95384e7093a497ed,1,ACCEPTED,Baseline Ground Truth
andrewmvd,potholes57.png,andrew_potholes57.png,train,494ff0400eff266e78afb9f903a8f948,9ae9d162989cc98d132cc6dad3e312dde81dbdc053b3742702c2140f4f8d1eda,d62c309be5ce469c,1,ACCEPTED,Baseline Ground Truth
andrewmvd,potholes570.png,andrew_potholes570.png,train,d2d2161615b12b9c785fb3e3bbbff214,07c063d121efdc5f5b28100844806a34ce2e6da0769c2f496c6226bb0181f24b,8c838c23278dadbf,3,ACCEPTED,Baseline Ground Truth
andrewmvd,potholes571.png,andrew_potholes571.png,train,b2ad2bdb2f85ff0cba16c97bbbfda5e0,3d34fd741c29e2938dba7dc2bc413129d0c8fc05d0df58c421c500a9f054a95e,c5cfd8ca06ca4579,1,ACCEPTED,Baseline Ground Truth
andrewmvd,potholes572.png,andrew_potholes572.png,train,6951521c06346f86c501facc46c23cca,40f0542b5c9aca96e7d90355d12470a4437fc38c79448b09623c619f540a5594,82da4a6a6aadf456,1,ACCEPTED,Baseline Ground Truth
andrewmvd,potholes573.png,andrew_potholes573.png,train,b8f7376e2cdf78c4b9b81a78a71cc935,96f6573950fec5b8792f350d4568565a4d25b570a2aee43be13782322a260b14,9fc0d6cf496466d0,2,ACCEPTED,Baseline Ground Truth
andrewmvd,potholes574.png,andrew_potholes574.png,train,7ac0832433c6d2a83f8741789bb786c2,2e4dca67937f6998c75d2af23525c8d1e25f0238b26c75f9b098342e34124f22,cdcc5ce8e1c2d2d2,7,ACCEPTED,Baseline Ground Truth
andrewmvd,potholes575.png,andrew_potholes575.png,train,585fe3ec0b487d9a2aa63d173f074527,670cb6810975b498d0d8363a7a7fa287074fa57a9f8c958c23410fcf7726e415,d1c4959d19393b9a,5,ACCEPTED,Baseline Ground Truth
andrewmvd,potholes576.png,andrew_potholes576.png,train,882b0d8381b8faf26f206a2580dcb213,5d715fc19bd43e44d04f8df5bfceafc2a6b5125381d41dedf447642293027cd3,c7c712327a696d51,2,ACCEPTED,Baseline Ground Truth
andrewmvd,potholes577.png,andrew_potholes577.png,train,bfd63167f23d2498e08362a34fa94349,e8495259898149a487feb50dc24850db1da74f32fd85a8b450bb317ef50ba1f1,d5795e5335159452,1,ACCEPTED,Baseline Ground Truth
andrewmvd,potholes578.png,andrew_potholes578.png,train,e0b7041ec17430a8d69fea7b1b820d5c,81ec502fe984a456deaed7a2a0ba2fbefbce14975e0e0b47ae2692a6a8e09ce7,d5b60c74338b0dcd,3,ACCEPTED,Baseline Ground Truth
andrewmvd,potholes579.png,andrew_potholes579.png,train,c58585a4e5b887d5e1602758fe2239b5,de389396358c2eeb634f4860e6e715a40f9c0be8cc84d5a5507db59705f38c81,952a5dfb71e0440f,3,ACCEPTED,Baseline Ground Truth
andrewmvd,potholes58.png,andrew_potholes58.png,train,5bebd2e8a6eabb3fa420dfc1d8d6d485,4f7cd3954d3575e30f7aa3f865562dc88cd380c19bcb54172d4825edb582fdc2,8a153962665cddce,2,ACCEPTED,Baseline Ground Truth
andrewmvd,potholes580.png,andrew_potholes580.png,train,6448e5dd07539e4805691b51fae52993,df495d4c896d252b88d6a17309399b1033dd426dbfbc6b8750dd1957e952f219,c08c190e6fe45f1f,3,ACCEPTED,Baseline Ground Truth
andrewmvd,potholes581.png,andrew_potholes581.png,train,46891570c3c0e53c5bafb0bea5067261,06b64c8db3fff0b9d7b4dec0cb2ebaf93ecacc75887630596689ba1b37a8f37d,87948dddc3c1d4d4,1,ACCEPTED,Baseline Ground Truth
andrewmvd,potholes582.png,andrew_potholes582.png,train,f239001f40d691907351cad7becc8246,a725c61969cdb8486b776edce4e7f2a856416357d32562475d02039bfe894e60,aa6995956a7aa519,1,ACCEPTED,Baseline Ground Truth
andrewmvd,potholes583.png,andrew_potholes583.png,train,8cb41a96ae20494f6860f2e12be75c59,e9d63a8a2cca59160cd00a83d751819317c736b89787c6e29ae7a034979712e2,8da412966b6b33b3,3,ACCEPTED,Baseline Ground Truth
andrewmvd,potholes584.png,andrew_potholes584.png,train,4681f3e0dbb830fb7fdf9795fbd15bca,b5ec867ba3e6e3e2ebf91ab8540ffb5ab3b7c6148ad6d3edb2ae90932b22fda4,c0734e0f476e4c67,4,ACCEPTED,Baseline Ground Truth
andrewmvd,potholes585.png,andrew_potholes585.png,train,7a1205e1264418f3e748850952fed59d,6aab5e674aee80910c090b064c3eb21d60f314adad975fb005d66419805457fa,d942a636692cfe68,2,ACCEPTED,Baseline Ground Truth
andrewmvd,potholes586.png,andrew_potholes586.png,val,c78e7e2e5e7c182bda622b83ff5e3545,6ae7073273e363a11f275c4c6b1461f0a2d7df8f5788f963be375bcec26e1ea1,ee62e01db5a0b61e,2,ACCEPTED,Baseline Ground Truth
andrewmvd,potholes587.png,andrew_potholes587.png,train,b053c5a8acc12921fa108d6878f29025,41fb1a7b8e5a1ffa28e51b32ea92fee5879f2c21d1ab4fb3689d044e8c514e9c,c241e3e7959a17ca,1,ACCEPTED,Baseline Ground Truth
andrewmvd,potholes588.png,andrew_potholes588.png,train,db6ca1d64bea4926e744c2e1b0ebd095,e9d38f4cf8dc8059f7f7f334d66362c3ce8ce00f44876e5de0ec5e797ee2b0f0,9abb2425f6f8890d,2,ACCEPTED,Baseline Ground Truth
andrewmvd,potholes589.png,andrew_potholes589.png,train,e511ed679735bfeb84d111d57fbaa12c,14ce79ad0399477d8573a7e0e08a9a003710718662ea524ae6e16828379d25f4,953505f771c39a34,1,ACCEPTED,Baseline Ground Truth
andrewmvd,potholes59.png,andrew_potholes59.png,train,056658a53ca3cd746c22d8628adb9105,1e06f5015f53b2a8b0b592c4d5bbc56ebd673e557b05d523a3daf5ea48fd84e8,918e9a3167b39965,1,ACCEPTED,Baseline Ground Truth
andrewmvd,potholes590.png,andrew_potholes590.png,val,bb1bde2bd898e52e5de4a6ba2940b718,4efd7b50428de0cd7c38bedfc68808f304c1e806e0c98c209c147f6418f64800,f5d99a4a6669e908,4,ACCEPTED,Baseline Ground Truth
andrewmvd,potholes591.png,andrew_potholes591.png,train,c3231c3d26eadd93be3bda75e169b286,5719e5945c4d3dcba51486830b295215d2551f76ba8d1d62317794760ea64add,aaf77657b094b018,2,ACCEPTED,Baseline Ground Truth
andrewmvd,potholes592.png,andrew_potholes592.png,train,a1c198b0077253d3cf72b5e3584672b7,81b2afdedab5d2d962f3088cbaacfad2977385303f059e655c7c3f52cbf361ea,89acc9eab7d06227,1,ACCEPTED,Baseline Ground Truth
andrewmvd,potholes593.png,andrew_potholes593.png,test,84052f0835c8a29e1ba9f90e9471b447,312812462cfec3c396c4303f48cc788271b013ef0f1cc07a7a13168aedbf8421,af0f4168d9793b11,1,ACCEPTED,Baseline Ground Truth
andrewmvd,potholes594.png,andrew_potholes594.png,train,f9605cc6a5f60ead9520f8b3b2bace6f,cec4d769ee38c7948fb4539fbdd66f15477032f5f0d3d0b0189aba67a76a5564,9f94c2afe0e25e18,1,ACCEPTED,Baseline Ground Truth
andrewmvd,potholes595.png,andrew_potholes595.png,val,9d9d8e8c369c629032cf37accfdc6e0e,f510821b455d37fc39800e7199be227c738c836d9022b292629ac095ef6ae2c7,f9f9f09ba90542c2,1,ACCEPTED,Baseline Ground Truth
andrewmvd,potholes596.png,andrew_potholes596.png,train,d70ee499076b1bc013a4b9f05085e273,12d2430bd344cabdb9c6b16d42081de3d5d2db6657f35aab96634f9391fbc825,8d9e73633c2c930e,2,ACCEPTED,Baseline Ground Truth
andrewmvd,potholes597.png,andrew_potholes597.png,train,dc38e52589e9b5826348853f3273fb5e,193caeb5b5baa5bee8648f968c20b42ce9bb07c928708c02a729a92ee93fee22,953c3d1634e7e0c3,7,ACCEPTED,Baseline Ground Truth
andrewmvd,potholes598.png,andrew_potholes598.png,train,bbd099bda8c7ae1d5c4d45cb4aab8089,0476ca4c1a7b68e90ce07f0cf8715c73bcb18eff55c3978c430058c2b6378ada,d89b33674c341c37,1,ACCEPTED,Baseline Ground Truth
andrewmvd,potholes599.png,andrew_potholes599.png,train,bf5e12b2b47ff5d4c95c2561aa576229,b55393a08a6e51ce86c0ace796695c1afe0333d62455763056df3e9b45f74d7a,a40e1a7ee6859fd0,3,ACCEPTED,Baseline Ground Truth
andrewmvd,potholes6.png,andrew_potholes6.png,train,a011f240e65678d01e9968fb917e68f5,91db43a7d7d5d2048c16c725e29fc413f1b5e13be1f57c17c3a103edf799039c,d32c9a073f70c9c6,1,ACCEPTED,Baseline Ground Truth
andrewmvd,potholes60.png,andrew_potholes60.png,train,36fd030656a02a35bc61016c7fd390c6,938901b48cded49d2856726b250f3dffdcb43d7eb924776587e7cbbcda317e84,bef7f1c0c0e0f031,1,ACCEPTED,Baseline Ground Truth
andrewmvd,potholes600.png,andrew_potholes600.png,test,ab2890895ba0e4592afe0d11ad10836e,40d7ffc2a6f08dfb8cd3190a1e7c22f6b2879dfe173db8aa7db0c5f20d89322b,aedb5274e4c58d88,2,ACCEPTED,Baseline Ground Truth
andrewmvd,potholes601.png,andrew_potholes601.png,train,3e92bbaaa9b6694897bdae66270c27f5,4b45600c183516d7717d4135e8b47c2971721e30e89f6245c71000d52a5dcaae,8f0090f8fdef3c21,2,ACCEPTED,Baseline Ground Truth
andrewmvd,potholes602.png,andrew_potholes602.png,train,b30ec66f63840a924582f496fc36d620,76cae84ddd6b1e57937b70a684d069940547fa1e44cea39a7125b890803c253a,ce39396ac016b765,1,ACCEPTED,Baseline Ground Truth
andrewmvd,potholes603.png,andrew_potholes603.png,train,96b10ff14647cb83abfbc39ae84bbf2b,8f09e87d7c887320cf05aa9750f718e7df9046b46eea17fcfa38c8fe6155eb04,a9f4c42156ed59b4,1,ACCEPTED,Baseline Ground Truth
andrewmvd,potholes604.png,andrew_potholes604.png,train,7e421de8e318685172796a127fbffc00,2126131eb02b50bc8b2e91f30efaf768a9a83a49c28b8939767857f647c7b414,9687d4cd426a6e72,2,ACCEPTED,Baseline Ground Truth
andrewmvd,potholes605.png,andrew_potholes605.png,train,33a57bc4d86701c5ee20e781ffbe385d,e5d7f885eca67df08c57254bba7d68a8494d63ae5b4be390038587d05da56624,d0d141696d3d3d4e,1,ACCEPTED,Baseline Ground Truth
andrewmvd,potholes606.png,andrew_potholes606.png,val,2c99fb8fd90a823530806d298109f8ad,0818762572357ef1a90f9bab500506b92e68157afe5b6a4793cb8e0dcbd1bfd0,85084f0b3e0f1d7f,3,ACCEPTED,Baseline Ground Truth
andrewmvd,potholes607.png,andrew_potholes607.png,test,03641039ed6c078c6e5ccc9596b04581,3004865b7ca426ddd7b28f80516d15f6c15d47436392ef6cf6da6b6869502cda,91fd56493879588d,2,ACCEPTED,Baseline Ground Truth
andrewmvd,potholes608.png,andrew_potholes608.png,train,c130b3261008e909e50bafa9d26d100e,105ed939ed001e09f9321eaf840c06c2db1ae1d2aad848d57af0802fe6ebbefb,9ff0021f50c31b5f,1,ACCEPTED,Baseline Ground Truth
andrewmvd,potholes609.png,andrew_potholes609.png,train,99ca16b5b1d3023b1bc7dde15bbace87,274d0244514112f8e8465d01f36626b3ca5f86f9659c2d3edb3b1a7d8f30c0fa,e1d000eb956b7f94,2,ACCEPTED,Baseline Ground Truth
andrewmvd,potholes61.png,andrew_potholes61.png,train,705268bdff8b98595e152e2606eedbf3,dfea8890f59edea044e4e1863148f867f4c928393aac4de5d98b97fe59f1696c,971cf5370c76c28a,1,ACCEPTED,Baseline Ground Truth
andrewmvd,potholes610.png,andrew_potholes610.png,train,8c202567adf6c361b2563e874562f3d7,6f7440bc6d19373f72b9e561b674a12ea5671eb126613077829d528007938456,aa7acd643511caba,7,ACCEPTED,Baseline Ground Truth
andrewmvd,potholes611.png,andrew_potholes611.png,val,94415ef5f258617bbcb106216aac8272,1f6c9e404e599d7f7325a3ba5fad5cb7eb49cf425b29f8da191b09b1f1358bd4,e66323adc16623b5,3,ACCEPTED,Baseline Ground Truth
andrewmvd,potholes612.png,andrew_potholes612.png,train,6f54a9d1e0130b020138d8a565c38cdd,e0911f3a46944a7bba5cad98bfb8d328b1f129bc93360919deafc0c32e4ee1e5,90935ac6347fcca9,1,ACCEPTED,Baseline Ground Truth
andrewmvd,potholes613.png,andrew_potholes613.png,train,972faad3d2e54ffefc761d7e78a1399f,eee4ca5e358ceb51d3ebf4080eff4bd3f97f51ac6f23a6cdf260ea3d25e2b4d6,d79787a995c16870,2,ACCEPTED,Baseline Ground Truth
andrewmvd,potholes614.png,andrew_potholes614.png,train,7dd1ffd5285f010765838fca9c6f8298,e8d339e5548fc99e821e11b2a87bed2f68eeca5d13d3bfc32297e295edcb5910,ab0d9e621c336763,1,ACCEPTED,Baseline Ground Truth
andrewmvd,potholes615.png,andrew_potholes615.png,test,dd9031bf9cb6187f8397ca17aa6691a2,ac199f9dc97b75869bd032e33c471c8b4dcbe64a35a0a2ade8fdd7eee6591953,b5346aaba29d5534,3,ACCEPTED,Baseline Ground Truth
andrewmvd,potholes616.png,andrew_potholes616.png,train,28f6fc43ee9b3d0b0ae0940a39c95763,3277200a0c4329e8af8ad547b5388d9f65c93b8919305e7959dcb16f657751a9,822da1a39cc77573,2,ACCEPTED,Baseline Ground Truth
andrewmvd,potholes617.png,andrew_potholes617.png,train,979d70eb17eb3c64e897b830365fcbd4,0315136ea1821617f39d50b5a1d673a0bdc40871d3a22415953ec369883c587a,8fb602533fc91d13,2,ACCEPTED,Baseline Ground Truth
andrewmvd,potholes618.png,andrew_potholes618.png,train,25b5d19fa14443659012cdc2d6f0df97,3c9d2dd27bec38080f2d36b186752ee5b276f3d7d3edd0f772bc9ddd1792199c,e1f64b36d828b613,5,ACCEPTED,Baseline Ground Truth
andrewmvd,potholes619.png,andrew_potholes619.png,train,518d9647d27e984907dcc5ce399916db,f9ed2ebe984cc29d53b7265eb3c6df8c644c70132e9013e1b212f74a06fb0c98,d1c001810f7737ff,3,ACCEPTED,Baseline Ground Truth
andrewmvd,potholes62.png,andrew_potholes62.png,train,cfc6a4be77aab71f14a07703e09916d8,b4bb9adbea9410c537db02c1c971749047aa4cfbd3b71c9ee87c1514e2844c30,fdd0c2947f386223,2,ACCEPTED,Baseline Ground Truth
andrewmvd,potholes620.png,andrew_potholes620.png,train,b6eb825335f27eb60ea54e1b61d25571,9bdb72780f9e9ed3b341dacff7f9f6d73265b9b301d8878427b127008160f478,f170787a30b6d85c,1,ACCEPTED,Baseline Ground Truth
andrewmvd,potholes621.png,andrew_potholes621.png,train,304f4c86dbdf6dae4ce57b88368a4082,5f8294898fa25509e2c9ce56936e301e926208545dc113ef1ccaa5106705b071,c0e01f8ef81cf3cc,17,ACCEPTED,Baseline Ground Truth
andrewmvd,potholes622.png,andrew_potholes622.png,train,57bc3c253001930bedc55e62d230fb9c,30d7789b32c2423ee6a3826bbde810c8a320018367a0e350a720a50fafa42a3e,bf40c06073d7659d,1,ACCEPTED,Baseline Ground Truth
andrewmvd,potholes623.png,andrew_potholes623.png,train,d95d33e029da693350a8f0aac4e83295,fb0c26b1a0c9d01ce81b7c00f006644d8c6640280e0c5642d9ec83217afa1141,b226a79c3a7ec069,2,ACCEPTED,Baseline Ground Truth
andrewmvd,potholes624.png,andrew_potholes624.png,val,45e2e56f381fea428829b64e6d8e7ecb,2eb08086462051cbdbd8b38b20f81546b778b67d0a5dbc2b9ac2996131fd779d,8ab39d9151b3a6a9,4,ACCEPTED,Baseline Ground Truth
andrewmvd,potholes625.png,andrew_potholes625.png,train,c8f7e001e5a6e6811afcc9d2d03f13ac,00728d72e58332ebb2505828e8bf7c3c3b8a2072e69d3c993e261a4839adbfd5,94f04ffcf0726849,3,ACCEPTED,Baseline Ground Truth
andrewmvd,potholes626.png,andrew_potholes626.png,train,38b45c484b77f017695e7b5aeb0e7f83,09c8306f37af002e11f15b1ac3cb7b3d4e7b189f0b3fa501e6da5ff430b4801e,b0d70f07d0f81f07,2,ACCEPTED,Baseline Ground Truth
andrewmvd,potholes627.png,andrew_potholes627.png,train,faf1f77eb58a028dcd4346dbe7ba2c4b,fff17d8c8d7ea38ffb7c6f6e9d611c69e23c316d721945d9db6eb702bc6f4a22,d79017d7528da5a4,1,ACCEPTED,Baseline Ground Truth
andrewmvd,potholes628.png,andrew_potholes628.png,train,45a4c3ba0e42f315bd40f0ebe1d24868,9eaaf37f5f8e4249225620b5c28937277721fca245c87da9e1f24406c5f3ac6b,d187ce860ec45f5c,2,ACCEPTED,Baseline Ground Truth
andrewmvd,potholes629.png,andrew_potholes629.png,train,aa37df8d8c08c971ff9a386329a2c959,236f0f5ed6ce298c67fb37611fceaa9aee6e9521260d81eef404a340104908a9,95d24b66080f3f1f,7,ACCEPTED,Baseline Ground Truth
andrewmvd,potholes63.png,andrew_potholes63.png,train,7801358344e5ff0d257bb650d4919e70,29f4133cd0250e8b8128a40d05a6a860c6a773c8197f294dd2788c91c473870f,c6c2d2d9d9d19929,6,ACCEPTED,Baseline Ground Truth
andrewmvd,potholes630.png,andrew_potholes630.png,test,5feb513ecb02dd7050f1a9624975be7c,80c68150fc19363b4d9619daa174f785f04e27eaae40562b531de67b93bf35fd,c6c6c6f6eee8e080,11,ACCEPTED,Baseline Ground Truth
andrewmvd,potholes631.png,andrew_potholes631.png,train,211c1cc4217194ca5fcb2850c7d11d8d,0f00afd10a66683cfbcd14fb3901a68be80a6c0fc2f9092261f23543c95915ea,d1a52e5976356d0a,1,ACCEPTED,Baseline Ground Truth
andrewmvd,potholes632.png,andrew_potholes632.png,train,afac3b6f60ed7c1bc7e26e44b626b1ac,b05a212c91c884651a5db4bc1fd0af099346bdfafc061bf27eb8f1ef5c5fda19,d0e0e5d8e16343d7,2,ACCEPTED,Baseline Ground Truth
andrewmvd,potholes633.png,andrew_potholes633.png,val,45d1f389213ae43f42217841dac83d84,923988961de79afb1cf812dc9aa39876fae7dc683d00627aed584014987425fc,b4b0b8b7b3cdc430,2,ACCEPTED,Baseline Ground Truth
andrewmvd,potholes634.png,andrew_potholes634.png,train,6162b18877d92636244d2b0e69856c1b,ef3c17e5f40b858d03eee45b85c5011b94f71d1145caa5493e87beeb20c91b31,d02121725be9e3f3,7,ACCEPTED,Baseline Ground Truth
andrewmvd,potholes635.png,andrew_potholes635.png,train,cfb4f87ec17bcf1277154f1473a23061,949c40c5dcace33e174ff6a7f2c93a5196c9dd74b93171df235148ef8fd9a86b,81f40fc03ecdd647,3,ACCEPTED,Baseline Ground Truth
andrewmvd,potholes636.png,andrew_potholes636.png,train,dfe5efecd9e3fab6b9dc2745bd0eb23a,959b049957b779a5aa7eef2084e3429cc03b8c37d6f6509a0a96cfb12033683c,d309353463bab173,5,ACCEPTED,Baseline Ground Truth
andrewmvd,potholes637.png,andrew_potholes637.png,train,32b0ddc96a137d5945907ecf03de38f7,c2f4c54473d4103df47ea47297f7dda5af2e3305a5e229338de73f200a9659ac,d7cb1122210f3d7d,2,ACCEPTED,Baseline Ground Truth
andrewmvd,potholes638.png,andrew_potholes638.png,train,ce71aaef4519a682ff2ba83b85edc9d6,f06b1aebcad542d034b8c4e9f48e96e5fb6ee5469a789253fa795c859c7b3ae1,aaa4d592c3dde0cc,1,ACCEPTED,Baseline Ground Truth
andrewmvd,potholes639.png,andrew_potholes639.png,val,1ed906c06ae93215dbbc5e51844b02c6,50ca70e47ebbed98d43ab63b5da462b0c046877618c8a66820c24baa7b2dc8c0,fce083939e997161,1,ACCEPTED,Baseline Ground Truth
andrewmvd,potholes64.png,andrew_potholes64.png,train,2ea7103165491b940dff082e28ff6897,9b50dc023efd2771428135af75783601e263f7b5443d1f60bc25a37413ef7466,b83e32787a72d8d0,1,ACCEPTED,Baseline Ground Truth
andrewmvd,potholes640.png,andrew_potholes640.png,train,e3351e4f59cf852604ff6c1541d49314,acd5fb8daa7e614fa875a4fd6b71a1e1350d06fdcffe54bf6fcfee8360ec0bb9,9c897e2f9292899d,5,ACCEPTED,Baseline Ground Truth
andrewmvd,potholes641.png,andrew_potholes641.png,test,819c2868ad5952a05b4b16f9e125e0be,ec9a772027d3565475f7eb67462c8836a74e52949db687db888d09e04a263fcf,e89fda88642d37c2,2,ACCEPTED,Baseline Ground Truth
andrewmvd,potholes642.png,andrew_potholes642.png,test,cde789aea53bd27d86065e79e92c719d,8d6f6a6fcc30e9bd57e652dacaa6a878097c84eeebc9317c1ab5e628985908ac,d3da8c84a7bd4c25,1,ACCEPTED,Baseline Ground Truth
andrewmvd,potholes643.png,andrew_potholes643.png,train,cabc6457af09e6030f99a74cc0645852,80a05cce53c058155b19411bd64a04a88a10862a8f5087ce8947574305bec407,92940f998731f4ee,3,ACCEPTED,Baseline Ground Truth
andrewmvd,potholes644.png,andrew_potholes644.png,train,76d675579bd45a927bdfc01b58789209,e67b1443fa898efaad82d2f5f6878a0ea3d72bd09711b9eef425a5ae598b90d4,ad01f60d5bceb832,1,ACCEPTED,Baseline Ground Truth
andrewmvd,potholes645.png,andrew_potholes645.png,train,4d1d8f720f1a150991af35040944969f,b647fac5312ce447ae038e8417684f7ba24a6d32db020b4d19f88544a4e60e8d,abc0979cd83de921,1,ACCEPTED,Baseline Ground Truth
andrewmvd,potholes646.png,andrew_potholes646.png,train,fb8098134aed05cc5ca4c52447e76ac0,2d78ab2d2f6ca7c2cc902640750eb831232d50683ab7a548c966e8defe7444d8,e45afba19e2e0354,1,ACCEPTED,Baseline Ground Truth
andrewmvd,potholes647.png,andrew_potholes647.png,train,c6215531f9fa8be189ded70df34d4444,079f855d91f121fc18f57ddf8024fa8518416a93ceee31a79921bda598c709c1,951aa2cd9a06e9fa,3,ACCEPTED,Baseline Ground Truth
andrewmvd,potholes648.png,andrew_potholes648.png,train,cfdcd86214a1b269bbcca8de5c767ac4,27109b374b630681abaecaa0500cd4cc5dfe73f887c5c0e4bc216bd23f4ae67a,97d75f404243595b,2,ACCEPTED,Baseline Ground Truth
andrewmvd,potholes649.png,andrew_potholes649.png,train,e25995191910a4158a25a04f37d9efff,36a536e616810f25d99ae4ade6558fec55979b6b5438a77fdf331d83082f501e,d0d49563aea66aa9,3,ACCEPTED,Baseline Ground Truth
andrewmvd,potholes65.png,andrew_potholes65.png,val,d03efedc2aa46eb9ceee6404cc0c54ae,5dbe6eaebb7e774f21923d9174ecbcf8a28e573954337738d0152e20d692e786,fe84070e0d366c7e,1,ACCEPTED,Baseline Ground Truth
andrewmvd,potholes650.png,andrew_potholes650.png,val,90eb91835aef9a492f6475f7be88961f,f31b2f935cf113fa05e96ac70b3d2374ddb0dd543d0419d0b33353cd42e8f34b,cb69befc5c400a8b,3,ACCEPTED,Baseline Ground Truth
andrewmvd,potholes651.png,andrew_potholes651.png,train,5f42cf7fcb7d6da10fcbee87d6dcf6f6,8573bcd3d66799ecaeab269b9916194969ca2c4db7d54d8c3a834c858a88e17e,f0a10fbf26c0fc07,1,ACCEPTED,Baseline Ground Truth
andrewmvd,potholes652.png,andrew_potholes652.png,train,40115e12c0c6ab4d7bd2ee9b2fc58112,a429b3b79c03db2323132ff9ade7b3565783ab2fe7115f08218794baf71fa76c,f4879aaa3560965b,1,ACCEPTED,Baseline Ground Truth
andrewmvd,potholes653.png,andrew_potholes653.png,test,80fa84d039c927b3e2003d71ad853571,c33eed30cbd3911f35a2cf9bfbe24331cac8c864ba689213b29e77652473a0cd,84870d0f3e3d3cf8,1,ACCEPTED,Baseline Ground Truth
andrewmvd,potholes654.png,andrew_potholes654.png,train,def0c334720f5f3295e937a5f24975d1,0eef00fcd40a99c7557a1b6a4cc9b73e884a3658de675ab4095bfb75760f7143,d0913436fdc19f23,1,ACCEPTED,Baseline Ground Truth
andrewmvd,potholes655.png,andrew_potholes655.png,test,de80bf8c70b707cfc58acf1328ff259a,07bafa39d16d54b398cfbda0113f0da836e56979607cb4edb91bb669439b9042,84e0cfad25171e3b,1,ACCEPTED,Baseline Ground Truth
andrewmvd,potholes656.png,andrew_potholes656.png,train,2f3869accc1c16ed62dcfe2bc2133701,a736e8dcf6f8290ee1830a8feaad7e00255cfbedc37bcf7debd8163dd4011cc4,80fe87510ee9f516,6,ACCEPTED,Baseline Ground Truth
andrewmvd,potholes657.png,andrew_potholes657.png,train,35e2703379f305dc22bcd15f84c24956,d7ee7850627eaed25b7c8e5521b0b128fd679bf01324a083c57ee307bcae8561,c1b856a199e666cb,1,ACCEPTED,Baseline Ground Truth
andrewmvd,potholes658.png,andrew_potholes658.png,train,830b6bf71b2112260e5daf671fa4e57a,b76e2a168fab66853d59a0442795989aec9f07364b9780aabf7f0daaaabd9b6f,9596527c6363eae0,3,ACCEPTED,Baseline Ground Truth
andrewmvd,potholes659.png,andrew_potholes659.png,train,d6d547389f670c6a49161212e8fa46d5,0852c0c35082c4efc0a02e6d79a3db40e1e6c25dd4c408f22ba00c07cacf26ba,d1f509e4744dc5d1,2,ACCEPTED,Baseline Ground Truth
andrewmvd,potholes66.png,andrew_potholes66.png,train,ed3fc83d58741a64dcfe807bbd200aa2,b29ef545ecaacb33732ac0688f9b66732da8aa60910e743fbafc396d31957a7e,c9f4c48f3960c69e,1,ACCEPTED,Baseline Ground Truth
andrewmvd,potholes660.png,andrew_potholes660.png,train,12c345629b72ed18496ea5c065149a37,5b14aa24847a1d45078761727418dd68b5907f3ca9e0a6123458ebdf8fd37436,90a58dda6225af9e,1,ACCEPTED,Baseline Ground Truth
andrewmvd,potholes661.png,andrew_potholes661.png,train,af3849a2f25f6b46a5a3a8b644327342,442223d2407ba4603ce3510be8f845a7147e60082ce90fdc2f5b730297ee6834,95da8d057c555b4a,2,ACCEPTED,Baseline Ground Truth
andrewmvd,potholes662.png,andrew_potholes662.png,test,cf15a5571674119b6184c5f57dedfde1,1be78714138be9534764e8cfd0b408877dbea5762c43f2f921b905bd3ba21090,94ea6286cd4b36ce,1,ACCEPTED,Baseline Ground Truth
andrewmvd,potholes663.png,andrew_potholes663.png,train,a7556a3a4967fe4d7a0e6f6488067997,c1cfacc2925640efba3cb0a9b418dcdc10d6fbf15e9107373a1d163cb777b907,bfdad2fa1a2024a5,2,ACCEPTED,Baseline Ground Truth
andrewmvd,potholes664.png,andrew_potholes664.png,train,1fbf164cc6dd0b208afb08f1ea15cfba,d0d8ca8ea7be5fc7e80bc456677653f5ff477538367da97500b6e6c54810c3fe,9c8b869ee9035b69,1,ACCEPTED,Baseline Ground Truth
andrewmvd,potholes67.png,andrew_potholes67.png,train,643c753b65e3e0a781b3e81b31175bea,3d35328b516cd469432c5a09a550ca83c22a8c9e5837aec89f9fc72ec2333fe3,bb1f3a3266c6c8c8,1,ACCEPTED,Baseline Ground Truth
andrewmvd,potholes68.png,andrew_potholes68.png,train,225f12e01f38c62184d108a27ea08323,98ccaaee69162459e8dc555ed889370f2d816df892ea65833e2ba301aaeb6e80,d8040b2c7f5e669b,14,ACCEPTED,Baseline Ground Truth
andrewmvd,potholes69.png,andrew_potholes69.png,train,ae7b7151ed5d79f2de784a5a3743f6ba,55e8365e7e041b99163e45b29b38e77a503952414405e02890eada6cf9d8aa35,aad5d5953d296292,2,ACCEPTED,Baseline Ground Truth
andrewmvd,potholes7.png,andrew_potholes7.png,test,b2f832077b94079d81c5a1799a208184,574826f436fa5130dbbc7cd264bd696c3406395ec4e9d3c4250b2e7a98650a9c,84b9d0ea2b6fc893,1,ACCEPTED,Baseline Ground Truth
andrewmvd,potholes70.png,andrew_potholes70.png,val,c9b16ccd056ddcf66dfea5bc0d90ae8a,b2e78901b633ed35fa580cbe48f5cc4ecd885aa8b6de7c031c2f4e65da888cfc,dc8f83869a819cf6,1,ACCEPTED,Baseline Ground Truth
andrewmvd,potholes71.png,andrew_potholes71.png,val,d64bb602fb5604a5d766b5925699b718,70445b6c98ba1fe2bf0db4f8dfc2b16e799972ef057b09209c50f7d179c6f637,dd9597954c476065,1,ACCEPTED,Baseline Ground Truth
andrewmvd,potholes72.png,andrew_potholes72.png,val,fd1be1ede8b5bd1d02cbdea2522023f0,7b3d0cbb91d888af82d8ef4585f5ed793a4776ea69b35651ba4f93ae3cb908ac,e6e07b68ef820f14,2,ACCEPTED,Baseline Ground Truth
andrewmvd,potholes73.png,andrew_potholes73.png,train,e158826a0a27fa31108ff2d6cc94069d,e1b1da29af72adaf22baad56743acdc772bd60272a5e7cf8d87f0cf8f89999b4,98a477d961275e68,5,ACCEPTED,Baseline Ground Truth
andrewmvd,potholes74.png,andrew_potholes74.png,test,96fed9e9f4609eefee56e246bcec792c,af2398fc5cce230ebb18dabb1a40a88ff93cebb8e91f314bf39608ed5dbd28c8,80e8d397e4e5a5ca,2,ACCEPTED,Baseline Ground Truth
andrewmvd,potholes75.png,andrew_potholes75.png,train,70b19e594a87e0e6291f3cc615bb7a0b,9adc85de6e093df093e0ec2e66b20165c4a6c75c3b8a2ae9836736cf71e03492,85e3098f347b1cbc,5,ACCEPTED,Baseline Ground Truth
andrewmvd,potholes76.png,andrew_potholes76.png,train,3d0fecc41d8e5404b79f161fc3151a27,3e182bf2c2e6e2d0973988f8b3e8286f4c8893607a948963d5191e433fd628e9,95c148ebd3d3c3c2,2,ACCEPTED,Baseline Ground Truth
andrewmvd,potholes77.png,andrew_potholes77.png,train,ffbd35c6f645b60d6d0449d0b48f023c,a0db9d6c5f8b5b69c51f1f3370cbaf3d83c73f3f128ca736bbb4ac2a2301a54c,81e12c896cd37d5d,2,ACCEPTED,Baseline Ground Truth
andrewmvd,potholes78.png,andrew_potholes78.png,train,ebacfebf737b6cc0899d39594e4fff07,b6129167bd1c40c73dcbe396048f1327a783b18f399176cca489b3d06a9f90d3,c3ff52aa4b972848,1,ACCEPTED,Baseline Ground Truth
andrewmvd,potholes79.png,andrew_potholes79.png,train,f216b9581a469e54d12aa11f1c4df5a3,9ff444acba8168c75392ce971cd9620feddf22481ee27720b4f549d39cd74d69,e4a50d9c98b9f1b1,2,ACCEPTED,Baseline Ground Truth
andrewmvd,potholes8.png,andrew_potholes8.png,train,d248272d6e4368340a2465b1b8552c73,975c12922d63fb11bbb5bfe807b23358ee0a7a06d046a3a569ebc0660708b64d,d5a162b6a6c798c9,3,ACCEPTED,Baseline Ground Truth
andrewmvd,potholes80.png,andrew_potholes80.png,train,1823a332030eb0944657ce2c845b3a6d,e9209e9150aaa78feec81ac88aa9e3511ed873a40ea9c947259b649fdaf14a36,81ce19977456d999,1,ACCEPTED,Baseline Ground Truth
andrewmvd,potholes81.png,andrew_potholes81.png,train,2e8ca8368675c7a183363315d5db292d,d7dc3817c0b6b7cfd0f2887e12c4b07c7ca957e1ade553aacddaea69fdf5cd02,9a1212eabdb547b1,9,ACCEPTED,Baseline Ground Truth
andrewmvd,potholes82.png,andrew_potholes82.png,train,b549173992dd51ef438f6cb13f2b5606,76951db0167008a6057ffc78a5e4ac3133caa3d972917deda8e89ee07bd1f903,afbb259613051e1e,4,ACCEPTED,Baseline Ground Truth
andrewmvd,potholes83.png,andrew_potholes83.png,train,e144a9f04a63c02d3c2cd65d2774bec7,daa8e082a10a2cf28f6d633c707683f8ec48c2172a77146caedaa3566a2bda61,e7c70fc1071f1e03,2,ACCEPTED,Baseline Ground Truth
andrewmvd,potholes84.png,andrew_potholes84.png,test,a321d6135fab96a00fdd6b400587dfbe,e27859e663c6b02a59d59f192630a2f187d5c7974de178c29ecc8439baa3fc5d,a435257575657171,3,ACCEPTED,Baseline Ground Truth
andrewmvd,potholes85.png,andrew_potholes85.png,train,6002efecd71a58f0161021da9d685987,692697d02b7cfb4cc68f051d67052620118b29cad9d99ff887f3f70bfbc182bc,d1ce3be124a62eaa,7,ACCEPTED,Baseline Ground Truth
andrewmvd,potholes86.png,andrew_potholes86.png,train,fc190b036325ae42e49881fea496535d,ee99073e28c545fc687ef93fd2b2dece451f4f54b1c814272cd887cf74a6b696,bb907a0b169397aa,5,ACCEPTED,Baseline Ground Truth
andrewmvd,potholes87.png,andrew_potholes87.png,train,9a9c7832c4a317efc4634ddde4d19899,197f0473d81724c5e64e0f2ae8baebef2af4d3982fd5b64c659909f24475b34c,e1cd98e3341bb295,5,ACCEPTED,Baseline Ground Truth
andrewmvd,potholes88.png,andrew_potholes88.png,val,1b08f360b1d62f4e2361b9e1050ef443,3127f15a1be487630633cc65f40e370ec84a9969343ef137441de71ccdb3b53b,d0c2c3f6e666a70c,3,ACCEPTED,Baseline Ground Truth
andrewmvd,potholes89.png,andrew_potholes89.png,test,e060bf78e37b297ec6183008c046fff3,2d05d8b91046b0ad5357469052d9a414a5eb04aa6025111df7bd4625df89ba6e,873e7403dd8893b3,1,ACCEPTED,Baseline Ground Truth
andrewmvd,potholes9.png,andrew_potholes9.png,test,4d50c35350fb8fa130127a2e98d55118,6ca3cbbbd338c60fc82c7becb7cf1ecfff534ba6fef635470dfdbfb9aee41168,c63c4dda68365e29,1,ACCEPTED,Baseline Ground Truth
andrewmvd,potholes90.png,andrew_potholes90.png,train,f0514f3e791ed9ae95de53afe08dfe6e,ada08e518e1105cb6eb41e8691ea251f6628b459c535e8d5d5c392e44e7c9cde,f740c27e3d2e3521,2,ACCEPTED,Baseline Ground Truth
andrewmvd,potholes91.png,andrew_potholes91.png,test,76e7b696a851472b315e298501d89c4a,4718023b62ea99ef9e0adfc9fd7c70756bf38d9f7a94efe695c872ca8437b82e,c7564c6624a6d5f2,2,ACCEPTED,Baseline Ground Truth
andrewmvd,potholes92.png,andrew_potholes92.png,test,a2e755bfe701f5da805f2077f3831a96,069dbc490262cd412c8454590bd8a4627cb129dbe6dc60d1e373eafd828fbc0a,84312f586677db89,1,ACCEPTED,Baseline Ground Truth
andrewmvd,potholes93.png,andrew_potholes93.png,val,0ee86cfb2abdf12619e394204c965d90,0feaa975160c2b177dfcf14a972f44646f72359676a4dfc97e7196b979c6e558,b6a392b9686d8734,1,ACCEPTED,Baseline Ground Truth
andrewmvd,potholes94.png,andrew_potholes94.png,train,fd658001e3f9f20dd42c81571c7c80a5,7c2c20faecc0147f383eacb0ca8b9f89e00b40f234d1bb17f90de90a3f016f94,92642d9b166b274f,2,ACCEPTED,Baseline Ground Truth
andrewmvd,potholes95.png,andrew_potholes95.png,val,150fd25059daefcb09bb40ef40cbb4db,1f1c108ff7916111b0bc64ce37ee24c7df98aba525352e0845d1001643a994d7,d1dc74c099e8e8cb,4,ACCEPTED,Baseline Ground Truth
andrewmvd,potholes96.png,andrew_potholes96.png,train,857cec9e7810c63209083556372bee9a,12a26bd175b2fc81e049289578c9b20cfc29d7d993d0a16062b34e4a4cc17f85,d763536322b197e0,1,ACCEPTED,Baseline Ground Truth
andrewmvd,potholes97.png,andrew_potholes97.png,train,4b9d5e8adac25ee7e9576e6c3e3d15f1,b7a49c99c8fc11a8e9992b49850c0f367a1d4bf2251a40e677916a5d857f8e29,d5ad4af2a5885754,4,ACCEPTED,Baseline Ground Truth
andrewmvd,potholes98.png,andrew_potholes98.png,val,7a7478ed021989c36267f3009e460240,7b5598b430e22b678192967801f528a52a83bcd7a727d8ffa117eacb2476807d,b3ce8cb1cd625929,1,ACCEPTED,Baseline Ground Truth
andrewmvd,potholes99.png,andrew_potholes99.png,train,3718347c532afc3ba0c5d335943e9eab,d6fa5c725823b6113c4d8f14dabb5ab089bb5dd05ab26beda23233bdebceb498,93e20a3923673f1d,5,ACCEPTED,Baseline Ground Truth
rdd2022_india,India_003431.jpg,rdd_India_003431.jpg,train,e2514cb75825281536cd3b573c672e94,ebb6baf2242dbcf3f3318f10d46f32a2106927b23b6d89f263292f7132f0930c,87868797b1b1392b,2,ACCEPTED,Clean D40 pothole instance
rdd2022_india,India_001526.jpg,rdd_India_001526.jpg,train,d72232efdd1c128a5031002d0821294b,1fb06ac06fcdbc8ac0ecce5d83532a6ebd74e4e638b31bd8776dd169e8668bd8,d0c0ed3f1fc9e0b0,1,ACCEPTED,Clean D40 pothole instance
rdd2022_india,India_003150.jpg,rdd_India_003150.jpg,train,2ed0d095af74ace74ca5728f8f5d00b4,73911b4e0325a743e7b07a94558aa57a539595c4dd6687ad3c579f9a6cae9fa2,85aa741613d6fa39,2,ACCEPTED,Clean D40 pothole instance
rdd2022_india,India_000618.jpg,rdd_India_000618.jpg,train,acb47b5d0fd2bd53318f48aee0e61d7d,d4fd4dfdd3d7d3adca5b28f666c94a47b8d70ef47e8554651eaf022a736ee227,9384ece92bdace05,2,ACCEPTED,Clean D40 pothole instance
rdd2022_india,India_001180.jpg,rdd_India_001180.jpg,train,5b224d87c4cb5de204ac5f149c807001,531c00a361327bfa2eac8aebca8199d181e63f31e58ca9eb47b780b7c252b50a,95a6e2801deeea39,1,ACCEPTED,Clean D40 pothole instance
rdd2022_india,India_003975.jpg,rdd_India_003975.jpg,train,5451dfc25759b7eb33e5cbf8027ff150,1374875c07b703a7a87d5af1167ceec2630d1ba9bc412fe1b5fa84bd6350e00b,939fcc1cb0bc18b3,2,ACCEPTED,Clean D40 pothole instance
rdd2022_india,India_005152.jpg,rdd_India_005152.jpg,train,26bc4da05d966cbd85901c57e3cd04c2,175f554041f0ed0994b8512daf8026623d9133733fa8ccb4ebf86b5e0ff51fb3,84d3776d0f33c0cc,1,ACCEPTED,Clean D40 pothole instance
rdd2022_india,India_001842.jpg,rdd_India_001842.jpg,train,27d611eeaea9358b0ec1e19d79af54c2,2df6208471456870d25c8d356b0aff4cc1542a55768f8bf1080ebc34d7aa34b6,8e8eac785c942d79,1,ACCEPTED,Clean D40 pothole instance
rdd2022_india,India_008013.jpg,rdd_India_008013.jpg,train,87568367f03de4dd47069060b590daa4,0f622411edd34d1014ce3231a26635dda7cfd26e48efb393d67da4a766522727,c9c9ee1451d19c2f,1,ACCEPTED,Clean D40 pothole instance
rdd2022_india,India_001007.jpg,rdd_India_001007.jpg,train,6078afbb673257218b03655b8707fee2,f346971958daadd0c4f24041b05c6ca030e3cfc907725891332e632b462a7079,898986c64e6be3b3,1,ACCEPTED,Clean D40 pothole instance
rdd2022_india,India_002499.jpg,rdd_India_002499.jpg,train,9f9b47a0ffb28521a756137589ab010d,f6fbfe70920638173d64357ec8dbba430615b640a3199b08b1986f1e0de678d4,8888b4d71d3bbec4,3,ACCEPTED,Clean D40 pothole instance
rdd2022_india,India_008367.jpg,rdd_India_008367.jpg,train,2e3fd375b0fa9022f1729e8ac88c4d7f,14344e86dca574d7c811b3ee840a9ea33ef6205020cd61afae7ae43175934867,948be9de16a588ea,5,ACCEPTED,Clean D40 pothole instance
rdd2022_india,India_006369.jpg,rdd_India_006369.jpg,train,e2f9931231325b75efdc809716a58d8e,6f9009b2489db9228e4672d27645082fffaefac37756ce6a3582a90dba90e798,d992b6ad2d4ad2a4,2,ACCEPTED,Clean D40 pothole instance
rdd2022_india,India_002994.jpg,rdd_India_002994.jpg,train,3f423047b2e7f7c22b06de52690ddeac,79f3502229caf05b62fc306dd657a5a694caf5c38f5324c117b7f0b8245c95a4,93b322e95999e662,1,ACCEPTED,Clean D40 pothole instance
rdd2022_india,India_000127.jpg,rdd_India_000127.jpg,train,9f6d96845b3e22b548b20243b6e45771,7824ee6647e3785218814a710f3c32ffb91ae55a3f4ca9680bb4ae3aa6ea4dba,9d98b096dceca586,1,ACCEPTED,Clean D40 pothole instance
rdd2022_india,India_008327.jpg,rdd_India_008327.jpg,train,3bdfecce35f89d79c889960fd7cc5275,9e5e93798e992efb277a0435829ca9feb2a4a40afee66ad4a03b3937dedd3b87,86868f9ddd4c0f0e,1,ACCEPTED,Clean D40 pothole instance
rdd2022_india,India_000652.jpg,rdd_India_000652.jpg,train,ae30debc18d5d5823f209e42003cdaf9,e489fa8e2807aea60ba36d1c920527da739f132dd90877e8d9ea14232f1202d8,d595f7452d29a8c1,4,ACCEPTED,Clean D40 pothole instance
rdd2022_india,India_000052.jpg,rdd_India_000052.jpg,train,0f6cd7a11c13a6d635783d0d5832699e,178de5fc777d2ce8227bc3ed7ca541b9062930a52db143aaee4165587ec02bf5,96a525531aedc13b,6,ACCEPTED,Clean D40 pothole instance
rdd2022_india,India_006295.jpg,rdd_India_006295.jpg,train,834a7e5623cef2d976849dd41fd863af,042995d7708bed8509fefcb854e1398da84043dde01a8c3ac7364ebba981d3be,9585e26a5d97a709,3,ACCEPTED,Clean D40 pothole instance
rdd2022_india,India_005715.jpg,rdd_India_005715.jpg,train,6b4e5d9907be70064edef13b082d707a,e3943a51c0b629b285b084913900eb8521754f496515d6bcb1ece41e903eee25,9b9ba9a41e72b28c,1,ACCEPTED,Clean D40 pothole instance
rdd2022_india,India_002411.jpg,rdd_India_002411.jpg,train,f6b7081d388738292cbce4e09531111b,c7fedab4682bd69d684d9f295a8a15eecc4792c7f971047a47c61fb203a77c2f,d090afaf2a4a52d7,1,ACCEPTED,Clean D40 pothole instance
rdd2022_india,India_002771.jpg,rdd_India_002771.jpg,train,94d1bb206d0e941c7d6790da0fb6e1d7,9ab2d7e1af7892e7b95deaef2698a4e26d279b478b85affe592861deaeb864bf,cbc9b8b227a4acb4,1,ACCEPTED,Clean D40 pothole instance
rdd2022_india,India_001012.jpg,rdd_India_001012.jpg,train,6ec818ec03ccb6f785178517ee6576fe,c1a893c84d7429c6334814aea9c422e5526c379ad59bf51e1d8997e5f5c59548,85878f7870e7c3c8,1,ACCEPTED,Clean D40 pothole instance
rdd2022_india,India_000081.jpg,rdd_India_000081.jpg,train,d9e01147986396a37c21d70a0611b5f6,f1df30933de11d18471d0c9c0cf434e222523f6b486b72fa61e218d70804a174,9089eec719b9e44e,1,ACCEPTED,Clean D40 pothole instance
rdd2022_india,India_005016.jpg,rdd_India_005016.jpg,train,1ccb51717b36bb3b9e21bd0cdbf7d0e8,15be78fd7c581692ab554153d043ff5d59145549c99210fef88f59fb29fec3fa,958aca5425cb7735,4,ACCEPTED,Clean D40 pothole instance
rdd2022_india,India_005412.jpg,rdd_India_005412.jpg,train,f6b51a6c94715f6e044ab74d3ffc7b8f,3c2a034658264aaa6e26764dd2cf75501863c6354d6c0fb11b3fbb989d33fc2c,d5d5baba60481bf0,1,ACCEPTED,Clean D40 pothole instance
rdd2022_india,India_001222.jpg,rdd_India_001222.jpg,train,5db928ca34ecfe33dc7beb832ec98c17,6a047a19d297594073b3ebe14f88bddbd6af624c8d2738943541ae67dbb0042a,9ba9e65b0486e972,3,ACCEPTED,Clean D40 pothole instance
rdd2022_india,India_000071.jpg,rdd_India_000071.jpg,train,4576b93c1feae3c673ae914cf978c6ef,415bb0d2612ace255bad64af1a052397fdfba95a9bd225ddc6a6d2a069d93e9d,89839f3e0f4b8935,2,ACCEPTED,Clean D40 pothole instance
rdd2022_india,India_007399.jpg,rdd_India_007399.jpg,train,80096ef925577e6de3c924007ac534ba,8eed6c51b6183b7abba69856a92038b2074dfac6abf683ae66de470a2f898e00,9397a67859c2e435,1,ACCEPTED,Clean D40 pothole instance
rdd2022_india,India_004108.jpg,rdd_India_004108.jpg,train,440337a110f793342b7c8f00835b7443,728ddce5f0fd08982c196b3f2cf5e2aba38ec8c95319c7023784f14ecf9efd12,9994e0199fee7158,1,ACCEPTED,Clean D40 pothole instance
rdd2022_india,India_002925.jpg,rdd_India_002925.jpg,train,01b0abd801667226ea4934b07039078b,cd95765947240db3ec53d4f69a156159d4c2e1a59c95c41af52ced393fac2c27,d08085bdbfef2a0a,1,ACCEPTED,Clean D40 pothole instance
rdd2022_india,India_004403.jpg,rdd_India_004403.jpg,train,944e52dbc78d1373a686c070a8e6f6ee,9d75a57a6be5f42ff35e2fef445b51e7646b8a51f33f1d40ab7080fd493d488f,d9d9b4b612bae501,1,ACCEPTED,Clean D40 pothole instance
rdd2022_india,India_001266.jpg,rdd_India_001266.jpg,train,482102c1c0e7bafe7e01e35cb9fe33b5,13f6facd8fe736d9a96003125a605d19922b5dbee6881e969ba284cec0229d7d,d08aafcd448afc72,2,ACCEPTED,Clean D40 pothole instance
rdd2022_india,India_003186.jpg,rdd_India_003186.jpg,train,71cb822094059613022f112bacf01253,45096921ecf58c35a00c33845260d10ec00da36da69bcd5dfe48e2ab1bc46c03,84a3b75f0383d369,2,ACCEPTED,Clean D40 pothole instance
rdd2022_india,India_007712.jpg,rdd_India_007712.jpg,train,f4884de8a14e44ed0fa8db4695ba722a,3d8637c0208b905ff8c1eeea686e4191ffb0c9134ec4864694360a25d91b16bd,c282d1dd7c3e1e8c,1,ACCEPTED,Clean D40 pothole instance
rdd2022_india,India_000005.jpg,rdd_India_000005.jpg,train,c8f9123a3d7555931ca6b14de65bbc49,62ff7f07c338159336591b981b36262a0fb9f2ec1614ca8c119cfef93e828c7f,80aa3f57b29456ab,1,ACCEPTED,Clean D40 pothole instance
rdd2022_india,India_001314.jpg,rdd_India_001314.jpg,train,d8cd677e368253aa9838ca1fea7f60f9,20edb853504b404402371c50dbabab289f0163225c5379fd9e25f5e83398cad6,c1c2bfb725484ada,4,ACCEPTED,Clean D40 pothole instance
rdd2022_india,India_003262.jpg,rdd_India_003262.jpg,train,0fc3fe5d0494ac1902c9fa0ebc524aca,38d3841e75e93d127d01dee798166554ac66217ae05f71c9112f65a222a44b99,838bfcfc1aa384ca,2,ACCEPTED,Clean D40 pothole instance
rdd2022_india,India_007707.jpg,rdd_India_007707.jpg,train,e908e289214d0e19e0a12ab0ef382d8d,9cc385b149471380e03c012e2d3633ecd2f2c9217a44175292251390d12b7dfa,c09ebfa3276d1858,1,ACCEPTED,Clean D40 pothole instance
rdd2022_india,India_008282.jpg,rdd_India_008282.jpg,train,a9af89a81cef88a292e0f1f36a6b1ea3,fab6c57de06a2ed78b1a092aff5b8aa035b61761d317e05708d01a8d7adc09aa,cdc58fbdb0b0a22a,1,ACCEPTED,Clean D40 pothole instance
rdd2022_india,India_006137.jpg,rdd_India_006137.jpg,train,c6d1f1a32d4c748381c67b7e6ded38ce,458acae4520c9f18e7ad9fc7ff705331dc3cac6b6ca6d97e9919a3012df089bd,9288ed7f53c28535,1,ACCEPTED,Clean D40 pothole instance
rdd2022_india,India_009346.jpg,rdd_India_009346.jpg,train,b24b5a5681c768648ee9dfec0ea5667f,c285f2646a0cee2230724d6132bd261690305e1aaeee30d710a6d148dfca51df,bbfaa88912447dd1,2,ACCEPTED,Clean D40 pothole instance
rdd2022_india,India_001534.jpg,rdd_India_001534.jpg,train,931ac77bde3e228bbb8abc4485c634b4,fefa5e01fd637c76088fa1a51b75cb38f38d61bf368e6a7c7aa645bf4214e1af,cccccf73023ee0d1,2,ACCEPTED,Clean D40 pothole instance
rdd2022_india,India_005399.jpg,rdd_India_005399.jpg,train,15310fcef99371d9c7d2b174498294df,c91ec2238ce1a954f084d88ddedbedc72022cb43bbb19671ef5be90db5e262e2,c9c8b6b633c06c3d,1,ACCEPTED,Clean D40 pothole instance
rdd2022_india,India_000274.jpg,rdd_India_000274.jpg,train,46c749848768006b4c468e9d0adee3ec,8d58e8ed39f818ea891d8bb7f21ab9ceb4774c419b51533ed768faf15dbca523,968129c924f0f777,3,ACCEPTED,Clean D40 pothole instance
rdd2022_india,India_009478.jpg,rdd_India_009478.jpg,train,ec78c17aae51e44a4ce3705c2def1425,3b75afc64c961630669f1042d21b20ae9f958ad898b6a2c27816606ecde12e54,8084e6fb39844ebf,1,ACCEPTED,Clean D40 pothole instance
rdd2022_india,India_006889.jpg,rdd_India_006889.jpg,train,4fe5b6a8b234f60dd6586b4e7568c282,8447713d2371390291dcc3c7c1edb31e07e19c5cb4a9f39b0088877631f81b1a,dfdfe020689ad622,1,ACCEPTED,Clean D40 pothole instance
rdd2022_india,India_008750.jpg,rdd_India_008750.jpg,train,b0e0a73e6627a462edc461d1b8af58d0,05ee18fc4b16de01914bda90165979852a9fb6447f23606b10af9052b9a77e33,959f2ee82aab524a,1,ACCEPTED,Clean D40 pothole instance
rdd2022_india,India_000174.jpg,rdd_India_000174.jpg,train,ff1fea5b5d53fc90732f47910847d1e7,267c7dfe812e258bb4c4d563b96635b3c07db6d08f81b1487bcfcdf2f514afe3,db92a54d4ac2d6a5,4,ACCEPTED,Clean D40 pothole instance
rdd2022_india,India_006977.jpg,rdd_India_006977.jpg,train,5cb2a6604c4e0177330321c03db5bc85,d42881f7540e1dace921e1a4ebde7a54b94475c159c15bfcefe23684581a8813,92a525521aedc57b,5,ACCEPTED,Clean D40 pothole instance
rdd2022_india,India_003171.jpg,rdd_India_003171.jpg,train,bb4ce9d24c9c69b3e3a78c66f76c52c9,f04975cc38b25f5746da6bcd106f8f91baa8c88ce8c6c4d4ab516f5d8de28195,9580e26b3d1f87c3,1,ACCEPTED,Clean D40 pothole instance
rdd2022_india,India_004899.jpg,rdd_India_004899.jpg,train,48c2206ed07063c29222420923cd7f3b,9b3b18f9246d6ef2e36394afabb7a0ee6e7fae35068f219bac7c5b8f5a939fce,93276bca8293d3c3,1,ACCEPTED,Clean D40 pothole instance
rdd2022_india,India_000946.jpg,rdd_India_000946.jpg,train,411ef73c2a54cfa1dae00f3645222891,7e726106065cb98654a0c6ead696471d7a1b3cdbca7a657aeb61b308cdd7a851,e7e3311d01effa00,1,ACCEPTED,Clean D40 pothole instance
rdd2022_india,India_006995.jpg,rdd_India_006995.jpg,train,efa2098bf6d7a4b57771f54e8bfe3ac8,374db990b7d7e032cce9b70f2f3ba8723555026638afc0e7dbe6ce02e3a55ac8,9faee0c11b9ec641,3,ACCEPTED,Clean D40 pothole instance
rdd2022_india,India_002419.jpg,rdd_India_002419.jpg,train,9febd47ebc0cc0320028c1151b2c1e1c,5aa86cca045d6ac786ce0bae3e30fc6c733f0e0ca4fc4f314d929e1926e77584,c09af3a7af3d6041,5,ACCEPTED,Clean D40 pothole instance
rdd2022_india,India_003366.jpg,rdd_India_003366.jpg,train,cc089356e11ba7540b2c2e0220f63182,39cc8c0cf506ee59723da9823830bec18709cd0823c59cccb94ec91d9589ff90,93a9ad5b469ce80e,1,ACCEPTED,Clean D40 pothole instance
rdd2022_india,India_001690.jpg,rdd_India_001690.jpg,train,7e7d3ba7b00020815e9e4109dcc2955d,c4b28fa36f0fb9ba799ac9cc1f35e91c566dce6e69a6443e34e8c901f4a9d53a,8081ef7e3091cf4f,1,ACCEPTED,Clean D40 pothole instance
rdd2022_india,India_002667.jpg,rdd_India_002667.jpg,train,47735a6eaeb024adff464bc81d87b3f1,39dce89c65a9de7536475660f673f3277427bf592bb963f2bfd576607dae6c27,9cad27d43ab4d2c2,1,ACCEPTED,Clean D40 pothole instance
rdd2022_india,India_004600.jpg,rdd_India_004600.jpg,train,47e9f2468c868f0b90083c8829adb6c9,974dde444959256a092b47fc74826d0f5f7a8bb699c337703ad8ad3a99f33e84,d494e7e92bda4229,2,ACCEPTED,Clean D40 pothole instance
rdd2022_india,India_000853.jpg,rdd_India_000853.jpg,train,5286d28a4479833299adcfe9780cfb29,a9a52587733bb99008f03a3bd203aaeb0bf6637077d4f989b168552c9803ff29,9080e46a7ada5e6f,2,ACCEPTED,Clean D40 pothole instance
rdd2022_india,India_006998.jpg,rdd_India_006998.jpg,train,7f8f9225059a82bf07a12647e056ab28,b6a10c7b3674973ccb1be501664e6002cd5687ef24b4f4c5800a908938bf3d0e,999cccc2b68159be,1,ACCEPTED,Clean D40 pothole instance
rdd2022_india,India_006322.jpg,rdd_India_006322.jpg,train,1c1d3cebda7ef21060704734e51c56b2,0d324fecad4f45073d89415ce86a4127146bef4dea6ded3f1ed53a80607456b3,9eaee0500f9ee869,1,ACCEPTED,Clean D40 pothole instance
rdd2022_india,India_005191.jpg,rdd_India_005191.jpg,train,f667a65f2522a257f52ef361bcac2116,66e7315800a92f27b22a7bfbe2df699fe39b2f0d3966e9dfcb9982b92dadea87,c4d5d092b6b63617,1,ACCEPTED,Clean D40 pothole instance
rdd2022_india,India_002106.jpg,rdd_India_002106.jpg,train,9564d84edd20cafd2a15d1ceadc84b3c,be024d76bd973c7319f54cf38df75d53efe8a11488494f5b3a07a4686d053272,d59ea1696a965075,2,ACCEPTED,Clean D40 pothole instance
rdd2022_india,India_002085.jpg,rdd_India_002085.jpg,train,b468d7e8f578e932862768dbbf0b4a9b,4f0dc33b375a3a54a3ce05b91ac4822125931703595fc1a4145a5ae1e9b774cf,94870f78618f5b1b,1,ACCEPTED,Clean D40 pothole instance
rdd2022_india,India_006326.jpg,rdd_India_006326.jpg,train,ec0a8bdb7c72c231efefe9cdb8d9da90,5624a34c12a62adef3ab39a30ca72772a02e50bcd4c3f85c864d04fa385814a9,9c8fe3625c94724b,1,ACCEPTED,Clean D40 pothole instance
rdd2022_india,India_003274.jpg,rdd_India_003274.jpg,train,3440e2f89b62888ec724f293a24d2f9b,e17a1499c4318f522bfc7b1ec51087d66a4b910229f41b55856718e7c5d716f5,b6b62e63519ccc4a,2,ACCEPTED,Clean D40 pothole instance
rdd2022_india,India_009633.jpg,rdd_India_009633.jpg,train,2c5742720e9801b5063c605d4a5f8d87,02b4fd0cea6615b96ca7b8a4d3a7433dff976372bbdce88fde3cfdf70d188bb2,c0819f7e74698b87,1,ACCEPTED,Clean D40 pothole instance
rdd2022_india,India_007066.jpg,rdd_India_007066.jpg,train,e5a3763438175cf90a6985a684a8c4dd,2132110f38618c6048e882dee654f61b4fbc06f4c6532bf7cb3a40d8274e85d8,9290a5ed2b3a16de,5,ACCEPTED,Clean D40 pothole instance
rdd2022_india,India_008263.jpg,rdd_India_008263.jpg,train,ddc581309b2fd0b2d60f4f15a2e2b348,d83a6394b669cde6178b1787f18c5bee44aca51c9d7b5d49d846e5fcd28645bc,c6d6dcd0909337b4,3,ACCEPTED,Clean D40 pothole instance
rdd2022_india,India_000576.jpg,rdd_India_000576.jpg,train,4f1d9f08e5064e321cf6e33d106817bb,ea40cbb0d99028a468e628c1181d32d15e871efe29cb7fbf1ef58776a4f9b80a,c8def2b0682cda93,1,ACCEPTED,Clean D40 pothole instance
rdd2022_india,India_003079.jpg,rdd_India_003079.jpg,train,69a518bc73aaa1c8606a7a458d6b8286,66c346cc44c730a475b2d1d854124d3fdce380b229f877443ad1db02c63b6851,ddd8f3f78424481a,2,ACCEPTED,Clean D40 pothole instance
rdd2022_india,India_004724.jpg,rdd_India_004724.jpg,train,e15c5ac55e8002668cee7a9fe44a54da,ab9912cd7b218d77f0d0ba45e0125e12e5fe4e9c16c3872c604d34d7576cef89,8980e6e77939bd06,2,ACCEPTED,Clean D40 pothole instance
rdd2022_india,India_001037.jpg,rdd_India_001037.jpg,train,83f7910b9dc6285f845fd45ff9f41abd,fc9143a868f49d5d955b60c24d492b1caf19e1b09e652d85037cdfc1af131ce8,b63eb4e406aca959,1,ACCEPTED,Clean D40 pothole instance
rdd2022_india,India_005900.jpg,rdd_India_005900.jpg,train,e260efc8a4b04bd6654ae1b95d1282a9,c3d2bf7e7f47558c7e06c872dea958239ad1fa555a24f527cb03e6a6f38f3db5,c48f37430889b7eb,1,ACCEPTED,Clean D40 pothole instance
rdd2022_india,India_007863.jpg,rdd_India_007863.jpg,train,71649846a7a99c6ce63a95110d1cb78a,b81954b63883e71297aceac599dc9bdc5f66ad3f82e1228bb9b927f572ca90ad,82aded1271cd8a73,2,ACCEPTED,Clean D40 pothole instance
rdd2022_india,India_006462.jpg,rdd_India_006462.jpg,train,b995d6e0e2ba0493e0f005d2442b5ba1,f3030e55f3599e23327481ff0e2f4f8f5487ca4fc3c01c5b834eac60c9b3e301,99a5867ae19c9666,1,ACCEPTED,Clean D40 pothole instance
rdd2022_india,India_003446.jpg,rdd_India_003446.jpg,train,aa5db7561d2a69c8b0c023189cac81c3,47f77407328a5d51e94c96efdda712b952af92f79585121122953cf4a6f62c1a,838391c5ac2d7b9b,2,ACCEPTED,Clean D40 pothole instance
rdd2022_india,India_004801.jpg,rdd_India_004801.jpg,train,e9bd4f8f92de55d06f760d7351fc681a,949face1fcd79e15bd83bf09f63e7586434eeeb55b875a5ca0ec08b3ec4ea08f,c8f1b72f4cc39234,2,ACCEPTED,Clean D40 pothole instance
rdd2022_india,India_000797.jpg,rdd_India_000797.jpg,train,e1e0e8c1524ba9621c0ed55a2fefa64e,cb9a068505436b65297971a704ac0d53aae6aa123152d57196caa6c17b92d823,98adc75238cd4f23,1,ACCEPTED,Clean D40 pothole instance
rdd2022_india,India_001174.jpg,rdd_India_001174.jpg,train,0bd751d0441606c3c32199df2b8323fa,7a1517f27ae6f3a3ad459bd0fe09e5591712a797db97785995a429da46d945c6,ccccf9b1142e8763,1,ACCEPTED,Clean D40 pothole instance
rdd2022_india,India_002052.jpg,rdd_India_002052.jpg,train,70ebf809a526a2f7f859eecba5146161,86b7e2bcbebbd0858cb3e00b0d09eccda12aedfb4dcff91e8cd74811d63d77a5,c3dc981626e4fc2d,1,ACCEPTED,Clean D40 pothole instance
rdd2022_india,India_006112.jpg,rdd_India_006112.jpg,train,c0ce30f3f1c3cc73c68a8c39bfa80632,06856d146f74bb6d0ae16ee2e12852c4033395c55f88dd3b71787474a2dc43c6,d3ab285a4884ee6f,2,ACCEPTED,Clean D40 pothole instance
rdd2022_india,India_000223.jpg,rdd_India_000223.jpg,train,52c98141dd3251a5cbf39959e3d66bb4,d0fd7b98af28627aeaaef880b70f95e522e9751021b66c700c4f9e2bfcf121a6,81af6c5303e97c33,6,ACCEPTED,Clean D40 pothole instance
rdd2022_india,India_009406.jpg,rdd_India_009406.jpg,train,240b1240b3cf554b84b8d4dc73b7d930,1c1721baf3b6b72958732eeee4d09eb1333f0b5042f928c019b1262627605c2c,81a1e1c199dbded8,2,ACCEPTED,Clean D40 pothole instance
rdd2022_india,India_000105.jpg,rdd_India_000105.jpg,train,4f09af6842690537b7d93758f3575bfc,30019e2f78e545f1432a923170f9e9e1bc1b72a70c18aff9d09602b3da7a1936,85b671521b975aa9,3,ACCEPTED,Clean D40 pothole instance
rdd2022_india,India_007101.jpg,rdd_India_007101.jpg,train,7523e45352a44824ca6b3ef3bb0dcc4e,aa35a4dc210291cd32978473e552660d38c747600efa3e8efa01fd46c697a4f8,8daa71f52e85d1e0,2,ACCEPTED,Clean D40 pothole instance
rdd2022_india,India_001907.jpg,rdd_India_001907.jpg,train,210792da71cfcc1245f5cb77918b1a18,9c77afcaf6df985dd3708981c1e58bc99e1b9ad9d6a6a80bf2ec5fa7e1e37f23,8c920b6e139f3a1f,1,ACCEPTED,Clean D40 pothole instance
rdd2022_india,India_008304.jpg,rdd_India_008304.jpg,train,d9e9a7dd98d36540887f949f65d0ba1a,9fede683bb2a0086a2243ba8f192bc797ae1f7bb9aa1eea64d79188e3ea2b355,cc0eacb09193ffa8,1,ACCEPTED,Clean D40 pothole instance
rdd2022_india,India_004755.jpg,rdd_India_004755.jpg,train,0640f57f73464dc4b32789af800b325f,fadaa632de7c8e088bd45588575b3c918b0572e7ff7073ce4a764dd6ed19bc0f,80802f8713bfe5cf,4,ACCEPTED,Clean D40 pothole instance
rdd2022_india,India_001349.jpg,rdd_India_001349.jpg,train,1945e797d18afa726d8add597ca451c1,ae38dcfa9727fd838cec5a0000e88da782c1848aebbe7c1d93f5d6f293d98422,95ae27163296da1b,1,ACCEPTED,Clean D40 pothole instance
rdd2022_india,India_009841.jpg,rdd_India_009841.jpg,train,5612f7e4e8ead24c06b4eb1a3e457b07,7fa8e10715ef6efbccc02da87b39a4fa6bcf2dfa62f314feee1800c861c73336,8faaf05b0bc47839,3,ACCEPTED,Clean D40 pothole instance
rdd2022_india,India_003251.jpg,rdd_India_003251.jpg,train,4616ac6345569b0f36615ae2a80379dd,1bbc94e616432685a11671ef09445b44c88eddd3d99677eebc649478c6a5682c,999dac6a6a33934c,2,ACCEPTED,Clean D40 pothole instance
rdd2022_india,India_003191.jpg,rdd_India_003191.jpg,train,f82172c15e06f3aaf790a0a4e2315cb9,51f0fa9f4dc2fb1073e05babb66bfd058fd2486f02569ca2d7cb5e44f13c9c7c,9899b1bfc626989c,1,ACCEPTED,Clean D40 pothole instance
rdd2022_india,India_000915.jpg,rdd_India_000915.jpg,train,39f35e5f764a853851b0bafe3d9fa571,0a072f437e157df365f78b2c9eb92e1dd78395e83006f686577c32522ae2fb12,c9dbf2301dc5463a,1,ACCEPTED,Clean D40 pothole instance
rdd2022_india,India_004338.jpg,rdd_India_004338.jpg,train,c58727b3422aa7664683e216cc516f7d,01ca8267147977cc536a3c1abdd8c19b6b9c1cab67700839e0f293074da593e3,d296b4ad095ad6e4,3,ACCEPTED,Clean D40 pothole instance
rdd2022_india,India_008207.jpg,rdd_India_008207.jpg,train,3a8c66f7d914540b5e9e3320766240e1,af142e2b37dfbaf45d162d1e3c82c7d79cbf742413eb186779d07dce430dd403,d197a72949d2b515,1,ACCEPTED,Clean D40 pothole instance
rdd2022_india,India_002585.jpg,rdd_India_002585.jpg,train,2041ce54b36fac72633f3ed48735494d,dc87c4f4864a260bfd11f1b6ebb7255387bb8b97d4048d27aae95944b7a104f0,8b8387f4f2764c0d,1,ACCEPTED,Clean D40 pothole instance
rdd2022_india,India_009638.jpg,rdd_India_009638.jpg,train,d22c8ad81085f63881fd3a0751713dde,4a6229c8d3cc29a3b36be882ce21b83e48d42b917b0a461d9eaddf5abacb86fd,8aaf2d943485df16,2,ACCEPTED,Clean D40 pothole instance
rdd2022_india,India_001580.jpg,rdd_India_001580.jpg,train,312aee492a1fac70553ef7c8e081a0b7,4c13004109be0ec9919bf8fea74d48b97c0237de0624b5c92242a08f1b806221,999933636e8d8c69,1,ACCEPTED,Clean D40 pothole instance
rdd2022_india,India_008163.jpg,rdd_India_008163.jpg,train,9a3e21a0465c12b82db7cca1c7de5330,17995de9de8c913f23e9f618ceead846b54021385467ebc1cce9e915a88ed16a,c8da96b62ca9616d,1,ACCEPTED,Clean D40 pothole instance
rdd2022_india,India_004256.jpg,rdd_India_004256.jpg,train,4732884560deee35f03e26971f9f43bc,fa6988af577e2125fd8fe0f9230c7e43ffa294ce531e5488a156f9a157bd4c44,d5a5a74a19d1c46e,6,ACCEPTED,Clean D40 pothole instance
rdd2022_india,India_004739.jpg,rdd_India_004739.jpg,train,243ea1ceb017c434b6f8fe799aa93b4b,ec5b82c058754d9781bf84c1e4820b989f2076bb92a725dc843c6211711e7ead,c0c0a63e6dd9da72,1,ACCEPTED,Clean D40 pothole instance
rdd2022_india,India_001493.jpg,rdd_India_001493.jpg,train,43e46e38d9a0fe2ee770396af0cf609e,01f0da34de2292bde8778a19a90c5356392e5ad7e3591550fe1163065c058b57,9cdce3630598587e,2,ACCEPTED,Clean D40 pothole instance
rdd2022_india,India_001967.jpg,rdd_India_001967.jpg,train,9df78d26a302e1307d00d0e5d298e837,7318bf0f1ce6b8564c77a691c686ac95669d2d7cbcbf5654ed4a4ab5825c1577,d5d5c42f6b89809e,1,ACCEPTED,Clean D40 pothole instance
rdd2022_india,India_003412.jpg,rdd_India_003412.jpg,train,9b95c4e568ff9209fd7df6851d375ed2,ae9690ea6ede4638933caacab24951ccf2026ae282d17194f156625c630d68b2,dfdeb6a4008563a5,1,ACCEPTED,Clean D40 pothole instance
rdd2022_india,India_005289.jpg,rdd_India_005289.jpg,train,f57d5f6abe2699f8137d405d7934cb5e,c4306c3f6066c2cdfd513970ea9ae3a1ea4459334764eb05a83b27da063311b4,8d81f26278bc966b,1,ACCEPTED,Clean D40 pothole instance
rdd2022_india,India_002342.jpg,rdd_India_002342.jpg,train,2d182bd182b86e0c7964e14670d741a0,bebee5c5860e973aa0891fd3d106ae43887fb8e6091fc0f39839362d3b626fc9,9ee0433e10edee13,2,ACCEPTED,Clean D40 pothole instance
rdd2022_india,India_006707.jpg,rdd_India_006707.jpg,train,34554b31a9cb10246e22b1ccc9c5d682,d43e5ded1c1d24c0442d87ee69347353fb44bed836653ea895514f2e04856ccb,90ba6ac82726fbd8,6,ACCEPTED,Clean D40 pothole instance
rdd2022_india,India_009792.jpg,rdd_India_009792.jpg,train,6059b0735d8b841f90edc6c58f3903bf,1d5570e7da0e8803cb1b04de25423515b35da02d7ecd9dd9945bbb3fc936ab02,93ade4d5138ac4da,3,ACCEPTED,Clean D40 pothole instance
rdd2022_india,India_006293.jpg,rdd_India_006293.jpg,train,4dd7ef1e54ae56dc7e07cd01b169e459,5d55b7f1e3e1beed9440a4cd6c1288b0b59bb9e881aedc794cbf1314baf2ab2f,dd95a24a6cd191b5,3,ACCEPTED,Clean D40 pothole instance
rdd2022_india,India_007745.jpg,rdd_India_007745.jpg,train,ffd7381a67bfb990c02ee89f8bbd72fa,d2ff0dfcd989d35f86ac6f92f5c9fecd1be6ce7ed54e947e843b7bb96430ee20,81ad25563a95d6ea,1,ACCEPTED,Clean D40 pothole instance
rdd2022_india,India_007281.jpg,rdd_India_007281.jpg,train,90f3978c6b524a64c1fcae226a37ee48,14a4aff8a680bcdd209fc5a50b07e94533527653d3fd24da52889dbd714b833b,90a537d258bfe80d,1,ACCEPTED,Clean D40 pothole instance
rdd2022_india,India_001551.jpg,rdd_India_001551.jpg,train,59ef218f7f1f8b3db2c098ec3460fee2,a9581a543ad4acaccbf98e13a5a4aa0324276950321eec6de64010d9dfb01450,de96b4e565090dca,2,ACCEPTED,Clean D40 pothole instance
rdd2022_india,India_001186.jpg,rdd_India_001186.jpg,train,7fccb50fc49caea789c99431a65c46ca,897f78d82f6171feb6aaa4e361852e8580bf7fcb39b0e6c1060ac2b68ffde2a8,98a5e75a18a5c579,2,ACCEPTED,Clean D40 pothole instance
rdd2022_india,India_004627.jpg,rdd_India_004627.jpg,train,552babf88c4496b5de48802068a9d677,081ba1e1d245acca5b5c2e08df74b69ac15e98413315557d9dd2a8bad6a5382f,9c82873b7c6a87a9,3,ACCEPTED,Clean D40 pothole instance
rdd2022_india,India_003033.jpg,rdd_India_003033.jpg,train,a6bf95b5553d84220c5a188bebc8bddb,1eb77455105f51835ccd8c77d7419ee2d98a4a2802f4ccf4cd46fa10022fa7c3,9998e6671dba3509,1,ACCEPTED,Clean D40 pothole instance
rdd2022_india,India_007277.jpg,rdd_India_007277.jpg,train,0ac7ffd5b62fbc5187808a4818c52a26,0c1705f97c0495bc41f9670698845911457e3aa01452bdd0ad1ba82a0a79c195,c0c0f87e7fd5c128,1,ACCEPTED,Clean D40 pothole instance
rdd2022_india,India_002976.jpg,rdd_India_002976.jpg,train,3d0cf2ebb6749293bca204a9c9825f82,446713e49a348823073da8ac325adeee9d653ce38f0661dbafc6cea8d312755f,c1bc37476d80f0b6,1,ACCEPTED,Clean D40 pothole instance
rdd2022_india,India_005496.jpg,rdd_India_005496.jpg,train,397f84d01a2d7e6822ac34b898d6e98c,ec8c64d8a9959686d14296c1218a9af1c29942afdbb1ec5a1bd5e5546e5440b7,8b8b84d4706b38bf,3,ACCEPTED,Clean D40 pothole instance
rdd2022_india,India_008950.jpg,rdd_India_008950.jpg,train,eab4b199bbb2f2393495078c2964a29c,2778f7f3947dca31c439110a1f96c9e26348a916748ea1f5a1340130738b1d04,93a3ec4c1da32373,2,ACCEPTED,Clean D40 pothole instance
rdd2022_india,India_005611.jpg,rdd_India_005611.jpg,train,0a039b12ee3b6a48e3918cfad3fd68c0,765d233c2fa55225a21e917bc5ac6dabb86db6cf5d826a70713a65b2334b1751,80ab4952ebdd5ab2,4,ACCEPTED,Clean D40 pothole instance
rdd2022_india,India_005603.jpg,rdd_India_005603.jpg,train,59e64ee1a934a5cc923eeeb5b44b03b5,aca6e1a6b389fd915376b318c7b3c4a8c294bc6c689640d6c92155956ec7b0f7,8a82f5754ada1f07,4,ACCEPTED,Clean D40 pothole instance
rdd2022_india,India_009303.jpg,rdd_India_009303.jpg,train,00c011e52b9df9074ece81f8fb848e5a,ebdf75dd0181dde8aa41bd6116c22e35e40f2174e8228eb5e59cbd642fb46637,91867c719cb807de,1,ACCEPTED,Clean D40 pothole instance
rdd2022_india,India_008772.jpg,rdd_India_008772.jpg,train,3a76e83917533b80ff3bc657df0531ca,49bba0e113e5b0b0d8c849cf410786b22d1c757543674fc0a5127eb0960037b0,c4997a6f1f8120f6,1,ACCEPTED,Clean D40 pothole instance
rdd2022_india,India_005337.jpg,rdd_India_005337.jpg,train,abce94a4db96037c9f87097c35a1a15c,8ba438686cc987651ea9f2625edbe9cf76c3d95e30a515661ff91e6c4ee4ebd9,8180e2f87c978f6d,2,ACCEPTED,Clean D40 pothole instance
rdd2022_india,India_005661.jpg,rdd_India_005661.jpg,train,1b16c08e6b8721e16d49c76e67c8c05c,c25719c3c0f87ef613bfa6170434abfc27b3f5ce6aaa0a6fb1342e6e9cfe41ce,8687a36b541ebc33,3,ACCEPTED,Clean D40 pothole instance
rdd2022_india,India_004243.jpg,rdd_India_004243.jpg,train,2b267ed6ad8159bcc83e65d7f8606200,65acab010216c70082e092213c33207454d3c1b920ad436f5b46f4c079bddba1,9e8a01e1face07f4,1,ACCEPTED,Clean D40 pothole instance
rdd2022_india,India_002685.jpg,rdd_India_002685.jpg,train,9679891d24b268fec00d11e80fc9d9d6,3f24fff5e6c5c560c044073e6b1108065dd32759c4d0c13473b74052ef250af3,d0c0e6a6bfa92939,1,ACCEPTED,Clean D40 pothole instance
rdd2022_india,India_002843.jpg,rdd_India_002843.jpg,train,cb946a93c71fead5e800d797fb04a9e3,3f588cd9644f2e4a9bbb6a54a0967d53c0bb62180acd33d6d20dd6f7522cc8cf,c5ada44a39c5e87c,1,ACCEPTED,Clean D40 pothole instance
rdd2022_india,India_001388.jpg,rdd_India_001388.jpg,train,9109750828fa68d2c4370c645448d483,6f7631832e43a35d7818ba1ee9ef62303db7231be1ed220a39b3914eb34a9011,849eb9de0b7e80c5,2,ACCEPTED,Clean D40 pothole instance
rdd2022_india,India_000802.jpg,rdd_India_000802.jpg,train,949872bc56487af5475c5a055d630d63,0ac3197b438c29c6e0c73352454db2bcb13c70411d01d8903f268ca6fb6ab2e9,a2f2f45f0b835742,1,ACCEPTED,Clean D40 pothole instance
rdd2022_india,India_006132.jpg,rdd_India_006132.jpg,train,64cef39c560b451ad44823ec4de68022,9fa0782ae8bcda8fed4690eb51e6ee8d2adfb0a47d911e049949214c6f206583,d7d292b486023df5,2,ACCEPTED,Clean D40 pothole instance
rdd2022_india,India_005447.jpg,rdd_India_005447.jpg,train,5836776f85e4332d1094ebc3451f312c,033e1254494894c81e73e2625e4592ca763ca7a03fcb1507216e63bb2d8fcbc9,95878feb29398ac2,1,ACCEPTED,Clean D40 pothole instance
rdd2022_india,India_005284.jpg,rdd_India_005284.jpg,train,984d9ca4116dc7106527487f6f97c139,98c8b41b02e6c00ebac74f558c79f80c4602de6409e8fb125a663ca917f5eb5c,8080e07c3fbf43bd,2,ACCEPTED,Clean D40 pothole instance
rdd2022_india,India_006564.jpg,rdd_India_006564.jpg,train,89ff0fc97bfa66d449b456f7ce7ac7b7,8580393d8cc6a2521d8fd20ca475cef381b2bfb96e1c24701d4ddf1c4208c2e7,8096f7799b87c078,2,ACCEPTED,Clean D40 pothole instance
rdd2022_india,India_008524.jpg,rdd_India_008524.jpg,train,493176ca78c272d74e5795bbc2e50968,b39596bac08ac151d52a03cff18213f600d68a15c8b6d203696cd34f76da4355,80c0e07a3faf6375,1,ACCEPTED,Clean D40 pothole instance
rdd2022_india,India_009329.jpg,rdd_India_009329.jpg,train,032bb4c1a3580ae5227997cbdb881104,61a68ba57857d05d22b14d457edbcd74953f249471468e4d3173024eeba9a464,cfc6e06179dcac28,1,ACCEPTED,Clean D40 pothole instance
rdd2022_india,India_005510.jpg,rdd_India_005510.jpg,train,6b0930dd5d5308d72a2198b10724a515,c3fb5d03d4ad4ffc48505884016203b9d2813f81691f0f80bfbc0df8027f76da,829181ccde6f7b38,1,ACCEPTED,Clean D40 pothole instance
rdd2022_india,India_002095.jpg,rdd_India_002095.jpg,train,d96c189736fdf1092d72f780e5200b56,1519f78cd107446c1fd887354c1e9621b5447694ea480e51b078f8c7a0e12a3f,da9abae145454597,1,ACCEPTED,Clean D40 pothole instance
rdd2022_india,India_002390.jpg,rdd_India_002390.jpg,train,650081718fd8fb127f3ee1ec8f04ae9a,cbed0528805e63d8234dbaf0552ac3538d20011ad5b7591ad4bda101fb840f59,908fe47a5b84a47b,2,ACCEPTED,Clean D40 pothole instance
rdd2022_india,India_007584.jpg,rdd_India_007584.jpg,train,9d7cfbb616249a2269e0ead95e22a059,6b3c537b9eb99514a3ee8e486dc524c9f9cd2ab8ae357dd29d225a27009e5990,9a8e8de7523389cc,1,ACCEPTED,Clean D40 pothole instance
rdd2022_india,India_007616.jpg,rdd_India_007616.jpg,train,e0dd35d25da93e178f8cbbf69ba3d244,3dd41f0d0b44a4cd9450556fd2f41cacac5cc905a6f36dcd68dc98cd20a188fa,b4b4c9d95a8685e9,2,ACCEPTED,Clean D40 pothole instance
rdd2022_india,India_002523.jpg,rdd_India_002523.jpg,train,65b99db6e89ddc730e72a99fc9267c61,1cd5f806ad743d828d9aefcebf35376c90dbd0739535186a0276294ba8e7c64a,9999e68ed9a4e642,3,ACCEPTED,Clean D40 pothole instance
rdd2022_india,India_008070.jpg,rdd_India_008070.jpg,train,c7121a1f1aca27262d24b24ed7d0f85c,87e4e6bdf7d7a2d13df031ae0c5ce3486858bf4a7cecafdb647c15cea177a861,8f9f16d860be3017,1,ACCEPTED,Clean D40 pothole instance
rdd2022_india,India_004717.jpg,rdd_India_004717.jpg,train,31babe50843f5c1e45e96778b35f76e5,6be2f617bc05a1682be7c87aa872059cee36f6a673c4d65c58a96aeae471cec7,8a80b57f79054bea,2,ACCEPTED,Clean D40 pothole instance
rdd2022_india,India_006912.jpg,rdd_India_006912.jpg,train,5a826f6b7d09141ff9574bcad782d6dc,f07bef8745538a0da011775361b57958c6e51b2a68a081c573ba7c236ffd6077,d1a92c4b0584ef7e,4,ACCEPTED,Clean D40 pothole instance
rdd2022_india,India_008789.jpg,rdd_India_008789.jpg,train,916131b2b0c55ebe0624e889faf578ce,dd5fc0a7afcd4cabc9dd652f4d222a2056a0f0e6d255164c70f077d1242f2457,948ee0e073d1b52f,1,ACCEPTED,Clean D40 pothole instance
rdd2022_india,India_002023.jpg,rdd_India_002023.jpg,train,b96ce8c4235b66ead6411331cb40dada,ce6af56b5d8a7975e646ccbd0ae17c6db3397c04067dffcaaf8a4ae7a5898fb9,91b366665b9194ea,1,ACCEPTED,Clean D40 pothole instance
rdd2022_india,India_003103.jpg,rdd_India_003103.jpg,train,215becfe4cfc170067b997ca999ae431,6b109fb2b9cf26596764441d6b1633af2eb66606f8c8c3b6b12fba9636f78174,91a5e4511bccc57b,5,ACCEPTED,Clean D40 pothole instance
rdd2022_india,India_002447.jpg,rdd_India_002447.jpg,train,b1fbce853896b9e1fca4f2f85eac4d21,1c0c051faf08ed4fb79004dc894883aa51df7974ebe05925c2e99825c579a055,84847a5bbb9a7ca4,1,ACCEPTED,Clean D40 pothole instance
rdd2022_india,India_003411.jpg,rdd_India_003411.jpg,train,70bb3bcbba01e08f291588cba4caa53c,f06df3dacdf542c03d7be7f5230efadf3e354e726d5e4ad12de2f768a10908f0,91aded5313ccca13,8,ACCEPTED,Clean D40 pothole instance
rdd2022_india,India_001680.jpg,rdd_India_001680.jpg,train,7cb5d7763c7ee76e12f9b258cbaa0450,0da2cd6752183da277c0a19f2969195fd4fae6b0c822e5a28b1570aed2480533,d994a64a4bd574a5,1,ACCEPTED,Clean D40 pothole instance
rdd2022_india,India_009359.jpg,rdd_India_009359.jpg,train,549bb8c6c8fb00891aa6993aa71a3811,00209c4f8c8c0810d5fa9d4740c4f1bd773da5a3ac0807985f9e2460694c91a3,c082e76b18d63d8f,1,ACCEPTED,Clean D40 pothole instance
rdd2022_india,India_005976.jpg,rdd_India_005976.jpg,train,739b5222c5c3edad5599e1c89b9b81ca,2d526292d4ff3a20bc9b0cd1647eefddb620c16f772bfdbad70a4a9150e9fb0e,c9c9e2f078bcc613,1,ACCEPTED,Clean D40 pothole instance
rdd2022_india,India_007998.jpg,rdd_India_007998.jpg,train,337f1a3e4633d3bb7478031b8115e0d0,fbfa9587958e45e8350c945bebb4f4cc1f251811684aca5cce3f9b3999c1d6b9,d99fe7e26818d8a0,4,ACCEPTED,Clean D40 pothole instance
rdd2022_india,India_003201.jpg,rdd_India_003201.jpg,train,b3fe80621ab428236e5fbde496774e35,34209f59a0b4a55abc2ea4e202566a08c912408fde93cb5eb48bd7089508af9a,c4ad374f1881b66b,1,ACCEPTED,Clean D40 pothole instance
rdd2022_india,India_003556.jpg,rdd_India_003556.jpg,train,6b6b19742c0f5434f48cb051c8dc7d9b,34cf0e1c0d8a3078ea1bfdd3b440e376e236e10675e88b2a5c43237d405995ec,c0c2f4797d9ec264,1,ACCEPTED,Clean D40 pothole instance
rdd2022_india,India_005282.jpg,rdd_India_005282.jpg,train,0012b852746bd9ca55eef50ff8b19ca8,98faf9bb00907bf41c644a3b3f5aef7c93b689b1d1731f57cc0946367e98a6ed,d6d6f0252fab9890,1,ACCEPTED,Clean D40 pothole instance
rdd2022_india,India_000768.jpg,rdd_India_000768.jpg,train,a0e509b3b7cd7a907b22bd0e99970e00,364e959cc84c96528b1d53dd4b9d740401ce4564fc6d36c18c32cc3338480e6a,ccccc773130ee0f1,1,ACCEPTED,Clean D40 pothole instance
rdd2022_india,India_009269.jpg,rdd_India_009269.jpg,train,454ef63c00953417427608232fe62276,2d28bd6dd946877cba98d78fbe13b5dba5794983a832bb48b0bdc6f06e9345d0,e88db7130ae8e51d,1,ACCEPTED,Clean D40 pothole instance
rdd2022_india,India_007581.jpg,rdd_India_007581.jpg,train,07d180f95c26e635e0a5667f3dd031a5,0d67c953ec59701e6fc2bcfe7a149e9a9722b954e79de7f72fd0eb5d0cdea758,9b8d564a2fd0327c,1,ACCEPTED,Clean D40 pothole instance
rdd2022_india,India_008395.jpg,rdd_India_008395.jpg,train,d33fa0933077e36644d1cbd76925a24e,a693971db15765113eb7e8e81e8460ff1a338944aa3db1fbc6a5dfc9db0faac1,9882e74319bcd66b,2,ACCEPTED,Clean D40 pothole instance
rdd2022_india,India_008436.jpg,rdd_India_008436.jpg,train,a7a5b91c130c6e3c70160916abaeec96,e5236910d89544d68155b5074a85ae438ea1e74e5afe74324a0815c37801f48e,8e8e8ef960323cf4,1,ACCEPTED,Clean D40 pothole instance
rdd2022_india,India_005941.jpg,rdd_India_005941.jpg,train,eb83d874cbb7190b07abbf2d88759fb9,c4ac39eb3165b52b0287f8ab2aa317cacb0ebdc8301a0a470eeb67d17e94e537,d0d2e57f3a848d61,1,ACCEPTED,Clean D40 pothole instance
rdd2022_india,India_008802.jpg,rdd_India_008802.jpg,train,b30419b0ac78db70e497d6fcef4d5dbb,ef3ec0ad97e47734d5880452a1c059a2e369d26c947f5862e3c0074e0d4ace42,9c9cecc653d38cc4,1,ACCEPTED,Clean D40 pothole instance
rdd2022_india,India_008105.jpg,rdd_India_008105.jpg,train,d9a4b7d0a5b0b6791e1dc8cede2ce495,79b1df02ce2f50a5e4aa68e51ce2b40c5593b8dec2c8b316ac8b715663a1b58b,9783bad9488f95c1,4,ACCEPTED,Clean D40 pothole instance
rdd2022_india,India_000067.jpg,rdd_India_000067.jpg,train,855873a68c52ec3393e8c20e87ccf411,15e829e2468fb5cfe5cdcbc1cd8c369c0a4b9aea3a062d6211fee309d5b5a3a2,82ab6dcd12a3c5ce,1,ACCEPTED,Clean D40 pothole instance
rdd2022_india,India_008726.jpg,rdd_India_008726.jpg,train,67d9e9ba1a44fd55c7979c1a6cf54ecc,6f21e1c83723e84f1d5dcdd95bee29edff01367e61841194d2af05dcdc210f41,8585f4f477032a3d,1,ACCEPTED,Clean D40 pothole instance
rdd2022_india,India_001561.jpg,rdd_India_001561.jpg,train,99517514e34a0b50b4c4a89d7433fc8e,7e4d5a1c36f8fe3a5800887f0b38c35e9413baaacd446b11a152788a49be739a,90ab3f1281d87b1f,2,ACCEPTED,Clean D40 pothole instance
rdd2022_india,India_008183.jpg,rdd_India_008183.jpg,train,ad0ef11cb8ed2cddc282899ba76dbc92,99bd755112d25bb65d1f5a8c7dc3f50e46ab9ea8b3046458573e8c4201a1f56e,9887e4ed7bd26025,4,ACCEPTED,Clean D40 pothole instance
rdd2022_india,India_007518.jpg,rdd_India_007518.jpg,train,65001706ccdd2d651cf1f6bdef9d4bfc,327053d00f8f86eba153148fa9706152f84a2a22e0dd21af5381ddcd8e975b7a,868785b7b1332b6a,2,ACCEPTED,Clean D40 pothole instance
rdd2022_india,India_002889.jpg,rdd_India_002889.jpg,train,47e951223966f14a3ee0e2b18f79627c,e9246941936fc407782d0180f34f42377e5bfbcb3d2a1a92a8a170d7b0ecfd62,9cdce2e05c9ae6e0,1,ACCEPTED,Clean D40 pothole instance
rdd2022_india,India_000389.jpg,rdd_India_000389.jpg,train,14cb59ae2f1c15de4d373c8d1dcab8a1,6fa3a0f2b589bb30de4a35c98c38b2719ecb56680fba8038ea626b388a4f3920,d596b4a92ba39c52,1,ACCEPTED,Clean D40 pothole instance
rdd2022_india,India_001605.jpg,rdd_India_001605.jpg,train,d61bc24fe2fd65e2ef36fb88f74a968b,326e499c4c21119b3e72220f77483fb3fdbc571cfa7336993f27748082365327,8084df7f7e1083e9,1,ACCEPTED,Clean D40 pothole instance
rdd2022_india,India_002082.jpg,rdd_India_002082.jpg,train,5ac22ad74485d11e708a10936c98772d,d97fa73dda80363315a2e55116fcb9c7894a294cc6cc99a95ccaf1abf14249fc,8b87e4e47b0fa6a0,2,ACCEPTED,Clean D40 pothole instance
rdd2022_india,India_009287.jpg,rdd_India_009287.jpg,train,dfca43c61e88d5289125713eb4b7fa1b,c53a221ee9744dac55ded6b27e4a7bd5ac4c6925e2ab5eef8c633e2035bdb62b,c8cab2b6b8ace427,1,ACCEPTED,Clean D40 pothole instance
rdd2022_india,India_003776.jpg,rdd_India_003776.jpg,train,dcdf256a1b20bd40f155303a42b690b3,f152d63ca3b09c142298a9fc363b5b7a9f5d2ebdf35053335a44fd54bfca94cb,92a3ac5a5385e5ea,2,ACCEPTED,Clean D40 pothole instance
rdd2022_india,India_009526.jpg,rdd_India_009526.jpg,train,bd5e41823506c091e3b755fdc98c9095,0c75744c4548e942038fb7532f43cf5a11aa2a8af08b9d6d4ffa3a30fd41e3f9,cf87e0f03f8f8320,1,ACCEPTED,Clean D40 pothole instance
rdd2022_india,India_006970.jpg,rdd_India_006970.jpg,train,774a4b1a7e5aff3193ef6bfc2e4ddd8f,8bc13e5867681f5f95388341ee5e5f2c259dc7cef540b9c60288d93e565d73d0,f0b0adcd4ac6968d,3,ACCEPTED,Clean D40 pothole instance
rdd2022_india,India_006601.jpg,rdd_India_006601.jpg,train,57bdce6c8353816df1ca852cd154b274,e7af80c6e82961cffc2d65b0f473f887c5f77722de290e31d5cd1a20ca7f8d39,8c8423c36ebbdb52,1,ACCEPTED,Clean D40 pothole instance
rdd2022_india,India_009612.jpg,rdd_India_009612.jpg,train,01a4e7c8d95190fd1577fe1161768778,2f75b08a60776271a667a0e2995f400411e76c6c9f3ed9a4651bcfcaf1e3be85,c5c59db5b1026e78,3,ACCEPTED,Clean D40 pothole instance
rdd2022_india,India_004726.jpg,rdd_India_004726.jpg,train,f192b6f7295e0f4b33e89b7801e9c691,438cf493eb6c58d26b8850a049256d2d92e0e1b3d54113da8dee0681692adb3e,d090e4e07839decf,1,ACCEPTED,Clean D40 pothole instance
rdd2022_india,India_001176.jpg,rdd_India_001176.jpg,train,65f7ffd0834f877521cfce860de9256b,131352eb9d31ac772b1d7590a31862f4a70b992d286030fb73771d9f57b76685,84a3f7de1b874309,1,ACCEPTED,Clean D40 pothole instance
rdd2022_india,India_005486.jpg,rdd_India_005486.jpg,train,d017a4954858256e374b96567e55a296,4f5e579ebc4b25526e223f6b84e7a533d61fc36db9a40fb8f6407c545b39ef02,d8989ce4843dbde1,2,ACCEPTED,Clean D40 pothole instance
rdd2022_india,India_004612.jpg,rdd_India_004612.jpg,train,afdc793a9656e9782c820033e30d6b93,230374bdc7a655f5f03430500b26165d05e6c57b382d78291b1ece8331282f81,d092acaf2d7b5a12,2,ACCEPTED,Clean D40 pothole instance
rdd2022_india,India_007917.jpg,rdd_India_007917.jpg,train,4c8b71baa6e87e30f7109c27ff66d3d0,7ea12153dd944d4f37eae7426b0ff4e82107b785b1c96f1e01414d6a40eea5d1,9886e74b38d0e367,3,ACCEPTED,Clean D40 pothole instance
rdd2022_india,India_003110.jpg,rdd_India_003110.jpg,train,9791f684b238813efdd8aefb155cbbcc,8ff185769147dc2a3e4b2faa6e145279dbe24b8805445c03703f951a2c522243,99861b6307b073ed,1,ACCEPTED,Clean D40 pothole instance
rdd2022_india,India_008661.jpg,rdd_India_008661.jpg,train,848a3ea8a893f843d267f238f2905516,6e31d7e0abeaf4abb6aaa51f6679236f5aa3f41e60dd86bf9902cef0fafd6f5c,9dbcd64243e1c5d2,2,ACCEPTED,Clean D40 pothole instance
rdd2022_india,India_009173.jpg,rdd_India_009173.jpg,train,f15c7234b68f5e108f2248c5c3881f5e,22837fca74e67e2488bef95bc1c094e878e42b4626becf9fc7ba89800a30511f,94953795c0eb7ea0,2,ACCEPTED,Clean D40 pothole instance
rdd2022_india,India_001225.jpg,rdd_India_001225.jpg,train,29d7cf7a612ba7ee47dc0dd80a934ec3,d53f959a70cf3490abfdba050fa85aa1c9b1183b77dc5ad9b43e7ae9be8278c4,d494a5292b8aeafa,2,ACCEPTED,Clean D40 pothole instance
rdd2022_india,India_002642.jpg,rdd_India_002642.jpg,train,e5b4af94d847dcf984a6d8af42b50906,98fb9567e544f6164ff8d93e40eff001f798fb466e76b3dadc1c1b9325426182,8885e62b59ceb563,1,ACCEPTED,Clean D40 pothole instance
rdd2022_india,India_003292.jpg,rdd_India_003292.jpg,train,375daeb7e3a96755ca513ad86e25aee8,76b0596448fab769f471cc301a1d8973bb2054b56aff51e764b8fca4fe6eed54,ddc6e73598e06189,1,ACCEPTED,Clean D40 pothole instance
rdd2022_india,India_003700.jpg,rdd_India_003700.jpg,train,dc58246033f0cd735608759896c9ee0c,adad5f946602b8d74c747e1d5e26f6b2972d305ab558c262044c9025746f89ef,99b226666ed8856d,2,ACCEPTED,Clean D40 pothole instance
rdd2022_india,India_006250.jpg,rdd_India_006250.jpg,train,305b52067b1a1df79f15d2e9e2fefca2,aa27cf7e3584928cefe8a3bdb3c91ae14f89c3c77c4e0ea2e91afd5dbb400b9e,8e8e63789cf8613a,1,ACCEPTED,Clean D40 pothole instance
rdd2022_india,India_005693.jpg,rdd_India_005693.jpg,train,6e6d1c97314a197ea09c045970c79b88,629457fdccc2055fb3022a9a8505dfb23bdb89526e333876c3fdb18f03c766a5,d29aa7852d43da5a,2,ACCEPTED,Clean D40 pothole instance
rdd2022_india,India_000563.jpg,rdd_India_000563.jpg,train,5a40177996e2f979f5a1d6679f930825,aadf070f1145c4104cb646d99a867d2c2f218e69e2a44b19336f93049c9842eb,928935c67ae1e4f1,1,ACCEPTED,Clean D40 pothole instance
rdd2022_india,India_008029.jpg,rdd_India_008029.jpg,train,aeca943e6e697bf1d719e5e53f411085,f854b1068578365b7fed1d454d19f8869a3dd0ce6df56749e45d9795aa3af81e,81ae77561184da3f,2,ACCEPTED,Clean D40 pothole instance
rdd2022_india,India_006787.jpg,rdd_India_006787.jpg,train,7bb23cf4fdb01f0341e40734425aef41,ff686a787aa780d38f70197359400709f03bb31240efbd0e7871e2132d8b8603,9fa6a0c01b9fece0,3,ACCEPTED,Clean D40 pothole instance
rdd2022_india,India_009619.jpg,rdd_India_009619.jpg,train,6d825f95abb23da28e5d175cb5eb01b2,00fd6550a6476620172e4bc2a5b2043cd675dc315b53f9489d4f682bb1f45757,9495adeb0a15d6ca,2,ACCEPTED,Clean D40 pothole instance
rdd2022_india,India_001069.jpg,rdd_India_001069.jpg,train,d8d8bf83360803ab16e9203d2fa84429,b55d8291ac05ecf9469e9c0b18da305103706ec43c0f980f2f85e2761feffd32,d194fcef2b21c4c2,2,ACCEPTED,Clean D40 pothole instance
rdd2022_india,India_000580.jpg,rdd_India_000580.jpg,train,ebe39f1e4c16ed825cf068da477e1d5f,a9da953e741bca4555ea1c6aaa45f1dd9301389a6bd46388fe3d81ffb5eae760,ceae9191434e2ef8,1,ACCEPTED,Clean D40 pothole instance
rdd2022_india,India_007422.jpg,rdd_India_007422.jpg,train,0535b385e9c926047ff99301488d4c5e,88dbcda8c9bae87d63161734265e3af8765c8d33f35c75fb330a80a15e9fd216,81e263df6082e0ff,3,ACCEPTED,Clean D40 pothole instance
rdd2022_india,India_005245.jpg,rdd_India_005245.jpg,train,90d17922dea0b2d87849c7ca94988a2c,282305c5d85a75559395c51174a341c7b56e90b40ea0c2d2a06ac877b370703c,d2dbb4a52d2d0aca,5,ACCEPTED,Clean D40 pothole instance
rdd2022_india,India_008652.jpg,rdd_India_008652.jpg,train,be1cddac15a0b3b65a717770f3b4bbc8,cebb6e558411d3f86006fc9e2af9e13d5f11bbd7af3be9af9198109c69e376d5,9fade1581ec96138,7,ACCEPTED,Clean D40 pothole instance
rdd2022_india,India_009185.jpg,rdd_India_009185.jpg,train,88135c7c59a528f1135e802cd052e25e,bbff0797c8b5af86c08805f1ee4018117a31106e07a93b16e6b8a0ecfb762488,89af25750ab5f44a,1,ACCEPTED,Clean D40 pothole instance
rdd2022_india,India_004029.jpg,rdd_India_004029.jpg,train,752e49c073f8c8de4d7a12b7f86f4d5b,5f554e9fd0adaaf99582bfb11500ecb94eb89c5885d2b0a6c5d4aa85aa52a396,d1aca4df00b5ec4d,3,ACCEPTED,Clean D40 pothole instance
rdd2022_india,India_001200.jpg,rdd_India_001200.jpg,train,6be77f038684f992584ada833c626529,21d17e4cac3164b6da24c6e1900661a821f48dc803359cc37ea08c1fdc6bd285,d3c3b4944523abf4,1,ACCEPTED,Clean D40 pothole instance
rdd2022_india,India_002777.jpg,rdd_India_002777.jpg,train,29c579395c1e98d3500c89373dec2ad7,827b817a2ac5db2be353220cf04224088c584f5e1c4ef10067a79c0c5f71188f,e998b645398a6ee4,1,ACCEPTED,Clean D40 pothole instance
rdd2022_india,India_009054.jpg,rdd_India_009054.jpg,train,55e9f0f39a6821c7c3c92b7cac56e189,19863df61133c5174ac170214e3366ceb6d11c914c5f80bec03a62f23d5eb5ed,9bbeefcd454020b1,1,ACCEPTED,Clean D40 pothole instance
rdd2022_india,India_000391.jpg,rdd_India_000391.jpg,train,234a354806cb72d66a6c847400344ba6,297bd6e993d00c75758eb3efcdd45e5278f75a059df6b22e87f8c30d3fec96a8,d191b1c86cec1e7c,1,ACCEPTED,Clean D40 pothole instance
rdd2022_india,India_006710.jpg,rdd_India_006710.jpg,train,4813281c2cea13888c6297fab0b4fb70,6dd9576119f30f836cf345f48bc3764a6623fb4c926d5b089180a84e2c00806e,d59515f5c5d4c24a,3,ACCEPTED,Clean D40 pothole instance
rdd2022_india,India_007465.jpg,rdd_India_007465.jpg,train,099a73fa1b2b5a662d581b07dfd3ed13,6d90bb147a01aa48d82a04e445705feef2b5474ab8e487506390a4eb55c04761,92b6a6644dd9d2ac,2,ACCEPTED,Clean D40 pothole instance
rdd2022_india,India_009832.jpg,rdd_India_009832.jpg,train,4129ce0f77acde8e6b2d760a68a11b8c,35be79a6f337cd3601192cb650302bf007a0c81d6d29610da91b47aecae917e3,d080affd3d71c24a,1,ACCEPTED,Clean D40 pothole instance
rdd2022_india,India_005067.jpg,rdd_India_005067.jpg,train,3047190607b8ac88cb12e13b5c8d9280,fb2908bf0bded230bf94a9ac05e22701c8bafd7cf39d35d80415a373a48806de,c0ecef1f41c03b33,1,ACCEPTED,Clean D40 pothole instance
rdd2022_india,India_006651.jpg,rdd_India_006651.jpg,train,a6ab1dccca198f7d25bd7c56226c33f9,ef217746fd125670cd739ade8951a3ec8145b5f88b88c03097f2ff4468c1bf61,9195fd4f0ac4e42b,1,ACCEPTED,Clean D40 pothole instance
rdd2022_india,India_005546.jpg,rdd_India_005546.jpg,train,f2eac2bf77d3f7ca1c79bc6063e6112c,272232200f3c8e5b8bdbe05329b7ca58ccf21d75348cedb6330d8c9f82ea4661,8d8fc663319b8e2c,3,ACCEPTED,Clean D40 pothole instance
rdd2022_india,India_004126.jpg,rdd_India_004126.jpg,train,c6b90c424f2051c856d8a6cdaa82f99f,4055451433ac2864c5cd242c6ec12c574b10896901165f7ec0d9e8213aacd4d7,caab2d655a02b5e6,1,ACCEPTED,Clean D40 pothole instance
rdd2022_india,India_001831.jpg,rdd_India_001831.jpg,train,d91d017f74d722eadee043d3f91b4a21,4e66ee6031221d99532e7d26572a836806e45c8f7f635f0d7a67e0fb0de1124d,8183e3660cb8f36f,2,ACCEPTED,Clean D40 pothole instance
rdd2022_india,India_005601.jpg,rdd_India_005601.jpg,train,a5eb12b09f9e4baf728748fa3ead009d,854b5bb4f072283f625aac195144dc8fb1f38e9e3d8f5d9d1d9f270ccbb22f78,c5c5ddb480d17a3a,1,ACCEPTED,Clean D40 pothole instance
rdd2022_india,India_001103.jpg,rdd_India_001103.jpg,train,3e90e53403db91b6daffd30ac9f7b98a,8bfe210bc3eecd55fb30e01f691e4f5fba41d9aa55e75201db5881650321e098,d9d1f2b2388ca723,1,ACCEPTED,Clean D40 pothole instance
rdd2022_india,India_002405.jpg,rdd_India_002405.jpg,train,07bc6fd258f53cd3ccbf4b307a86633c,61ecc6f10db15fb71361e61912d5f26c81648964daba2d4a8e160aa32300a679,d5852dea5e3305d4,1,ACCEPTED,Clean D40 pothole instance
rdd2022_india,India_007629.jpg,rdd_India_007629.jpg,train,a3b12f254a344ddcab17c338b4b332a4,f4cd3174739e3c214f5ddbf42c2af43a6890dc8d277f3265657f342c7484775e,ccceb1f11a8e4333,1,ACCEPTED,Clean D40 pothole instance
rdd2022_india,India_008127.jpg,rdd_India_008127.jpg,train,bd4e15c14193aeeee057455da0bdd273,62131bfa9cce5f9c97ba6d1d33b2e05cc22e0c633e9ea78db4dac8d915f0d91f,dad2b6a40d89cae6,1,ACCEPTED,Clean D40 pothole instance
rdd2022_india,India_006076.jpg,rdd_India_006076.jpg,train,c15405152af30c2ac926cae72f29a682,6e7d0cde8d6d8be70a2a1d0998276b6b348ef458304996f2754bac8e7f17cea3,c4d890b19677a7a5,1,ACCEPTED,Clean D40 pothole instance
rdd2022_india,India_007491.jpg,rdd_India_007491.jpg,train,52406b8a4d55898b0f57ae43978d747f,c2fd06cfa087588b58f9d30ab68ed127800bb9c708da8529beb4aad1f7d2af95,99dce66383871339,2,ACCEPTED,Clean D40 pothole instance
rdd2022_india,India_007789.jpg,rdd_India_007789.jpg,train,1ad6f557ecf511dcc89a93391a030845,25f7931ade8e600ca6c6063552e147b674a4a8c8e5a4ac836c84a5df394e4add,8c8ee6632987f269,1,ACCEPTED,Clean D40 pothole instance
rdd2022_india,India_007972.jpg,rdd_India_007972.jpg,train,d748312f9ff986ba6b3b71d8a4578ff1,017aa8c49c918a96cebfde1c394fc2034e30713817e189966d016427a7d89192,808f474f30c2eff8,4,ACCEPTED,Clean D40 pothole instance
rdd2022_india,India_009605.jpg,rdd_India_009605.jpg,train,23cba915e1c83d62b4a108dceb7443a7,f8c9d1bab8f728315a51eb4f59e6918035c155711b601248b5fb044cedd0e0a3,938a3df41d431b2b,2,ACCEPTED,Clean D40 pothole instance
rdd2022_india,India_001596.jpg,rdd_India_001596.jpg,train,e966943936a84e8a38f3aa2c9a06a03e,1102d41b01d1fc07de3d87421e6ca322b2a2c914a7cde789473f6b8fc3566886,97a5ec12138de55a,7,ACCEPTED,Clean D40 pothole instance
rdd2022_india,India_008308.jpg,rdd_India_008308.jpg,train,22e96cac4786f260b88592de9214def1,6856ba56ab15e81130975fe04f23c52c8b30099944095379b48154c22093f3fc,8acab53668cb3336,1,ACCEPTED,Clean D40 pothole instance
rdd2022_india,India_002871.jpg,rdd_India_002871.jpg,train,524dc36a5c14d044dc1d342402a54833,80f2d3e3a21ed35d5c8a56b397515260a100adf655eee8b520a047a4bc76270e,8fa1f95a0bc1783c,3,ACCEPTED,Clean D40 pothole instance
rdd2022_india,India_006619.jpg,rdd_India_006619.jpg,train,99e42033d948957b577af8acf9042c33,796be7abf9942cbf72db65c9cacb9b3d594b40bd817c72398a1b3e78c19717ed,e3a8dc9629e9d294,2,ACCEPTED,Clean D40 pothole instance
rdd2022_india,India_003610.jpg,rdd_India_003610.jpg,train,b9c063e76fc8a5d8a2415398159e751e,31f1e44b5506dbefe4373c3ef5207df26fcad29409f9c2a730c3ac678790acf8,9c987067ad99722e,1,ACCEPTED,Clean D40 pothole instance
rdd2022_india,India_005886.jpg,rdd_India_005886.jpg,train,30da4096c1032fde6dba140bafa7d345,ff2d13685a1b8287e99729f24fde5f24cd842f063745bdd96ad0f743d561416b,d69694e56929d2d2,1,ACCEPTED,Clean D40 pothole instance
rdd2022_india,India_008984.jpg,rdd_India_008984.jpg,train,f368e450eb305665e7edbc7a136dbaaa,36b5e8cdab5ee8de1fa84d9c081bfa433961d370bfc1951a3522139c38f70ab7,9eade1413b9ec541,2,ACCEPTED,Clean D40 pothole instance
rdd2022_india,India_000631.jpg,rdd_India_000631.jpg,train,bfa428a339ac58eccc080ab4173bf469,729c7e600e793a7a844a95ac3b913c72be55caa75700faeb492e7351ee4b338c,cccceb3316e0c179,2,ACCEPTED,Clean D40 pothole instance
rdd2022_india,India_005621.jpg,rdd_India_005621.jpg,train,711778f14d347a2b5500a109e108413c,a3ebc47d407bcb10fd487d45ac2c803754d52cabd4e2f76a8387ddde06c2b63e,80a83f573a9556e3,1,ACCEPTED,Clean D40 pothole instance
rdd2022_india,India_007105.jpg,rdd_India_007105.jpg,train,f4f8844809ba5852e0e4446a3b01a082,3d6d6bdbb95fc776da4d3aa70b7e031d860a75c138e23be89d8b0b3a722b2570,80ac6d8f3880fe5f,1,ACCEPTED,Clean D40 pothole instance
rdd2022_india,India_003571.jpg,rdd_India_003571.jpg,train,36354186d36940a96c486c7826b3721c,c7c46bf05527a82bd5c941c1e0daebd7ed9e34f591470b42b1f9299b91a8f07c,928ea7c5117be2c6,1,ACCEPTED,Clean D40 pothole instance
rdd2022_india,India_002135.jpg,rdd_India_002135.jpg,train,086396a0b03a018e6a5adada5c76a3c9,5318c0ab9dde7c8ebd824502a6f7fde0ad242fbb4641bd6313622633f0af744c,d595b54c6ac388ea,1,ACCEPTED,Clean D40 pothole instance
rdd2022_india,India_003475.jpg,rdd_India_003475.jpg,train,8fce8417f6674a37719cf1a292c84a90,c03f6f7418d02a1c01d23129bc785b639e091038242128598cf3fd6b8f2f0ae3,9c8fe7e391bdc040,1,ACCEPTED,Clean D40 pothole instance
rdd2022_india,India_002664.jpg,rdd_India_002664.jpg,train,e4fa3cdc2edb50439eeefc7bb2325826,5d45822085036382d65885df275b099c3ec46aa711ec3483a3d4d8a7312b7513,92ab4e52a5e33317,1,ACCEPTED,Clean D40 pothole instance
rdd2022_india,India_009226.jpg,rdd_India_009226.jpg,train,8bca8d973684c7d423c84de3907b6543,2a4ec1a15a52cd1c118e322c814b03ac85120b0c4e506a86b36dc04493ff6c16,80ad4d5aeadd5a31,8,ACCEPTED,Clean D40 pothole instance
rdd2022_india,India_002553.jpg,rdd_India_002553.jpg,train,3faf943752829d30fe0050a409f2775f,ffd0abd814264aa19eac1c4b18e3ce3e36c804bc25bdbf2bbc1640e5885b7678,898ac2f67429997b,1,ACCEPTED,Clean D40 pothole instance
rdd2022_india,India_004320.jpg,rdd_India_004320.jpg,train,5b2774a06a78f637273ec17a0d7d0a0c,cfeb8075d7ca2fed3ddfe20c5efe9826a37cef230748c2a04c2059bca5edf31f,8187e8e85bd4ae1b,1,ACCEPTED,Clean D40 pothole instance
rdd2022_india,India_004959.jpg,rdd_India_004959.jpg,train,51721fbfa6dc6efe3b932de9531a62a3,35890ff252497d99e6825177c6f069a6f74eb6c70d860e98f0c55c22b7ea7e90,d2d2a56541b576a9,5,ACCEPTED,Clean D40 pothole instance
rdd2022_india,India_004028.jpg,rdd_India_004028.jpg,train,efbf3b707716fd8038ad550f90cd94d0,fd27012a9efcbff2bcf92633558da729e3c01dcfdc3775f8e17456540510fb44,9c82f3701cbf134b,7,ACCEPTED,Clean D40 pothole instance
rdd2022_india,India_003217.jpg,rdd_India_003217.jpg,train,65b3b895e38f6a4ab97a9efe3bf46b09,afef45fb90ceded0ce55f787fd910469ae376ac86fcad919addcb6086a1c2ef7,91a92ece5631b56a,1,ACCEPTED,Clean D40 pothole instance
rdd2022_india,India_005135.jpg,rdd_India_005135.jpg,train,2b742e286c814fcb35c3c9ca20469cf6,23909f336bc4ef06ef5e7056ab16a9514b0cf370cb4a01cafe9ce2bd56f9a1ec,978368cd27aa7057,1,ACCEPTED,Clean D40 pothole instance
rdd2022_india,India_005078.jpg,rdd_India_005078.jpg,train,8852279a1e6613cbd2f89e2abba5044a,e8c5f3f46608084f7cec38d508d761da2151c4db262f5ceb1ecbab1d7ffcc5b1,8a8ee7e76a7890b0,1,ACCEPTED,Clean D40 pothole instance
rdd2022_india,India_007974.jpg,rdd_India_007974.jpg,train,ed414cfb8b7d8de7860155374e39ccfe,01165352ebde8ad274e736afaa67f8d5551795ef2a0a6e4b2ca61f941336203a,85a66659a9e66a35,3,ACCEPTED,Clean D40 pothole instance
rdd2022_india,India_006974.jpg,rdd_India_006974.jpg,train,c6af4df70f52fa9beade5fa5147368a6,cecec882cce79e69d19999868e263b6159179e9d180fed3bd046dc91c79d522f,d1d3f373344c4e42,3,ACCEPTED,Clean D40 pothole instance
rdd2022_india,India_000684.jpg,rdd_India_000684.jpg,train,4523e20061ce628bb71eca6f00a6d0d9,f3ea02dd6fc4ce66964808dbb936eb17487ea0ebe04ec30621a83a9ecef78f67,d595af8a2ae3c446,2,ACCEPTED,Clean D40 pothole instance
rdd2022_india,India_001989.jpg,rdd_India_001989.jpg,train,545e7f638a8c54fc1146aabe8077c5cc,688794f310df1158cab04e8628d1750d1241193b6b691ade3ce8d36529ed814b,d1d6e60968c6513f,1,ACCEPTED,Clean D40 pothole instance
rdd2022_india,India_001759.jpg,rdd_India_001759.jpg,train,99c5b7110d8c44241af1a879819b5585,ccafbef22fad97002ddb01774ef6b40bbbee28325a394671b0cadb7f902606c5,d994b66e294246f5,1,ACCEPTED,Clean D40 pothole instance
rdd2022_india,India_008682.jpg,rdd_India_008682.jpg,train,5c0cd2a98b4d8e7bae1af0fea6e100ca,5bb3ef617df18625c2f91c19b22e9704e02a56bfc5c73ce18f29b989414bd466,84af675412b4d26f,3,ACCEPTED,Clean D40 pothole instance
rdd2022_india,India_005372.jpg,rdd_India_005372.jpg,train,04b109d69b867e1ab4477d101c296c5e,134ac28c73f800d30ac35f39750b209dfd08795669addcffc929e560418bbc56,9b8fec4371b1c84c,1,ACCEPTED,Clean D40 pothole instance
rdd2022_india,India_001407.jpg,rdd_India_001407.jpg,train,0bbdc4486330de1905e374a300e9c315,3b5c0717170cf34c7139af2a5dfe683ad2bf65cc1ebc470b804f72838eb36879,8b87a67279b8c662,1,ACCEPTED,Clean D40 pothole instance
rdd2022_india,India_009573.jpg,rdd_India_009573.jpg,train,3a29cce0b1f7c4fd23884f4b2eb563a1,1a3d4ba5c4be76d4b117255ea3e66d63ab253b0947a30666d6b3f9ce7acf5105,8d936f4c13b4127d,1,ACCEPTED,Clean D40 pothole instance
rdd2022_india,India_002846.jpg,rdd_India_002846.jpg,train,e7cad0818c73429505c0739e4f7c6a3a,4546ab6a14f6a2941879e5bc3318d9c0f87390012781ee415f7429744aacdcb9,b7c32d9383d94c26,1,ACCEPTED,Clean D40 pothole instance
rdd2022_india,India_003967.jpg,rdd_India_003967.jpg,train,0cd952c299f08cacf1b804d2ef059f6e,ad72c3d511b473ae60b2e6d9587f4d7e83d859551ce8c6eb0fb3252dbd9e9e3b,9c94e763399d0ec2,1,ACCEPTED,Clean D40 pothole instance
rdd2022_india,India_007357.jpg,rdd_India_007357.jpg,train,c7ef5a87bb5f7be277019c5fc56d9d81,1fd76ebd71420928be70e87289ce211685b2837c003d941bf123db0554d6636e,968eed635391e8a8,1,ACCEPTED,Clean D40 pothole instance
rdd2022_india,India_009603.jpg,rdd_India_009603.jpg,train,d7473112ccb119711ba26a768e223f8f,8dcd0a86b5298c4f27a5aac6c63b0228462dd6e197f23df510a45df1e6334bf1,9898ec6613e5ec6a,3,ACCEPTED,Clean D40 pothole instance
rdd2022_india,India_005163.jpg,rdd_India_005163.jpg,train,86a6674c4c55ff5fbf600645f1413d26,0d3e1785e3067cc3e3b3e93a465084d92517a28a37bd272ec84518ddee8d98a6,dad2f2b43c0d8743,3,ACCEPTED,Clean D40 pothole instance
rdd2022_india,India_001787.jpg,rdd_India_001787.jpg,train,89657df2ff9fa6d5343027229cdbe8f2,2ad075f0fa3fd5a98c4cc7e4ccfea5081600cafc11312cf810025a6e5be51fb5,ba36a4cd2dc36a16,1,ACCEPTED,Clean D40 pothole instance
rdd2022_india,India_001443.jpg,rdd_India_001443.jpg,train,554032bca2a4cd245233f1c05ba0d414,0c48dd31beb244be1608c36cf2ec92b2230d1cf55b8cb787ce0973348a7adab4,9890e6673b9a4cad,1,ACCEPTED,Clean D40 pothole instance
rdd2022_india,India_001194.jpg,rdd_India_001194.jpg,train,e63dfd890dcac2d6e03325364187d3a5,5e4cf5dcdabdeacfd15cd08331c9aa0c84d3546eaa4eaf4b96d7954e371374c5,e52527e8597b52c2,1,ACCEPTED,Clean D40 pothole instance
rdd2022_india,India_009180.jpg,rdd_India_009180.jpg,train,3a4782cec80fca48630f80b4c2dd3967,0ed93ec36240129ac1819ccf19a9c5c1dc19cb6af106703ff1c594813fad1b8d,81bff21a93c770b0,2,ACCEPTED,Clean D40 pothole instance
rdd2022_india,India_007291.jpg,rdd_India_007291.jpg,train,5b15de717e708bdbea0868b8b1f2b8b2,e6cef3810572da80ef7dee61c76fb601ed091bdf87539e34f8a66cd9d6663f27,c1d5be2828ebcf14,1,ACCEPTED,Clean D40 pothole instance
rdd2022_india,India_001887.jpg,rdd_India_001887.jpg,train,45fdc81a02b07a0ee96deb71afe9866c,da460c32267e64a23dd9d52217fa563a8f2e915549f9b3757c8aebd784225854,cd8a7a651df22a68,1,ACCEPTED,Clean D40 pothole instance
rdd2022_india,India_003764.jpg,rdd_India_003764.jpg,train,127c0d44bcec0a93fffd799ed7f5eaf2,3ca50d189e96dd175a24f244b01e96173cd8aa1d7a609b8150a2b8a6556c279a,da9fa5a842d65525,2,ACCEPTED,Clean D40 pothole instance
rdd2022_india,India_009318.jpg,rdd_India_009318.jpg,train,f38df6a14611ac8ebe263fe05d236e46,fea559bc55bbf487697bf3e1f9de05dd0825709d1f43c1d6651e9b321998f7a1,8a8a474fcaecf40b,1,ACCEPTED,Clean D40 pothole instance
rdd2022_india,India_006780.jpg,rdd_India_006780.jpg,train,fafee29ede7cd910c038ac6dda48082c,224bf590ade80e69c47579d5a201e659344c62977639af092f7b0d01e8edef26,c2ceb95ac2b1bc4a,1,ACCEPTED,Clean D40 pothole instance
rdd2022_india,India_004398.jpg,rdd_India_004398.jpg,train,e89e780d23c76cd6233cb8266659f531,c972e1cd314ead878692d53b4fe259340213bda63697849d6a742b7d01a7f6f9,85a7f8fc1383c8c3,5,ACCEPTED,Clean D40 pothole instance
rdd2022_india,India_004940.jpg,rdd_India_004940.jpg,train,0c5fefb657e8aaf0bed4d257eeff2cdf,5689ebaf5655d7296ee2fa8c3e6cbb5c67ac503f8a5cc586a19f288af6d892f1,9595eaaa3b9c5063,7,ACCEPTED,Clean D40 pothole instance
rdd2022_india,India_009688.jpg,rdd_India_009688.jpg,train,b967b25b4d4badf22f3e0198f7d00a33,f01a882c2c3e6f371ae05db5888e586c9af873c465c05db514c264a16427f7cc,9cb8e363199e3469,1,ACCEPTED,Clean D40 pothole instance
rdd2022_india,India_004060.jpg,rdd_India_004060.jpg,train,8b210a51a249e817ec286973eead763f,69e1bb2c732f960dfc633ffe600a7a12c05e9df2cceab08c082245e92ba4cf21,9d9fe26021f4e638,1,ACCEPTED,Clean D40 pothole instance
rdd2022_india,India_004511.jpg,rdd_India_004511.jpg,train,62203e3654c6d6b27b2eae9efb0c0931,8096c7387f505238f7745f874825bd4378678258ad360e819c2c80ec7eb310fd,c48d265d0b8bf54b,4,ACCEPTED,Clean D40 pothole instance
rdd2022_india,India_001167.jpg,rdd_India_001167.jpg,train,0b93acf3730a2c76e6822fc985d405b1,cfe792f37bffd5884a660f2a919458b9b63878927b75ba0c31ac02cfdb167ddf,9e87ec63339c0c1e,3,ACCEPTED,Clean D40 pothole instance
rdd2022_india,India_008511.jpg,rdd_India_008511.jpg,train,89d271aa909f920fc6bf7273f75d18ec,0ad11856f90291fbdc00bc7f2a82c7c3baf9ac6333f91e5a655ee3e5084ea10c,918e671896e15c9f,1,ACCEPTED,Clean D40 pothole instance
rdd2022_india,India_008016.jpg,rdd_India_008016.jpg,train,ca46c7c193f6d2332c8edcc34cb54686,ca511227561cd637d7bbaf28d0c089cb5b2b65c3b9d68766358716046b76fafa,d595f6d26129e2c2,1,ACCEPTED,Clean D40 pothole instance
rdd2022_india,India_008771.jpg,rdd_India_008771.jpg,train,9a509bdc9722e23e2cda1d1fe02afe6d,de678651f2724f26178483e9178896f5347ff460fee4d3845d9db85e32b55eec,8e878795b7b33320,2,ACCEPTED,Clean D40 pothole instance
rdd2022_india,India_008746.jpg,rdd_India_008746.jpg,train,779e798fd92e3bcff52e9af77ebb71b2,cdccbcec7c73bd96cad80944df6d614f7179e6db55bb45334bbbf6292fef52e3,94873fb5109d57c2,1,ACCEPTED,Clean D40 pothole instance
rdd2022_india,India_007900.jpg,rdd_India_007900.jpg,train,52db06c2cd04c039db8d595217f59602,c70f4b332c742fc35d9b62af2f331bd9fb80c4aa40830a9ea8d16e06ef7563db,c59ba946d3e5ac0a,2,ACCEPTED,Clean D40 pothole instance
rdd2022_india,India_004735.jpg,rdd_India_004735.jpg,train,2a8b1ccc65e0fdbac1e6b46fd70c76b0,92cdcb34febc7ba0702e733ac39ed54bd78409c9c11bd91361cecbd5007af63f,d1f1af0e6a123475,1,ACCEPTED,Clean D40 pothole instance
rdd2022_india,India_008703.jpg,rdd_India_008703.jpg,train,985033a377e76fc16f719cb8efff4723,f6067e62c6c019c6c41417954904f57ce520ab3073a1a6ee7a335906213079bf,8080f07e3eb7433f,3,ACCEPTED,Clean D40 pothole instance
rdd2022_india,India_000456.jpg,rdd_India_000456.jpg,train,9f98be0b99ac01be36563b9987c28427,b1980f5f91fb9408b564f6250b8cbf840e683844803355a05e7d83b1e029e800,918fe6e479c8849e,2,ACCEPTED,Clean D40 pothole instance
rdd2022_india,India_004706.jpg,rdd_India_004706.jpg,train,6f8e13c2ed9cffb11328605a1066bbb3,82b4b25a3d11712a5716c6581353bc56519e991b5f4d30a6d0b125bdc7834c38,9c834979229d593f,1,ACCEPTED,Clean D40 pothole instance
rdd2022_india,India_008425.jpg,rdd_India_008425.jpg,train,e15c0043be81df47c35914dfce37e882,fca55afec94082a393664e4feea12563afb80f520181e1189380c1f49b2edbf6,8b8384657b7b90bc,1,ACCEPTED,Clean D40 pothole instance
rdd2022_india,India_003878.jpg,rdd_India_003878.jpg,train,89c6868d8c1e401d4ca51c91184b9ddb,fbb35f03bdce68d3f21c778256760f8dba9360c4f823000a5664c9d76324fe29,d59d3ec21071dcd1,3,ACCEPTED,Clean D40 pothole instance
rdd2022_india,India_006938.jpg,rdd_India_006938.jpg,train,c1c75bbd8b06e160ebdc8ddad3f8aaaa,63f20400fdba118e86bfff4337f059ab91a8055c9d418ae3739866c602278d12,8386e4a079da9cf5,1,ACCEPTED,Clean D40 pothole instance
rdd2022_india,India_000552.jpg,rdd_India_000552.jpg,train,b3c1fa254792079a0ac4ac67aa6b21a7,ac7478470487f97aa57b38162300ba451f4d7d708ce2ad94c433d9fc5eb370c5,85ad4d48e9dc1ab5,6,ACCEPTED,Clean D40 pothole instance
rdd2022_india,India_002790.jpg,rdd_India_002790.jpg,train,a375633032fc3cec3ba71cdbf6158ec5,94929a9d966eabaeaf6c4d939db681b7cfe47fd03ec5adeaa5a02e5c554fbc4f,81af66543395563e,2,ACCEPTED,Clean D40 pothole instance
rdd2022_india,India_000993.jpg,rdd_India_000993.jpg,train,da6b9d62a607c69a1428a716a0720f9a,f5b424f795b577496ebc8eaf5cf6c430a86ec9b401f08ebc200d47a147711f9f,989c6e67b1b54c4a,1,ACCEPTED,Clean D40 pothole instance
rdd2022_india,India_006673.jpg,rdd_India_006673.jpg,train,8d97a11415df9f8a86f733d04f413e78,3ee201a7c045c1b8565c3058d1957414d0e757923a9fc9e48613f346a68b9701,dab9a0ece446071f,3,ACCEPTED,Clean D40 pothole instance
rdd2022_india,India_001977.jpg,rdd_India_001977.jpg,train,16714b7800c7cae6fe32ecc41057b05d,a94b048d3f9a46891721bc7cd3089e94221a9a217c05d773ab45d260bed956ce,9fafe0c01a8fcd60,2,ACCEPTED,Clean D40 pothole instance
rdd2022_india,India_009097.jpg,rdd_India_009097.jpg,train,dbc020a461bacb1ea6487ac6c21e768a,cf21fcf62008e5ab53d2bcf055c64b22b4945c3b582ce7702e355708cb92881a,caad345a4b95b24b,4,ACCEPTED,Clean D40 pothole instance
rdd2022_india,India_005701.jpg,rdd_India_005701.jpg,train,cbfd21c9c8d437cf1b41177bb79c3b9e,05436c02d0478e2296723358aeec0bdde5ed5535ff18a2f1f4f258a71ef67401,d595b42d49cab2b4,4,ACCEPTED,Clean D40 pothole instance
rdd2022_india,India_003085.jpg,rdd_India_003085.jpg,train,3daba1b7c6534a942f15ba0dff1fe79e,e1edcd43ad1a254dddfe1d7f0cdf4393b14849e9978b89c0bbf795bf1b1e4043,8b4ec2b3f3e124f0,1,ACCEPTED,Clean D40 pothole instance
rdd2022_india,India_001133.jpg,rdd_India_001133.jpg,train,1567257cbe78862b2934134c2fb81851,8bfbe507d11cf30259f8ffaf4252dfd59328321c7a82b207cc5c901476fa6f15,e0a1cece35e96a92,1,ACCEPTED,Clean D40 pothole instance
rdd2022_india,India_006999.jpg,rdd_India_006999.jpg,train,41d6ed56028a1012c47730da2cd68b4b,71cbc79c25e510796676c30029c0ac96f2b1ac8bb9c38435a0179e718a866821,8281f1447af91c7f,3,ACCEPTED,Clean D40 pothole instance
rdd2022_india,India_006549.jpg,rdd_India_006549.jpg,train,32f1ca8ab6742e457107948c98ee8a86,5e17b5d3d16baa54752c035766d49b7afa7785986b629f6b4a8579ace992c7ac,8181a82e7bd7d47c,2,ACCEPTED,Clean D40 pothole instance
rdd2022_india,India_009389.jpg,rdd_India_009389.jpg,train,bcb4d3e952f4206dc7b6dff0b7f7e595,0250d5dea4edb5572d2f7e998e300efffa775e8d9ef67d2104d7c979c752d798,9819f3978ce42eaa,3,ACCEPTED,Clean D40 pothole instance
rdd2022_india,India_001232.jpg,rdd_India_001232.jpg,train,cc733700b0dcea622b3e949d7da086e1,3afc962b12c1e1ae63e7425cde89d04ba58cebc02bc96a34072286a0208c145a,9f9ee6665b913028,1,ACCEPTED,Clean D40 pothole instance
rdd2022_india,India_001575.jpg,rdd_India_001575.jpg,train,b3cfb40b31bc2532a378004c0061d364,c3c44a8f04dae899d9b8a5914698109b515742015bcaafc5c299a4728bffed73,dbdbf0361e8ac460,1,ACCEPTED,Clean D40 pothole instance
rdd2022_india,India_000969.jpg,rdd_India_000969.jpg,train,6c2a34c7a7fd1bd2211e199b231a287a,5ad9e52e85c073256eb324e1d6c1dced3a79886c0c6ee9ca2ba438900093bd95,9385e4e07ad8dc27,1,ACCEPTED,Clean D40 pothole instance
rdd2022_india,India_007628.jpg,rdd_India_007628.jpg,train,314ea2b9c6c7bbc29cd44a63f043afa0,a66b5e05cbb7d75f67a4ea62ed9d71ee7b17b50366b0e5eb059e9013545a7a55,858d3e4b03abf14b,1,ACCEPTED,Clean D40 pothole instance
rdd2022_india,India_006702.jpg,rdd_India_006702.jpg,train,fc5302ca1795746612764b425d8b7058,936e6f178df2438cbdf99fdee23aea6a948b39e68f57f509332eada5b71e3174,c483a2ad25e5d95b,1,ACCEPTED,Clean D40 pothole instance
rdd2022_india,India_004719.jpg,rdd_India_004719.jpg,train,5adc20a9fdf9298b0ed82d8bd0111cba,15e4bc64637307825ff21cb1661ab59144f296c7b6a738bef73e8e3d4af20116,9ca9e31b39e14a33,2,ACCEPTED,Clean D40 pothole instance
rdd2022_india,India_006327.jpg,rdd_India_006327.jpg,train,f1064ed3b1c823b31fe62e4af0c600f8,81ce00f591edc8b8cff44a196c7e0eb3b7ea085db092d0d9a72426850026feb8,cc8537e01c7987b6,1,ACCEPTED,Clean D40 pothole instance
rdd2022_india,India_002112.jpg,rdd_India_002112.jpg,train,5f284d7e65e6a5f01f145a906f1d73c4,a52eb60b0f9c2908c5ed3158519f923c76af9d3229e16c588a4db866548e6e53,d294e5292bea3c3c,3,ACCEPTED,Clean D40 pothole instance
rdd2022_india,India_001213.jpg,rdd_India_001213.jpg,train,c5e3bf72c291315af6df3d3f6fac7a57,67209b058cd3c70f2002a2fcc8b1a6fe615ca3c3d5fba90a40e69aa98454fdf9,9fa3e21b9ac370b0,1,ACCEPTED,Clean D40 pothole instance
rdd2022_india,India_003654.jpg,rdd_India_003654.jpg,train,8e85ec4027044dd5d835062091df2601,424395267be42b8b436ed487d5a3ef8f399e8794253c960364788c30172cd8b5,c9c889bdb4b63626,3,ACCEPTED,Clean D40 pothole instance
rdd2022_india,India_009434.jpg,rdd_India_009434.jpg,train,e35ea40c10238412dfb83ea7dafd0e44,ebcf7d4ab0987292daa0a0da76c557e3786050294c1d47e1d214dd497b1a0197,91952ccc55fbac4c,3,ACCEPTED,Clean D40 pothole instance
rdd2022_india,India_006603.jpg,rdd_India_006603.jpg,train,2498e39aaae7c2d65d557291554dbbb7,56025149ef1f8c09dc068ed2a524365cdb6b5a68e4ac7ccd462c2a9b2703bdeb,d595ee8a20d31765,5,ACCEPTED,Clean D40 pothole instance
rdd2022_india,India_007420.jpg,rdd_India_007420.jpg,train,013db92997a8d954fc783f9079f548cb,a01ebf2a78672c43eee038ded7c5d3a5a9657fb891163fdf8802bf406c5ce98c,98a4e7c75ab8a40f,3,ACCEPTED,Clean D40 pothole instance
rdd2022_india,India_000586.jpg,rdd_India_000586.jpg,train,88d689be38a274b0a3462a7aea520103,12e5821e3aa58f03e74d60975971dcbcdef507668deede7cd81d28d74a435d2c,d0d5e5252bc8c47e,3,ACCEPTED,Clean D40 pothole instance
rdd2022_india,India_001101.jpg,rdd_India_001101.jpg,train,ec12ca1a7862a21ae11c40be2f682371,d7b8b013c317f9db4bdc0d9a35912de386dce0f4a0e1464ad29d731f94ec06f4,84ab6b1632eb5b32,1,ACCEPTED,Clean D40 pothole instance
rdd2022_india,India_007271.jpg,rdd_India_007271.jpg,train,5e6009b2b4d32dc1b33428f007e4798f,0c37e4f6941d6daa388fd08dff12029bd432cc0d5226c2189ad23b5fdc2f9fc7,c5bd79061cd0ce5c,1,ACCEPTED,Clean D40 pothole instance
rdd2022_india,India_004894.jpg,rdd_India_004894.jpg,train,ae4ce8fa5704a90ec06e82e6263f394e,78665936d9de940d8aff7396a21ede385b3bea9701641ede1ffae710ddca71df,988ea7e759d05625,1,ACCEPTED,Clean D40 pothole instance
rdd2022_india,India_004100.jpg,rdd_India_004100.jpg,train,0d8306697a7b6854e933b5b610fea689,566d0f2db7d942e8d32e95e615a0fa146b1820fa20aee83b03e0293873590c6d,8088ff5f0fc1c52b,2,ACCEPTED,Clean D40 pothole instance
rdd2022_india,India_001900.jpg,rdd_India_001900.jpg,train,cfce638bf6460ddde95399939ffb7a74,617ab8e800b58e82f4782b06ac3f960d73922708af4e0a72f655812071e23f0f,d5c0aeba6b4554e1,1,ACCEPTED,Clean D40 pothole instance
rdd2022_india,India_006536.jpg,rdd_India_006536.jpg,train,564b38c46b6a14b333c66728ae25f396,9b3a3cd023687137152b5eb5afff4234bb4b50f6d0c5e573e04f7d00113287f8,95853bcb1c489ceb,3,ACCEPTED,Clean D40 pothole instance
rdd2022_india,India_000591.jpg,rdd_India_000591.jpg,train,f8aa1801cd194f37844e1db84e2d2473,5897068b45bb335838c99743f1675e96aae92400a705d15eb280605163e6eb93,98b827c7231d38ee,1,ACCEPTED,Clean D40 pothole instance
rdd2022_india,India_003272.jpg,rdd_India_003272.jpg,train,ba21f9734aef2c094b8df8ce8cedb571,584e3453a4d0de69c515e105323a3ccf0fcc5198cfaa503591ffd85fa85b8d07,92abee5a4d84e26a,1,ACCEPTED,Clean D40 pothole instance
rdd2022_india,India_006336.jpg,rdd_India_006336.jpg,train,17adf30d8239fd623033fa33f68b11c3,0e7740f7b431bf93cfe5fd22b3c4e26b0ae5aa0cf971a6bbe9277e501f074921,c1c971d3b386a6e4,1,ACCEPTED,Clean D40 pothole instance
rdd2022_india,India_003567.jpg,rdd_India_003567.jpg,train,6eba7ecd9e9694e77d52a5754580b9c8,786a0ddd4fa4bbd1fb350b2895c09bf4686bb09d41347643e5303a288c0b9a18,86aaec8d36a9c19d,6,ACCEPTED,Clean D40 pothole instance
rdd2022_india,India_008852.jpg,rdd_India_008852.jpg,train,0ad7e35c79806ecfd41e77205b252890,3fe9625b9f131966cbe6fbadd6cb8aba69c1a6c5dfa9c09ad7038e503201a65c,9999c93332b3cd38,1,ACCEPTED,Clean D40 pothole instance
rdd2022_india,India_000743.jpg,rdd_India_000743.jpg,train,a29372eb233b98fae71be6fa9d06f84a,3e6f5ad9a9ec773febc54b1b2da8c3f6c42a540f539d4b4e792cf36134804e5d,9387c47a31b0cccf,1,ACCEPTED,Clean D40 pothole instance
rdd2022_india,India_002775.jpg,rdd_India_002775.jpg,train,87d8797bd6a30b691bf215868c542c64,8e1ff461c98bd12f9b43fd476cc351c954c0e5a89a501b7185ad7d08df343f1f,999ba4b4b3a16d32,2,ACCEPTED,Clean D40 pothole instance
rdd2022_india,India_000646.jpg,rdd_India_000646.jpg,train,9b6a85ee33e75b87b0c7b288c82ea1b7,fd9ff7c4fc752af79990763eba6a0f9e22af2f455d609577446ff21b03e7e7d0,c8c2f67d1d9ac234,1,ACCEPTED,Clean D40 pothole instance
rdd2022_india,India_004944.jpg,rdd_India_004944.jpg,train,a41f08eb56e2dd129a8f130b70f92212,00ad48a952a129cefcf909d755e9d1a01463cd00039d2d29f6e7f61066f5b7b3,81b9b95c0a97e07e,2,ACCEPTED,Clean D40 pothole instance
rdd2022_india,India_002921.jpg,rdd_India_002921.jpg,train,928f97ae3f575fe5f5b5fd1c29f87dbb,f5c703a3fe5ff4032a6370b9ae4ca96e81a5164228fc90452069d69555412307,9581a2e27a1b9fc5,1,ACCEPTED,Clean D40 pothole instance
rdd2022_india,India_008963.jpg,rdd_India_008963.jpg,train,5c42d388d24f3071e461b040128a6d5c,c890df24905b772a283643da9de28c95e8a69fc4149bc63b891f1ebb8e09b60c,80c86cf07b9f0dc7,1,ACCEPTED,Clean D40 pothole instance
rdd2022_india,India_009415.jpg,rdd_India_009415.jpg,train,3474eee00d1f1276497a4e7d84235d0d,e00409258818f92bb0bd85eadcebff8a7a4889217a7671479023933d13ba9b77,9284e0715fdeaf21,2,ACCEPTED,Clean D40 pothole instance
rdd2022_india,India_008007.jpg,rdd_India_008007.jpg,train,7edffdc81aadeda6fe4e4806909ac8c3,db723d51ce1be9143b03ca2bb1bf0388e0b3956bac6babc12c7cc2a64e9424a0,d090a52d39dade35,1,ACCEPTED,Clean D40 pothole instance
rdd2022_india,India_007672.jpg,rdd_India_007672.jpg,train,50e38571ad27a9a9b0aa6a5335fcfe9f,fae38b9ffacb4db8c4219309ffbf8958818662865325e00accbe21e12bf321e2,c09ceecf59f6a401,1,ACCEPTED,Clean D40 pothole instance
rdd2022_india,India_004593.jpg,rdd_India_004593.jpg,train,185ebed223202e086087f4a68f2b184d,5ef0aa774eab6f3b955cb23846987e11e9e583df9dac375a714984df0370ae34,cc91b76d64535236,2,ACCEPTED,Clean D40 pothole instance
rdd2022_india,India_006297.jpg,rdd_India_006297.jpg,train,d17af80ffa584a18745bd07d0342a59e,6fddae3cf9016e05c776be769c7b34eb02d486797c3fee020426c11486480c15,80a83f7f3ea5d442,1,ACCEPTED,Clean D40 pothole instance
rdd2022_india,India_002658.jpg,rdd_India_002658.jpg,train,0eb1f5d4d76a1c1af8acea49de14bd75,e98e713ab6e88b3ec641720e48123ac75fa4a73848a29a923c363fc66fba8f4e,bebcc1c2242dda96,1,ACCEPTED,Clean D40 pothole instance
rdd2022_india,India_002550.jpg,rdd_India_002550.jpg,train,2dfe0fd301f83d010702362f59a67c13,2167162f57cd585c47aade7fffc5de619475e09062ec58a4ab1dd843bbc29b1d,c9cb98b6b2063ef0,2,ACCEPTED,Clean D40 pothole instance
rdd2022_india,India_007699.jpg,rdd_India_007699.jpg,train,736fb9199e9af7b0c3cd49c7f5364ac0,cb1c00d0b163a11e60c47590ff53aebfef0d29d24efa4279436972e2420068a2,88c9b31e3663cdc9,3,ACCEPTED,Clean D40 pothole instance
rdd2022_india,India_004472.jpg,rdd_India_004472.jpg,train,1c67d4f3f92a4ba27e9799108cefeff5,624b95998a450fb99ef897274a79d9b2de43ad4e71170d91ca4d43111c86b780,90833fcf04d8f317,5,ACCEPTED,Clean D40 pothole instance
rdd2022_india,India_000590.jpg,rdd_India_000590.jpg,train,bc021ca7fed5167598f06c15c791dca6,ffb466b9c76f8875edac41c9dfa60e1b64e390a11f285bba27010fd9f85646d0,99b9f0e44cf89a16,1,ACCEPTED,Clean D40 pothole instance
rdd2022_india,India_002914.jpg,rdd_India_002914.jpg,train,7a330d9e62fd12c4a0b1a9743127d33f,4c83878fc244667a5e322742fc80f16c18b4c45d51d963110f02027cbf6a337b,cccd76363ce11626,2,ACCEPTED,Clean D40 pothole instance
rdd2022_india,India_006697.jpg,rdd_India_006697.jpg,train,1eb1f0426b1477c3fbaad5c96ffda970,62afa067de468511e3d7633ca692100754a94f27479cebc6fa8a65eeef060531,9bb3a4644c79db24,1,ACCEPTED,Clean D40 pothole instance
rdd2022_india,India_009564.jpg,rdd_India_009564.jpg,train,e825a8032597e3c3048ec0c421040daa,3157824a1b75fd935ad14281524ad85ef7f748aa1d5233f419e6f56ddd7de338,85bd63561896d2e9,1,ACCEPTED,Clean D40 pothole instance
rdd2022_india,India_000368.jpg,rdd_India_000368.jpg,train,e990d609054368ebc15129d6a2f42e8f,d4abe50ebae92334fe3978e2336560b9ceb91868b99b513ec4ba32b2b14e266e,9786bae813c3d46a,3,ACCEPTED,Clean D40 pothole instance
rdd2022_india,India_009131.jpg,rdd_India_009131.jpg,train,f5ba4aefc9ab89c512c90cb04bc9f177,bf179ceee5b3d2cb91fc7324d8c80a8e1f46ede4d026129a9565e21a3a95966b,949cb45f2a8ab0f6,3,ACCEPTED,Clean D40 pothole instance
rdd2022_india,India_008627.jpg,rdd_India_008627.jpg,train,c2f07b3d3eb2c46f7dacfdd873d69a07,3128ffc2381cf8a3107fd7d27f3ef512f25f84e1ac1b50dc4f46af22d91af62f,9d95e26269991e2e,2,ACCEPTED,Clean D40 pothole instance
rdd2022_india,India_004342.jpg,rdd_India_004342.jpg,train,9a95bc6b430140efeee36402e9f896b6,d7c9ec779b7d0647fb3ca7aa4d03d1f1f3f71456cfd83f00cf05b469ed2392a3,85ab2fd5028ff30a,2,ACCEPTED,Clean D40 pothole instance
rdd2022_india,India_009009.jpg,rdd_India_009009.jpg,train,ae2bbe6e4d0c2a6327b30d803e261a6b,7b58afc2496db93829e55051112415209d0093098711cfc8660ebb3afdaf139f,83a46cc053ba8fde,6,ACCEPTED,Clean D40 pothole instance
rdd2022_india,India_006640.jpg,rdd_India_006640.jpg,train,ffc647236d1e5588d9f0a24e1972db87,df316f7f50dafd28738f7e198eb1c9d4ea8a458a0e10fde957174808b3e5cae7,94a9e74339d4e30d,4,ACCEPTED,Clean D40 pothole instance
rdd2022_india,India_006444.jpg,rdd_India_006444.jpg,train,6f539a26877cf024d3f1df1a40474c29,72a5ee0c5ce46348a10f46362aae5c89dca1ab19f59e5871045954d2c6b917a7,cccdd935162ae4d8,1,ACCEPTED,Clean D40 pothole instance
rdd2022_india,India_003353.jpg,rdd_India_003353.jpg,train,8bd807baa094d762a1c9f6672caa0ca0,f79f32f56fb85336db180cd958f9d742c4c3d9bc1db7b600bb2d90434e4abc38,d995b62c29c25675,2,ACCEPTED,Clean D40 pothole instance
rdd2022_india,India_002363.jpg,rdd_India_002363.jpg,train,5698e7bf421851fd32a85d43dc50c05f,7e3d5149753893e7cd30f96009d55f5a1d191516882654e5f0fc1ee9706de6de,8980f2602dbf976b,1,ACCEPTED,Clean D40 pothole instance
rdd2022_india,India_000855.jpg,rdd_India_000855.jpg,train,f2098357cad3258af753260aec6ecc33,a8d448772cbe6844d2bfb123da523df579d82190d4c715880e2eadcc04ccd26b,9696ade93a1646c5,5,ACCEPTED,Clean D40 pothole instance
rdd2022_india,India_006239.jpg,rdd_India_006239.jpg,train,390eba2903d6acdc5e6a2d6719a079cd,372aa6e8ff4b7c6d042f3b347d54789696ca7e7ffe0904bdcfa80c7258a4cae9,de9fe1e760501a98,1,ACCEPTED,Clean D40 pothole instance
rdd2022_india,India_003806.jpg,rdd_India_003806.jpg,train,521c1677733c85fbcac3970f25683fd4,31481cb0243d8cc90b63d792a2d4d06475e200bbbbbf7709f91a4e1cb14b060c,8583bef41703b4d3,2,ACCEPTED,Clean D40 pothole instance
rdd2022_india,India_003102.jpg,rdd_India_003102.jpg,train,99e515e676b1b3d00cb653dacd078636,65409cae044c20c5a378e3bde23d8449499e9db3a4298357fd65b34a6a1c230d,c9c8c8caf8fad1d0,7,ACCEPTED,Clean D40 pothole instance
rdd2022_india,India_007633.jpg,rdd_India_007633.jpg,train,d11c7a14b2865cd8b6d3a7638c43e276,3b7479153ee67d6852e400b0781260733a139fcb8e0bdaa635b38858fd043c8c,c29dfd424ad1947a,3,ACCEPTED,Clean D40 pothole instance
rdd2022_india,India_009510.jpg,rdd_India_009510.jpg,train,e610823efe9c50d8218c372be4dfedda,929c8495322ecef0b883b46fc0de1f449bd5df6c0ae4e3aa3a90e6d543c8b3ea,c999b6b62ca9434e,3,ACCEPTED,Clean D40 pothole instance
rdd2022_india,India_005755.jpg,rdd_India_005755.jpg,train,90067842910c21e45da2f664c73e207e,14ab625ddb23e59fd72327d7d48abee40fe6f77f5c25ff06ca82b3b72ec38b32,93834e438fcc6735,1,ACCEPTED,Clean D40 pothole instance
rdd2022_india,India_008948.jpg,rdd_India_008948.jpg,train,97a47e0ffba1fbbb4332ffc551ceb47e,10a3be429f6fa76702787b2f905b88ef4532ae4134ceecd5984fdd60c6b1d7d3,c29fb54a4add9852,2,ACCEPTED,Clean D40 pothole instance
rdd2022_india,India_004461.jpg,rdd_India_004461.jpg,train,bcd887e3a9428f4af109c6ea47bc41a6,d5ef6f380366a73d24adcb72fcd95a18539b4c4c6512cb384e92740b5e32f1bd,d69ea9895495652b,2,ACCEPTED,Clean D40 pothole instance
rdd2022_india,India_006339.jpg,rdd_India_006339.jpg,train,0800060767d47ba31bd5743c99decbf0,b38a80cd7201b50601739b2acd422224d571abf8b4e7151b23905e3046977b75,cccce6261ce0e277,2,ACCEPTED,Clean D40 pothole instance
rdd2022_india,India_009250.jpg,rdd_India_009250.jpg,train,d2e2ee63b1f946b8be7f4bfdb7d799bd,e068f1f4da1f9d227a9a0ddd7f8fecc3d7f58ae1a8136b1449ddb957a8543ed7,9d95e6625a9b2c2c,2,ACCEPTED,Clean D40 pothole instance
rdd2022_india,India_008437.jpg,rdd_India_008437.jpg,train,43ccab9fbe48eb704a95fc4173c4e22b,2ead24c044a940ca0e3decf4864a0200f61a860131f006c33c75ad86a7b7317a,c1bd79041cd3ce5c,1,ACCEPTED,Clean D40 pothole instance
rdd2022_india,India_001250.jpg,rdd_India_001250.jpg,train,3dda71cca1143a61c12e8ed55d7fda01,eb5b794a5a3d63ed04d300978d5f004a1f9366d9638a37b081e06ec0a0276fc8,c0888ae777772d0d,1,ACCEPTED,Clean D40 pothole instance
rdd2022_india,India_000057.jpg,rdd_India_000057.jpg,train,f4632e93002f28332a2a4248673a2e05,26d2015938ce14045de2eb6cd9615fcab6db9b73ab8382890797843188f7fefe,989c65c35a8eb959,2,ACCEPTED,Clean D40 pothole instance
rdd2022_india,India_000448.jpg,rdd_India_000448.jpg,train,753c8ef06c4dad306add1c131f62a024,91f754674821fb0759d0b440f48c886bee4aafc71f23195ae75b4ab58b82b5a2,c3a94c4a87bc3b1d,3,ACCEPTED,Clean D40 pothole instance
rdd2022_india,India_005937.jpg,rdd_India_005937.jpg,train,8312ee461f3b015f83e17b26a106d7f7,8a8b153effdbd79d8dd598cc7eff835fe3882a69d9c9e80304c610710ea58e1b,c181967e37256cab,1,ACCEPTED,Clean D40 pothole instance
rdd2022_india,India_001381.jpg,rdd_India_001381.jpg,train,80828fc4a3cc05ee2e605bbba94e3c7f,cdafed057f1bef59e771e3cee7be9e4e6144a216f350a0c4762d53d563eed669,91a4e6d7338dc750,10,ACCEPTED,Clean D40 pothole instance
rdd2022_india,India_005656.jpg,rdd_India_005656.jpg,train,7d6d6f6345fa3e2a4d2f5a28cbce60b8,f55c59dc972ebc1ec423145cef7dd251f8f862ec1f7ca1fd5a6678b3766e9335,9a9a2de511723e9c,4,ACCEPTED,Clean D40 pothole instance
rdd2022_india,India_007450.jpg,rdd_India_007450.jpg,train,961b5f546d3fd022b77b32762b6ea1e0,9061b908734c126ccc1f7faf65aece0362ccb3e5ac533d37640ea23564b51db2,8ab17a0d05bef516,1,ACCEPTED,Clean D40 pothole instance
rdd2022_india,India_003284.jpg,rdd_India_003284.jpg,train,6f92d33a927433df367a6a0290024d33,3801fd6352735ba8bcdf48be014c7d18f7fe38003a123febff080536752e5009,9595b8fa3a2a8acc,6,ACCEPTED,Clean D40 pothole instance
rdd2022_india,India_008870.jpg,rdd_India_008870.jpg,train,d964164bd0b4e6d961f3696542c370e5,9ea6d1387db8b6b5d105c65961b8e3d9e65a25098d38d987c9e9fdf54ea6e582,d2a5acda5a95e1a8,1,ACCEPTED,Clean D40 pothole instance
rdd2022_india,India_001744.jpg,rdd_India_001744.jpg,train,0584a26ba5b3489019506d346f4243f0,a5a5df5815281c505aa1dd8e8aade717983b21712c17b741e523350aada4327a,8686e9e93336864f,4,ACCEPTED,Clean D40 pothole instance
rdd2022_india,India_000756.jpg,rdd_India_000756.jpg,train,ab4f9181ae6b57d455090640727c0431,e0c1985d403279989b4d7e4d5e3ec442e8fd4d8f8dc722e61656999a7a4dd6dd,c880777e3cad4b16,1,ACCEPTED,Clean D40 pothole instance
rdd2022_india,India_004556.jpg,rdd_India_004556.jpg,train,c4b85a690214a8ce6a4201244d032f1d,cbff6c43fe3f7179b2e14e38f4a28867d98d22caf3c395a1bba1f44881eef6a3,81927237b2e1e8cf,1,ACCEPTED,Clean D40 pothole instance
rdd2022_india,India_002089.jpg,rdd_India_002089.jpg,train,e984c9c8f22c5440461e8c3a2731a2c3,838d1dbbe105d4d4d1f65742537b2430c0f75e5e6a5873e804d8a62af095cdd4,809a7f0b90c35fb9,2,ACCEPTED,Clean D40 pothole instance
rdd2022_india,India_009685.jpg,rdd_India_009685.jpg,train,7426f76ab092547c11615487afa03c7e,3b994a4ac41c154d23fe65f8a9b79e8fc89d3e8021c7fb05e3e778111d15bbf7,d9d8e6e7111192d6,1,ACCEPTED,Clean D40 pothole instance
rdd2022_india,India_009536.jpg,rdd_India_009536.jpg,train,f67375209ca7638ef3f604538a971b94,4219f1be777bb84ed167332c3d990d56133be4c2ce76e6a6d59ede1e652c076b,8d8ee6c139afc605,3,ACCEPTED,Clean D40 pothole instance
rdd2022_india,India_009448.jpg,rdd_India_009448.jpg,train,59dd20e7c80dad9ded5d914f8be66b91,f9d36174352b89e777a455265752df8ab75cb1cef30d0a12dff35d849b699727,9d8ec2422f9fc661,1,ACCEPTED,Clean D40 pothole instance
rdd2022_india,India_008386.jpg,rdd_India_008386.jpg,train,4cefa3ce0a3b861f476dde0bbee72057,d138a84bcf959f0f2e80037c9d16eac41e7f455643e59be3a55c5676cae53f96,9eaee3c31abc4223,1,ACCEPTED,Clean D40 pothole instance
rdd2022_india,India_008479.jpg,rdd_India_008479.jpg,train,b5dc8dd38e73dfc241273532df771115,373764d00dfe3f197b11e6313dce83a6b919c22f4c238939cc8ff39912f27772,d195e7e72a5a40a5,1,ACCEPTED,Clean D40 pothole instance
rdd2022_india,India_002795.jpg,rdd_India_002795.jpg,train,4a8e521189a4a4a7443456837a5f7314,7d861f08875e3e9a9376bbe04567ace6bfe45b4bce06cba58f80fe218555789a,84afe5d10aad782b,3,ACCEPTED,Clean D40 pothole instance
rdd2022_india,India_009380.jpg,rdd_India_009380.jpg,train,066dd5a4e81a3f301b3ac930ad595755,12c659ae82f1a4431b32c1684d958d825bec4ee6054b6cce5dd35a09ed86a590,989cace64652d3ba,1,ACCEPTED,Clean D40 pothole instance
rdd2022_india,India_009023.jpg,rdd_India_009023.jpg,train,04af63055c88eeacf6c5a77500e3f929,c782c98b54638a6c8194af508cb3aab973a1aa5c4186f074f1ef4db648438e85,d585aaaa41c5f653,3,ACCEPTED,Clean D40 pothole instance
rdd2022_india,India_008881.jpg,rdd_India_008881.jpg,train,05385694189dfc636e720912390c98d8,095b83fc22dc8129c41ebc9a2f7c127afceead749d30ad5f7647d7010a83da08,83afac5c23c7dc48,4,ACCEPTED,Clean D40 pothole instance
rdd2022_india,India_001687.jpg,rdd_India_001687.jpg,train,85e879834b1fbb168ab8e94137831a03,21a30ec7b22ce579da6ce03ba05dfb4894fca707b9a06d54e363f66e75732192,9186aeed3b5342c5,4,ACCEPTED,Clean D40 pothole instance
rdd2022_india,India_000612.jpg,rdd_India_000612.jpg,train,0ca2bfae0f4e4278f4ae0c5d0434e866,aea7edf16eeb52021d522d7b2c2a671df67b28f9e0384a86808140d2a52590a4,a4a6dada3c394b46,1,ACCEPTED,Clean D40 pothole instance
rdd2022_india,India_006490.jpg,rdd_India_006490.jpg,train,9fd66702a15cd863b834312d21122ffe,55aab6952abc0e0f6cf0990b00ca5296e8a5185475467fa0b4a39540dc3ad2b7,8ef0a1ff4a86f019,2,ACCEPTED,Clean D40 pothole instance
rdd2022_india,India_003973.jpg,rdd_India_003973.jpg,train,94b8d943572692a1756371f348585910,e928a43d5431cc1b2c1b359efee4293da13d3a67742518595e0f91c6cfe85c28,83ab68fc1687d552,3,ACCEPTED,Clean D40 pothole instance
rdd2022_india,India_001006.jpg,rdd_India_001006.jpg,train,50eea1dcfc4dc374cbe10dd0ea373960,1224aff34e9a4cb357a5891e84d66529d8d3d5635087835edf02be97ea52d0c3,caab25551a9eb44b,4,ACCEPTED,Clean D40 pothole instance
rdd2022_india,India_006365.jpg,rdd_India_006365.jpg,train,417d3b142247d26d432e3011a96c3cca,0b0bc7599877108dd6ae4f81ea32ee3cbdf4440bf38bb13727eec6dcf36f7ace,d0d58d2e3afad405,2,ACCEPTED,Clean D40 pothole instance
rdd2022_india,India_000627.jpg,rdd_India_000627.jpg,train,8ab16d39518b93754f4716c89fec1b76,c15e703d3e773ee35ffa67740f980ba8af42267b3919c152d90f55610cdfe07b,d495e174565f818d,1,ACCEPTED,Clean D40 pothole instance
rdd2022_india,India_006447.jpg,rdd_India_006447.jpg,train,e9a65502498095b6857511d3e406ca95,63f04b878affe7280127d308ab604ba373cb0f9c80fbb9b737c99fc900e66b1c,9a8eb5d56b0a86c5,2,ACCEPTED,Clean D40 pothole instance
rdd2022_india,India_003611.jpg,rdd_India_003611.jpg,train,4c9f1fefbec8c7358793d159e5dea11b,1f4a0121e9956252a1f596b3e9d5f45112cfef8a91a8a5cb1f18266744373e64,8387cd6132badcd8,1,ACCEPTED,Clean D40 pothole instance
rdd2022_india,India_004663.jpg,rdd_India_004663.jpg,train,fd1a8d7354dffce1bbe2e9359ac3df3d,f6a5bb8de8e9840ab0b6ff37b055fef0c2476f09d5d469172fb6d7f1149a11e3,8583e37118fc7a71,1,ACCEPTED,Clean D40 pothole instance
rdd2022_india,India_007246.jpg,rdd_India_007246.jpg,train,63e74be5f881c4fc3716d6ef3d82df43,bdb871bc36b28f27e99e5896f1687f591ca2c762545490ccfa2f80a3880917a8,949c8acb673545d5,1,ACCEPTED,Clean D40 pothole instance
rdd2022_india,India_002250.jpg,rdd_India_002250.jpg,train,3e992243b3c6b81eb6b1ce4ca62be7e1,d80545b9950179cf3df5d9144117aac4f738b29e4ec9cc834c874ac1836fb214,93a2ec1c33e768d1,3,ACCEPTED,Clean D40 pothole instance
rdd2022_india,India_006756.jpg,rdd_India_006756.jpg,train,bfd1ca35f10ef4070909fe16f5bdd617,94952d66c4b482da7a89fa369e5bf8fead163ac4baf2e6cdce1a97c1f1764be7,d195b5ad290ac2ee,1,ACCEPTED,Clean D40 pothole instance
rdd2022_india,India_002079.jpg,rdd_India_002079.jpg,train,596da036192f4f3597c732e0ecce4735,8c92685658033de9be15290200931b191979d3158887eeeeb43425c2c2decb32,99896ec143ec565b,1,ACCEPTED,Clean D40 pothole instance
rdd2022_india,India_006739.jpg,rdd_India_006739.jpg,train,32379cc40e22012811c1fb59c082166a,6f3f434430caa897ae6264ac4c9385aef4cfdf385eba7df8239db48876af5615,81ad2f67192394ee,2,ACCEPTED,Clean D40 pothole instance
rdd2022_india,India_009734.jpg,rdd_India_009734.jpg,train,dcd6370162a3e6f6a46897c8274724d4,42ea1185ce8260b049f4363ec795d14da49901f6fa9eb278ff62a3dc4ef471d1,decf95f1e1a5200a,3,ACCEPTED,Clean D40 pothole instance
rdd2022_india,India_002340.jpg,rdd_India_002340.jpg,train,525ea613440a47f25d78d0671731c219,34534839018a3eacc46669ec3ca2303c2fe93db2846d59143c52fac8241442c5,958b67139ac34739,1,ACCEPTED,Clean D40 pothole instance
rdd2022_india,India_004586.jpg,rdd_India_004586.jpg,train,230ba4af47d11cb908f6f2e8b97f3bf1,4a80433b172a451c141802f52a7ecac1c222b3eb9cb46a8078622fb012fe785e,82ae6dcd1ab3c4ca,3,ACCEPTED,Clean D40 pothole instance
rdd2022_india,India_006845.jpg,rdd_India_006845.jpg,train,e52dcbf025d43e80590781a3cee59b0a,7f155943103a4bf7c47f5bb1c604ea8034db4ca412998421e5186954890c7176,c18f3ef04c0b8bf4,1,ACCEPTED,Clean D40 pothole instance
rdd2022_india,India_008826.jpg,rdd_India_008826.jpg,train,4929f84f2bf9340b2fcdb11895c5a00c,ea04291d081994c6670b7c79852540f558a0f8671a546054b9aac290f16e1490,d194a64a4ad677a5,5,ACCEPTED,Clean D40 pothole instance
rdd2022_india,India_005545.jpg,rdd_India_005545.jpg,train,1b37c42be0665738ab71d0d2234b938c,2dc5cc708c55d1b3c5277d7bb03e3a1d2020dabcf43c6a9fc68bb1da38ae980a,a9e961664f9c28b3,1,ACCEPTED,Clean D40 pothole instance
rdd2022_india,India_008139.jpg,rdd_India_008139.jpg,train,955b22115b8f236b3e92775cbedcf155,aa31d359056b7753e29f2b29f02ee21181fd0e7d9025209117d51469f88ed724,94b2b3d3598cb1e1,4,ACCEPTED,Clean D40 pothole instance
rdd2022_india,India_000562.jpg,rdd_India_000562.jpg,train,f1649c7bc07a059b9a205cb1f827cbf5,a518b71d6ba700b80480ca25284eaf3588a9fd7f175b2c7c1112e57e55a21490,9d8d3fd041be3017,1,ACCEPTED,Clean D40 pothole instance
rdd2022_india,India_002509.jpg,rdd_India_002509.jpg,train,ea1f1f9eae643cdff6153bc6688ad834,a82561ac8f810064980932b11c0f4e6f69a68f5c3ffd114b96a46ef63eef274c,cdc5e2785d1d9423,1,ACCEPTED,Clean D40 pothole instance
rdd2022_india,India_006530.jpg,rdd_India_006530.jpg,train,ce71ba1a5df55f0f615cc8c0cda7f9d0,65293b79218bd0e8bd34a0829e9beb925351a909e880dea9fd2355598feb6715,948633cb0d48b97f,2,ACCEPTED,Clean D40 pothole instance
rdd2022_india,India_008035.jpg,rdd_India_008035.jpg,train,ef635a66f5a65865f7c58736d37c93c7,c13014ab59cf0ee109677f9c472681f07a8765a2a65692ec382b6efc2484aa53,87a7a1470bd3c94b,1,ACCEPTED,Clean D40 pothole instance
rdd2022_india,India_006920.jpg,rdd_India_006920.jpg,train,959d3e3178845f98722a104dba9237f7,8867598a0311a35054d3da1230a2a852d26ec7770b027ddb1e1772e35b1c6d83,9e9cec62319c0c5f,3,ACCEPTED,Clean D40 pothole instance
rdd2022_india,India_000055.jpg,rdd_India_000055.jpg,train,6628e315aae3b34621f6e0ae4315744e,4bf426d0b7efd80e8c2f27f5aba72da91d6582fbde0b578ce494a95c030bfb0c,859ee06b1495ea75,1,ACCEPTED,Clean D40 pothole instance
rdd2022_india,India_002118.jpg,rdd_India_002118.jpg,train,9b42b629c8a206937b5162c6154fcb61,f3cba7b825fa4dc9134769782471bfda180eddcbd509d25948d196fe7d35d72d,cbd180bc37072fe8,1,ACCEPTED,Clean D40 pothole instance
rdd2022_india,India_006529.jpg,rdd_India_006529.jpg,train,a042ee145041a532a27d8be43e45c1a8,feb7fe707162f7f8890680b1616ef9bbac618cec21153ab29a19d959601eb2f8,91b3a66e4c91766c,2,ACCEPTED,Clean D40 pothole instance
rdd2022_india,India_006320.jpg,rdd_India_006320.jpg,train,f665002d3d160ab577049af6649b989c,026b8dab1077c6e6a56d075f07dc29300509fd7905c714325407ac683c5d6d64,9a87e5413af4453d,1,ACCEPTED,Clean D40 pothole instance
rdd2022_india,India_009517.jpg,rdd_India_009517.jpg,train,8b596cf28e0600f8ac587192bd51f2be,b78abfebcd87a9589e3ba4f4d84b7fd49e80386a29b0c60facfe67d930e02a00,df9544844cbc78f8,2,ACCEPTED,Clean D40 pothole instance
rdd2022_india,India_001137.jpg,rdd_India_001137.jpg,train,b7802a8248d7b1830f08f43df0c3f012,4046b1d7d43b9f4f5a72384ded9df3706064c5b2d6c989a98503b2a1d3ce105a,858587839372727f,4,ACCEPTED,Clean D40 pothole instance
rdd2022_india,India_000241.jpg,rdd_India_000241.jpg,train,6e380b212b30f4b87803576606f42fd2,2b8ca2238f56c0331aba352bd2d05bece113b4fa18fe714641fb18ceff3e37ca,c4e4f8bb9b7b8204,1,ACCEPTED,Clean D40 pothole instance
rdd2022_india,India_001648.jpg,rdd_India_001648.jpg,train,fa0ee88574565a841f893de4d81bd7ae,c668e17c435e1005085733a505d0c62c34f50b7593d40dd696f5016d78dc4d01,d5d5b5b52e2a2a0a,2,ACCEPTED,Clean D40 pothole instance
rdd2022_india,India_003913.jpg,rdd_India_003913.jpg,train,94217ae1e69d1c70f7842abd4a6a9f72,eb9e8f4f4fec4f9a84319ff39cb24635c00ce55748ed644e3175c77023d1b14a,d995b5b52b8ac262,1,ACCEPTED,Clean D40 pothole instance
rdd2022_india,India_005088.jpg,rdd_India_005088.jpg,train,390e9af3ef5dbe058a71ca398e780092,480c7f26c8e593ad2f9c3f3ef45ffddada5279aca23a1d04c8b521b0fe388257,c8d8f6371584e565,1,ACCEPTED,Clean D40 pothole instance
rdd2022_india,India_005968.jpg,rdd_India_005968.jpg,train,8232842f9f9818b1e8e5c032e10aca98,28fb1b8d7e277da16499522807ce01ced49023588d2786f44d0958e62cb23666,8fb7e21f93c37010,2,ACCEPTED,Clean D40 pothole instance
rdd2022_india,India_004854.jpg,rdd_India_004854.jpg,train,30924710d8badc859db638ed0ed97123,5918e870326ca324be0327a7c18cd1a33848a18cd807b49a82ead1a4e5ab8431,9e8c6d9ada85394a,2,ACCEPTED,Clean D40 pothole instance
rdd2022_india,India_003939.jpg,rdd_India_003939.jpg,train,ab5fe7da38b64b81219180c0789857d6,a170a1a68db39c115bf572a157a9ad4517e581fa89229fd2c8c32002abbfa977,cbe3e3261c8889f3,1,ACCEPTED,Clean D40 pothole instance
rdd2022_india,India_007555.jpg,rdd_India_007555.jpg,train,9ac423229bcbf4cfb5295c93dbbc762c,059f3b4da407075500798f4126321e35ccae7cefa2c3e6ef32eaf8b99696189b,d9db5bc370103cac,3,ACCEPTED,Clean D40 pothole instance
rdd2022_india,India_005757.jpg,rdd_India_005757.jpg,train,e27fbe49b9d37ae9c6f5d852b4f23bd6,f722380f617c23a64af8e432a53c74b509497a676544606a0977ea80f6c9d164,dbc9b0b4a405fde0,2,ACCEPTED,Clean D40 pothole instance
rdd2022_india,India_002713.jpg,rdd_India_002713.jpg,train,bfd8c3a3bf515639565ca38ec3ebac60,339f8d3f5cbf39b79832b652a67df811e7b103c0059d1ec9c473ea23bb3c8875,84a763433b8fc369,1,ACCEPTED,Clean D40 pothole instance
rdd2022_india,India_006045.jpg,rdd_India_006045.jpg,train,c702ba29b60cbc7782f0dc22bec59d0b,331c66992a7425c4928a1abd7a14eb63d88b19d361a1e730567445ec09afa43e,8080a3437efea3e7,5,ACCEPTED,Clean D40 pothole instance
rdd2022_india,India_003682.jpg,rdd_India_003682.jpg,train,ce7a8922f01472ece17f99bd9dac219c,3fb1660a30324fe7fff87116ec6a7774532038d833783846d34f1e18f4e49584,ddd5e620284c4fb3,1,ACCEPTED,Clean D40 pothole instance
rdd2022_india,India_001708.jpg,rdd_India_001708.jpg,train,082424d4a528b681bc4789e5d91bf751,6b904f83d6881f748e1ca58ce22de916d74778f44eda0f127e2a0f260d6e73fa,9282ecad73565b1a,2,ACCEPTED,Clean D40 pothole instance
rdd2022_india,India_009017.jpg,rdd_India_009017.jpg,train,4b3a105b790134736f9ae228584a6ef1,454e02786914b705cf773496d9faae63c3dbc5c5bda154c9475b43f433fe10ba,d29fafcb12d0c0a5,3,ACCEPTED,Clean D40 pothole instance
rdd2022_india,India_005427.jpg,rdd_India_005427.jpg,train,57bbe0ec7005c3b2a73c59d5df121bf4,025afcf512bee6cc29f1d4f6cc0920cbba528868abb1f59dacd797c003852af5,9fa9c05bafd06036,1,ACCEPTED,Clean D40 pothole instance
rdd2022_india,India_004385.jpg,rdd_India_004385.jpg,train,d01e39b7ef0e3bea674abfaa19291e0e,9619d6634c37ffc68ce323959e228141ca23ed4e87a137c2f1b5f3708f67390d,848f3e5d0883fd4b,2,ACCEPTED,Clean D40 pothole instance
rdd2022_india,India_006760.jpg,rdd_India_006760.jpg,train,60511272f74f92cc96018fa3cfa826ea,b85c94642423a32066b0bcc7b03f506294de5f14aa9426a58b4c3f7a44c3c72b,d8c8e6fb190cc363,1,ACCEPTED,Clean D40 pothole instance
rdd2022_india,India_004759.jpg,rdd_India_004759.jpg,train,ed1d730efe497880c1a28aa8c55c78c7,1e99d372789c28b23bd59a824b093fd3665915005044bd046a584830b367876f,d595a0ad4bd25635,1,ACCEPTED,Clean D40 pothole instance
rdd2022_india,India_001401.jpg,rdd_India_001401.jpg,train,f0f01c51d741fb182bffea726a58f40e,5ddc457dda71c0a028962858915f9d703bc60edbe9ac9587b3c778e81058c53e,969ea9a91a9fc541,3,ACCEPTED,Clean D40 pothole instance
rdd2022_india,India_006117.jpg,rdd_India_006117.jpg,train,a55b8808e9770d62321bf4cebb0dae0a,2d46b8836f80b0e0b32eb21bf3928304325b9c48144f9dfcfae7fdc07f063511,8085e7de3a8dcb43,3,ACCEPTED,Clean D40 pothole instance
rdd2022_india,India_006973.jpg,rdd_India_006973.jpg,train,7d416b2613f58cb0c7dc576d481d9d22,1006a1f15488820c7481508f99e799df83300ec2971e3943c84019b4b5690834,91adac5a1b85ea2e,5,ACCEPTED,Clean D40 pothole instance
rdd2022_india,India_005541.jpg,rdd_India_005541.jpg,train,d451f9ee7e8f5c39eb25e8a65734797f,ac2923effb0f49ce3fc22aa888646629af1605cfb92ed4a997a30ed30238d1d7,9e9ee4470ae1543b,1,ACCEPTED,Clean D40 pothole instance
rdd2022_india,India_008872.jpg,rdd_India_008872.jpg,train,2f828fd307c8dda71462e1ade0c2f52d,05fe758369fbe26aede777dcc88018db95d79698c3ff863a6a92e58590c4adcd,d596a5ad29cab294,3,ACCEPTED,Clean D40 pothole instance
rdd2022_india,India_003151.jpg,rdd_India_003151.jpg,train,dcff7dad741efb78b83e0a2d2ee800b4,db51d1907f1ad29ec3712367a2156ab9e862de397e7bb956b1e4d3dec0ec60b3,8d8ca6e36979c4d4,1,ACCEPTED,Clean D40 pothole instance
rdd2022_india,India_008017.jpg,rdd_India_008017.jpg,train,dfedf20ac9c16c52d52b927ecab6581c,d4d7cfd33ffbd430ee49f3e16d20f7c50816601c67b1569dab88f5d2835498b1,998f6f530eb0106f,1,ACCEPTED,Clean D40 pothole instance
rdd2022_india,India_009682.jpg,rdd_India_009682.jpg,train,4c4656e4eb1f0dc5268140ae9fc413df,7d1b1fcfe7a3cc5f8a900f61f5245facc8aeba023e95ca221c48291392736744,c7d8b9a7206e484f,1,ACCEPTED,Clean D40 pothole instance
rdd2022_india,India_009163.jpg,rdd_India_009163.jpg,train,9735e9b59c154a4c47421b4c2500ea8f,a9329e4feda277dce006e0a3a3bf6b7c213859a657cad6c68ddf52c03ef63344,9196a66918d6e739,1,ACCEPTED,Clean D40 pothole instance
rdd2022_india,India_001903.jpg,rdd_India_001903.jpg,train,6978dc103b3a47dfcb221f28d2b477c5,f456422d32684dcf43d74fdf31faaba284285a3b40d90769e5a871e053c93790,96ada95a168dea2c,1,ACCEPTED,Clean D40 pothole instance
rdd2022_india,India_003865.jpg,rdd_India_003865.jpg,train,2cfabe18f09c82f295d579dbab1226ec,5dc783d0217d98429bdb4600f1b0940e9585d9cce16efe5c2a08228249c8c264,9287ede972b1a90c,1,ACCEPTED,Clean D40 pothole instance
rdd2022_india,India_001779.jpg,rdd_India_001779.jpg,train,b8a5d4c5f67f516ce9969bd3a9a83283,1fc7980f6709c392ba3b7ed8cd88a5a723397a5b8324d9dba5864ac323b5b314,8080ee5ef9ac077b,2,ACCEPTED,Clean D40 pothole instance
rdd2022_india,India_007946.jpg,rdd_India_007946.jpg,train,89d4e99efc718e29bdd59c00a2ee5355,5f2f8c1e32a25af5f98ca71d24df3139fc00e4e5599cbbb7e7a10f757c56faac,d5d5e7062a81c5d6,1,ACCEPTED,Clean D40 pothole instance
rdd2022_india,India_009763.jpg,rdd_India_009763.jpg,train,2a60007d4a965b2bf29aac707bb97626,50b07335b330482f36385b356eaa6159ac82629ffbd13787b85a8d2b35b11d25,95850a6a0ff8b27e,1,ACCEPTED,Clean D40 pothole instance
rdd2022_india,India_004469.jpg,rdd_India_004469.jpg,train,1b7632f276dac099d7be8983ac0d5394,3265d5f37ce1dfa90d087f33d29ab847dc13f948f85ad55543b47f09cf8ac8e4,94ad271639d64b39,1,ACCEPTED,Clean D40 pothole instance
rdd2022_india,India_002122.jpg,rdd_India_002122.jpg,train,7df04afb3d247e6ae57b9ef56eae3979,ccdd9a172dbd9b5c4fe4a73f705a1506594f2e92480d0e940a652aa7397a20b0,83868797b591313f,2,ACCEPTED,Clean D40 pothole instance
rdd2022_india,India_002573.jpg,rdd_India_002573.jpg,train,2872267b9b7325ca28ca6ec0ed9102a3,68b1a1a9d93c73b7fe76fb965cf25edd2d3d67c0ad12a0dadc408502a72b066b,c8a96a45a1e743b7,1,ACCEPTED,Clean D40 pothole instance
rdd2022_india,India_008953.jpg,rdd_India_008953.jpg,train,4e99bc701bae67b0ed627477601cfdc3,6f490a9d16dc2abe4914b1f7aa5ed78e61a827bb06cc6cb1c4da7768342f33a7,d195f42d0bc2c23f,3,ACCEPTED,Clean D40 pothole instance
rdd2022_india,India_005564.jpg,rdd_India_005564.jpg,train,122eab2d7a7f75b12e0ad51f7f02c22c,5bf18fb33b0a3a994e28c595213f27513cae765aeca8e3b8a94b60759f7a0845,d2d24e4a5295e5ad,4,ACCEPTED,Clean D40 pothole instance
rdd2022_india,India_002020.jpg,rdd_India_002020.jpg,train,aed2174d67c3b86162992aca33f53437,292461af84a1f55c5760c9f1e443302c06647452876212f95c343deb1f4e59b7,9caee3433e9cc161,8,ACCEPTED,Clean D40 pothole instance
rdd2022_india,India_006031.jpg,rdd_India_006031.jpg,train,a4d340b5242c44ddd57a6726c8b97673,afce13565ae8888335d1a6fa3388591b154ce99f8047241ef2357ffadcfeace3,88877f5107fe500f,1,ACCEPTED,Clean D40 pothole instance
rdd2022_india,India_003565.jpg,rdd_India_003565.jpg,train,9cb831a16109c8ed871e065d641a7f1e,73756d1ea39d45e9a29b2627a030c0be301483a91026ff5c684917335880199e,d994ac4e4ad6d4a5,9,ACCEPTED,Clean D40 pothole instance
rdd2022_india,India_005260.jpg,rdd_India_005260.jpg,train,cf5bd4a5d4a5acb4ab858cefa19ffe2a,9f58f721312f3b4ced0c9a941a3ba9676834c7f958b858d1c8fc25d60b65bc04,87a7fcd80385686b,2,ACCEPTED,Clean D40 pothole instance
rdd2022_india,India_000475.jpg,rdd_India_000475.jpg,train,48ce9734dd8b05f8c94ab05a6d24daf0,4895922a5380fbfe6801fe0f9a92d8174a39e7a3ffa9de75bfd3294a66ea3da9,c1c1bdb4b6424af9,4,ACCEPTED,Clean D40 pothole instance
rdd2022_india,India_007852.jpg,rdd_India_007852.jpg,train,ae8983e535b7d1f9d3ca103fedb0b1d8,d42e65eea6a4935cf6d7855800015899d13ecc49a16f6cd488a994c269e83d58,9b8ee55a32e56950,4,ACCEPTED,Clean D40 pothole instance
rdd2022_india,India_005150.jpg,rdd_India_005150.jpg,train,cc1d11297cb14b6ab858bd7e91e2a746,dbac996463cd4a036038c07415663b73d69e37ac9e9a992e453c04b3b6e96013,d1d1862c3951f7a6,2,ACCEPTED,Clean D40 pothole instance
rdd2022_india,India_002305.jpg,rdd_India_002305.jpg,train,98a49d01df300604ae6e738277b11d6b,b12aa80ed6d6a5f6b10851ddc7391b068b1f1614fca6a51bc042abcf1fc9e453,8786e171b8bcd471,3,ACCEPTED,Clean D40 pothole instance
rdd2022_india,India_000701.jpg,rdd_India_000701.jpg,train,560161891d33af92e7e6b629c67d9fcb,b4fd0a8d773fcf605af624ae2a04c65ef201f6fbd9f825f1d7e67e948dd18b54,8880a0e77b799cbe,1,ACCEPTED,Clean D40 pothole instance
rdd2022_india,India_002745.jpg,rdd_India_002745.jpg,train,db08b8451c435d7ac62f996d147b5c04,5837d729b8e6454331532c9e6e3fef8ea372d3cdd629bc651f03007e667a8590,d0cce77f1b90c425,2,ACCEPTED,Clean D40 pothole instance
rdd2022_india,India_000682.jpg,rdd_India_000682.jpg,train,dad90a994567a4a659914f13e7d22dff,3677fe32d83460a7541959a0d730bd8ed219773cc6bec5fd5f1b4bb9702a8041,c4c2f17cdd9f0261,1,ACCEPTED,Clean D40 pothole instance
rdd2022_india,India_000628.jpg,rdd_India_000628.jpg,train,9b99de5a6fbbe2877f5808e29e793ebd,60eadf11d25abc7fe33475e99de64f7c7024a2e771dc50a3f6e0208db2c71c73,d2d5f53d0ac04537,1,ACCEPTED,Clean D40 pothole instance
rdd2022_india,India_005351.jpg,rdd_India_005351.jpg,train,204a218ca4a80720e055c02b13f17146,6f21e91faf6e7a0aa3e3e5acdba8c923acaf49347a5f8969a90cbde6e94a245c,d4d5b5ad2a8a5272,1,ACCEPTED,Clean D40 pothole instance
rdd2022_india,India_000545.jpg,rdd_India_000545.jpg,train,ecc6f2544df14cafb2d0ad2678e11601,8a2f4bdc9c59d78b7604687bee615c6ea6141c6e1084f4c2e212177db27162db,93abad5a439de00e,1,ACCEPTED,Clean D40 pothole instance
rdd2022_india,India_006613.jpg,rdd_India_006613.jpg,train,adb4308444d0826575601ad39642ed40,634201ef2473afb4c4b7a595fa2ee9ba8b64351a8f5973686429161b3ac40164,cbc94a9f32a22c7c,2,ACCEPTED,Clean D40 pothole instance
rdd2022_india,India_004434.jpg,rdd_India_004434.jpg,train,e1b8383260f15a416d65e2b60f597958,4d4df0259d8252a559d4baee187708deb2d40668a79000397c642328f6e36677,8382e4d46befc60e,6,ACCEPTED,Clean D40 pothole instance
rdd2022_india,India_000996.jpg,rdd_India_000996.jpg,train,dcf906f7a361ceecf17e0a280c3d7225,fb5c0e5ea0dcbd4f58db62d1f2f03c1122020f1bd598c2e4780c40192b0a2f11,9a8ee4c5187baec4,2,ACCEPTED,Clean D40 pothole instance
rdd2022_india,India_002319.jpg,rdd_India_002319.jpg,train,632d5cc14a2f5fc62d30a18fb8875cf3,adb145d8cd7d82e6d65671e1f3d6c5d6a25d47a3654ece2363d61a65a25159f7,daa8a4c53535be4a,1,ACCEPTED,Clean D40 pothole instance
rdd2022_india,India_001566.jpg,rdd_India_001566.jpg,train,2b97576aee32ea03b91cdcbbf2b02ccf,9d5af49c5dea0cd47295c4f209f6e41570ec9fcc2c2ade0c5e119bcb465bd498,c48c3fce10c9bf4a,3,ACCEPTED,Clean D40 pothole instance
rdd2022_india,India_004299.jpg,rdd_India_004299.jpg,train,5e24432adb90c4be662fe8fca6ea5254,9c597646fc10dacfd3f115203c747b77b5e7f67dc4135486708973711a6edc60,d78c85ab3932134f,1,ACCEPTED,Clean D40 pothole instance
rdd2022_india,India_007782.jpg,rdd_India_007782.jpg,train,5376da909ac318e1a69510635604c074,1412de3503b71a95d11c81195de7eff020d798e0b9575c7ab5a25ba41eb0f458,81a9a6d679214aef,1,ACCEPTED,Clean D40 pothole instance
rdd2022_india,India_002702.jpg,rdd_India_002702.jpg,train,b297079cfd0c1d8718097c8d56c0c879,fc82235e128c6990d7028aaa2c24ec814096f7e85c49d220dc73cb5b182aff61,d9dbc222381ccee6,1,ACCEPTED,Clean D40 pothole instance
rdd2022_india,India_008226.jpg,rdd_India_008226.jpg,train,b16f54c6548d7f7dbe103b56745fd945,7190fcf1e5a1deef16ba95ab626f53ccf2d5c4dae19f73b97549163f686a94e3,839f720b8bc770b1,1,ACCEPTED,Clean D40 pothole instance
rdd2022_india,India_000685.jpg,rdd_India_000685.jpg,train,269a3955405208c0540f4a550b122dca,9ddfc0421c5c117c3e7ce3da5ccabe674277a0f9432179424fc34d50aef91dfc,94a5e75218e14f3d,2,ACCEPTED,Clean D40 pothole instance
rdd2022_india,India_006248.jpg,rdd_India_006248.jpg,train,96e17dfa6baaea1561ca003b4f9d74ab,a520807583d4f637ee04955044a9fe3072474b18fb42e68583b123fa12c54e60,d0d6b4ad190bd2ea,4,ACCEPTED,Clean D40 pothole instance
rdd2022_india,India_009630.jpg,rdd_India_009630.jpg,train,2b23d7f3b8828e60da9a9c09ecfff085,2c80ca1dd79d8de4f32757557f889c8dddae3d5a1d89d09eab642518ff1b1f11,99d9cae4c5a3c34a,1,ACCEPTED,Clean D40 pothole instance
rdd2022_india,India_004632.jpg,rdd_India_004632.jpg,train,aecac4acb1c96d3175e44a4ac040fe9f,2d0a3cf184e277bcb5266c8ecb53d0f7a05d12c9973f25f8d114d4e60d43ad4a,df8e74f039c62234,2,ACCEPTED,Clean D40 pothole instance
rdd2022_india,India_002070.jpg,rdd_India_002070.jpg,train,8984f6b736f96a5b11f031d627228be6,6f5be6cc54a6f4e588570348a17bf854c5922e58f0509afd05a924cfb0f6f372,9a9ad85465a7aaca,2,ACCEPTED,Clean D40 pothole instance
rdd2022_india,India_002593.jpg,rdd_India_002593.jpg,train,a694b864f6e7d40212680078b07950fe,5cc5ae971cab6a8f7bd11b9d2f8a2aaa1b7f103d40d4025a2372c7e947ebcbcf,848db95b66ccd839,1,ACCEPTED,Clean D40 pothole instance
rdd2022_india,India_008475.jpg,rdd_India_008475.jpg,train,6210d809fef911716eaa02cd4a35708c,3ccd6158866e5fb47fd8223c02211be4cf7bae2d686d65e3f2a21e492e18b8fc,d5d2223decc412f5,1,ACCEPTED,Clean D40 pothole instance
rdd2022_india,India_004908.jpg,rdd_India_004908.jpg,train,4e9c98ddb5cd8847ed8cca1546ecc606,b99940753ce47b906b6b5e7aff429961a71b4fadae9fec0951fe867fc5b35dae,8181e7ce59d39ee0,1,ACCEPTED,Clean D40 pothole instance
rdd2022_india,India_006367.jpg,rdd_India_006367.jpg,train,4b983d47d224d4e334e4f5a3d07f2527,ed7248c5693957e6340ca2004ad991837f90e8f7a9e3f211eb4b8604c0da549d,9998ec6656d1e523,5,ACCEPTED,Clean D40 pothole instance
rdd2022_india,India_001319.jpg,rdd_India_001319.jpg,train,ddef4f8ce7261cc12ebeabcd243cc84d,1941574a638af4a3dd1387fc9cc6ab4bd3ededc2bc8d9610b14d07208f061851,d38eec511bcea131,1,ACCEPTED,Clean D40 pothole instance
rdd2022_india,India_003490.jpg,rdd_India_003490.jpg,train,4a94f5b862767420ce2e62c966f73807,2bf7661dfb0cce30781b96dca7db88fcadbeff45bacf8bc353347301c59fc07c,81aea4d45b8b9cea,5,ACCEPTED,Clean D40 pothole instance
rdd2022_india,India_004185.jpg,rdd_India_004185.jpg,train,c39c5ca7b347f2a6f550985565fea21d,8e5aeaa5237adb8c3d846a0914acbaa51ea52501dbae8e313e57c812ad44f955,de9eb6a4280d60eb,1,ACCEPTED,Clean D40 pothole instance
rdd2022_india,India_005526.jpg,rdd_India_005526.jpg,train,265b1f8fa741dc810a2992b8599c19aa,1e724c439e12df73ba0e22caffc0e7088859b679843abd9314548e6aa8c992f2,d3d2400f1cacf1f3,1,ACCEPTED,Clean D40 pothole instance
rdd2022_india,India_006098.jpg,rdd_India_006098.jpg,train,a5f56d47e999fc5e80e53fcc345c7cd6,d1445d4f14d3f36091e0c8830d0d6e183cfd7e9639922e482a34aa8436270ea5,9999264ecc9cce4e,1,ACCEPTED,Clean D40 pothole instance
rdd2022_india,India_004542.jpg,rdd_India_004542.jpg,train,a20acab83bf42dc47f4cfdd82e1af503,92bb292e90d4fc44653631e93f43285159c42762c8ad27a5da062dc50e68456d,91ade4d4138ec74b,5,ACCEPTED,Clean D40 pothole instance
rdd2022_india,India_005797.jpg,rdd_India_005797.jpg,train,3affee9bac3ae61a659b7fc325b8d243,803d29d73d8065b522886c6439d06e060eefeeeb6d1836ded11ed53c9d8ac037,9996a6eed22b6093,1,ACCEPTED,Clean D40 pothole instance
rdd2022_india,India_002714.jpg,rdd_India_002714.jpg,train,3284689dc7709e0097f887b58e56b54b,282881487ae1b4337d8f4cc32ad87f30f7ac0a20dce42d2fbca2536f9bca0d10,8980f6e029bfd62e,1,ACCEPTED,Clean D40 pothole instance
rdd2022_india,India_008636.jpg,rdd_India_008636.jpg,train,14b60ee195cd8965d75e36043becdff1,6dc23ebaa99cec7c11344f13023f457ed479e7380013747f908223859d40806f,d2db58099cb8f193,3,ACCEPTED,Clean D40 pothole instance
rdd2022_india,India_008492.jpg,rdd_India_008492.jpg,train,2324ec979c748726a182a676ce102751,fffb9207234cc56a2b0137fa4635a22817b58d9452694b4973902e940ba6cb7b,97a82a4f38229fe5,1,ACCEPTED,Clean D40 pothole instance
rdd2022_india,India_005578.jpg,rdd_India_005578.jpg,train,72e5d5a3e2335d36de186fce886d52b8,85033cab7112c031f0bb4828ed8bb25ce211072ad9a1626d895ee658a22200e5,d999b6f62c085b43,3,ACCEPTED,Clean D40 pothole instance
rdd2022_india,India_001812.jpg,rdd_India_001812.jpg,train,1764d2ed5cc77d1595f617cd167e7211,c9531d0d0facde85e026d7458ece9b56ccfee31e2a71225870f785b022aeb0dd,8d83e2e078bc964f,4,ACCEPTED,Clean D40 pothole instance
rdd2022_india,India_006187.jpg,rdd_India_006187.jpg,train,b14ddcb248b2e6e98e8e08276eece2c1,5760553fca17f6d69774a9399f0994e615fd9f98879f05f13427007ae8ed56b4,d8de872529389c4f,4,ACCEPTED,Clean D40 pothole instance
rdd2022_india,India_006115.jpg,rdd_India_006115.jpg,train,d15ee52ada4dab10b79f9570b29f1d82,369fafdb731930cce7966a11146ad0c00dc6a1e09b0db9cf6bf0935250f9ded5,b4c8c3f16c8e1ad3,2,ACCEPTED,Clean D40 pothole instance
rdd2022_india,India_009279.jpg,rdd_India_009279.jpg,train,d2199aa21d3066e7cd06aee7945d1261,c79c055acbff579612b78e50e428a627c6be3b6f7a044e3a670d2a2ce8f643ee,83ad7cd70384f0cb,2,ACCEPTED,Clean D40 pothole instance
rdd2022_india,India_001984.jpg,rdd_India_001984.jpg,train,ded6410301d79237ea41cbf59958250a,1cb175465701a8f019f2b642e6364e1c9746b46bbde20ec3dc9c9665ff912e27,ddcce0211bdef221,1,ACCEPTED,Clean D40 pothole instance
rdd2022_india,India_004749.jpg,rdd_India_004749.jpg,train,e37bac4dd35001d342e4562b61cd44ce,1d3e8273f28a38f19cbdf47a25d503dd3111c68aa49195d4480ccb675c956ba9,81be345732d55a2b,1,ACCEPTED,Clean D40 pothole instance
rdd2022_india,India_009667.jpg,rdd_India_009667.jpg,train,05c9340fd01d49609e4284594093320a,a8d36a689b1044133ee58d258aabff1936678a2d1c493ecbb9e23dbd1d6f4eff,80b3f75f1b815839,4,ACCEPTED,Clean D40 pothole instance
rdd2022_india,India_003741.jpg,rdd_India_003741.jpg,train,128830c39143426d727276921387978b,05dd9191a9093731b8055777ce5a5fbb7e3a6b07e2912a5bf7d4f0cfc04793d8,91ad0e0e73dbcc4a,6,ACCEPTED,Clean D40 pothole instance
rdd2022_india,India_006967.jpg,rdd_India_006967.jpg,train,b01a7b733f94603113eb7bef511f422d,a380f09f4972d454f6bba3698509cdf8438bcf9acca1cbcc761daa9b70a88eb8,81807b71f3b065ed,2,ACCEPTED,Clean D40 pothole instance
rdd2022_india,India_004022.jpg,rdd_India_004022.jpg,train,7b7fbdae3558cabb81ab2cf68bd30ef1,6f7deabe9c1075d1df191601a0d5d4aa97c4d87cbfe72aeade4aca3d2dac61bd,989cad6756de0561,4,ACCEPTED,Clean D40 pothole instance
rdd2022_india,India_009065.jpg,rdd_India_009065.jpg,train,ff40a35adbb8cef4be08aca93e46bd1d,b5c6dd4174f64622af58c3ac21528d016878ab33432f2eb2cfa2e8a3b28b4c81,d2d5ed2a1ad0c4f4,1,ACCEPTED,Clean D40 pothole instance
rdd2022_india,India_007189.jpg,rdd_India_007189.jpg,train,90b3a6eff3368551d901aa0e59f86ab2,9b4a96ec7a3647964adf847eb5c7c7aad036d3d46083db22ea7b94054872b529,84acd8d327745e87,2,ACCEPTED,Clean D40 pothole instance
rdd2022_india,India_000544.jpg,rdd_India_000544.jpg,train,bae7704f1e19310e086885942cbb5837,833e74a657504f5099d3898eb554b8074b957b399a0400589cc6006ec15da32e,c4d7953127e6cc49,3,ACCEPTED,Clean D40 pothole instance
rdd2022_india,India_009864.jpg,rdd_India_009864.jpg,train,bcdbdc97b6f1699b9a475abad9f56571,12413a799872f5163922c901e1b15b35f804c99c51f7e5532f0bc5c855ef9899,8c8ce6e36995f229,1,ACCEPTED,Clean D40 pothole instance
rdd2022_india,India_008012.jpg,rdd_India_008012.jpg,train,8ff180adc4670072366adaac883eddd2,289e080a336f9bf5acb9b58e52ee51e7cbdc8b79e738b18731e536bd70bf2a3c,dadac161a21a1d7d,2,ACCEPTED,Clean D40 pothole instance
rdd2022_india,India_007740.jpg,rdd_India_007740.jpg,train,ddd13d6d3113668af15cf3be1040286f,72e409c85d3de1b7d94a838f1ff2aeed4a85f373ffe7ce2a3e409e64b636b239,809b7f408bf442bf,1,ACCEPTED,Clean D40 pothole instance
rdd2022_india,India_009153.jpg,rdd_India_009153.jpg,train,52581c6471d9ac06c2e8f9410106b9c8,84c2743acba270a5589119281c3f945a8c3503f96fe9e30bb9ebb54ab9322dd6,9090ee2f1bd0764f,4,ACCEPTED,Clean D40 pothole instance
rdd2022_india,India_007113.jpg,rdd_India_007113.jpg,train,34a2c56d92131062d6cdcfd84ee333b9,ad594a58a10a7cacdc9c6708f9f026e7d8273cbe8abb381959d1d682092e920b,98c06f977ab095ca,1,ACCEPTED,Clean D40 pothole instance
rdd2022_india,India_007644.jpg,rdd_India_007644.jpg,train,559de02e69b2cf5634eb490223631e36,93e8d50f442dbb957db867b00b36793dd3ea3a2041736008b24700d6d80821fb,9caa23473abcb4c3,6,ACCEPTED,Clean D40 pothole instance
rdd2022_india,India_004626.jpg,rdd_India_004626.jpg,train,a08078001211a835f697f2edae2b69de,0bd0c61410d41939b29338a0a81be7360fab7968ab69be3f855a1403697ec386,9f8bf2600cbf4349,1,ACCEPTED,Clean D40 pothole instance
rdd2022_india,India_009144.jpg,rdd_India_009144.jpg,train,a7840d571e84487d34c617f1720f316a,cfa26e052f5cb530e7d88599699ce1d9e7f20a8262b0763c48caaaccafe1b83a,818f2a5996be7915,1,ACCEPTED,Clean D40 pothole instance
rdd2022_india,India_005777.jpg,rdd_India_005777.jpg,train,d3df6c104148b620b705d082a62bdff4,9c656e9f0505dae9ac31e52658842379f4695f5f6e6bf303291466b3ccab4377,d9d9c38737181c78,1,ACCEPTED,Clean D40 pothole instance
rdd2022_india,India_007175.jpg,rdd_India_007175.jpg,train,fdcec42c52a83fa534fdc4094265f67b,af089fa24796676eb28a89f4571e44e06a922d29ac2f216c50fb51f345b8b2ef,95a96d150bf5520f,1,ACCEPTED,Clean D40 pothole instance
rdd2022_india,India_002696.jpg,rdd_India_002696.jpg,train,d7cafb13bb1fd5e4a36c244dde2c654a,2dc52cec608faa5538bd252afd6070e853d28fcc4e2265580243f64d06f9bdb9,d196a44d49d6f625,2,ACCEPTED,Clean D40 pothole instance
rdd2022_india,India_002516.jpg,rdd_India_002516.jpg,train,22dc92b105c6467ba6b636f212855834,00371ca286c9f478c0134c1feaf299e5ec69332cd60ca755d325c8201b79c153,85a92bad15aae5d4,1,ACCEPTED,Clean D40 pothole instance
rdd2022_india,India_007578.jpg,rdd_India_007578.jpg,train,a5fab8c40aa628242636b9f26ed5e018,12740bd96d53e4408445ddadd04fca7162c4da5a9b78a9c4674bc263ea0924bf,d195b54d4aeab22a,7,ACCEPTED,Clean D40 pothole instance
rdd2022_india,India_007781.jpg,rdd_India_007781.jpg,train,e6b50ad065c70090046593ff499f0684,25a9de96ebeacdefd1223f31320ad7ae0379d4072808af25a53d178f514e77c3,8a88e7672b8e6875,5,ACCEPTED,Clean D40 pothole instance
rdd2022_india,India_009317.jpg,rdd_India_009317.jpg,train,4cbfc96e3ab74779bda9567fad0384e6,35328c6cfa4b816d62e1d27f534496733a8088aab44cb6b697992ab3699fabf5,9990e6af0b42b27d,1,ACCEPTED,Clean D40 pothole instance
rdd2022_india,India_004133.jpg,rdd_India_004133.jpg,train,daa3048638222e5ff290e8ce8662011e,26d4bd023dc0942b263063e6a3496a6e71cc9f9c79ce14db43be5328f4f1534f,c484f1f1783c3cce,1,ACCEPTED,Clean D40 pothole instance
rdd2022_india,India_002903.jpg,rdd_India_002903.jpg,train,95da964aeaecf2238dedcce458d1b076,6c4275d39bacf5a010ef0e4aca1f111066afd59d9d316832c809a61660e00945,9dd4a6631b9dc660,1,ACCEPTED,Clean D40 pothole instance
rdd2022_india,India_001852.jpg,rdd_India_001852.jpg,train,48bd355756ee66b12cd8a557a5f7cb65,94106864da1adbf5d9946ed04769b18d875dc02fe4fa0e36a02a78c0431343c8,91ade4f431b8ac87,10,ACCEPTED,Clean D40 pothole instance
rdd2022_india,India_003239.jpg,rdd_India_003239.jpg,train,1d3ef281086642deff207f519ea9acc6,5dc9393db40268e2994d1fa9cfbb00b60b85315f800b425fa57ccdef3e3a945e,96ab31169bc91ae9,1,ACCEPTED,Clean D40 pothole instance
rdd2022_india,India_007123.jpg,rdd_India_007123.jpg,train,b28c54b4e66ea8531c981b8b59d2e4a7,5502fb0aecf8c01461128e350f0ad4cc418a67b4bc668690a7eba86f69ff91cb,9785e0c81d956b2f,2,ACCEPTED,Clean D40 pothole instance
rdd2022_india,India_009254.jpg,rdd_India_009254.jpg,train,be99f534a3ac73a11c16b57d122eb81a,bb53b65d57dc06589576b5a62aa00e320275ad4171822399d16395677dbf19fc,a525cc5ad2232ff8,4,ACCEPTED,Clean D40 pothole instance
rdd2022_india,India_000373.jpg,rdd_India_000373.jpg,train,3c4bc9096723bbb9f5013f49cfa7135c,b92af3cdd566285e6b5131ba65b585d81b586a8c15a28938ecaccee8d82e2ff1,92ab4c5a8dac7a17,1,ACCEPTED,Clean D40 pothole instance
rdd2022_india,India_008378.jpg,rdd_India_008378.jpg,train,1693c1b61a359e8a599798be1d0d74ab,29c069668909a24750376ff274644e78747f54c288bba984a6223c44e99cbb15,91abce1633d94c2b,2,ACCEPTED,Clean D40 pothole instance
rdd2022_india,India_006109.jpg,rdd_India_006109.jpg,train,8b8e7a1e652798fac0c76631a3e3054e,eba27e637495b5657dad3d3795ce60bedc4bc1a5dfc036047d80ff87877456ea,d294ad09fafa2e12,1,ACCEPTED,Clean D40 pothole instance
rdd2022_india,India_003125.jpg,rdd_India_003125.jpg,train,538b5094c2f2ba76adea4103b8d1331f,1d7387014188ad8878538613c1375165b559cfaa9a8f3786a272103b07c08129,89c0677f7803e578,1,ACCEPTED,Clean D40 pothole instance
rdd2022_india,India_008336.jpg,rdd_India_008336.jpg,train,ce173aa9e52dd767dbda0a17bd5c6d99,34cb14a41303f57dc628cb1660031db65ac5af5bf39f1c96610c91ab86a85af4,8a83f5616ab81f27,1,ACCEPTED,Clean D40 pothole instance
rdd2022_india,India_007642.jpg,rdd_India_007642.jpg,train,74d4fc0f14586dbda31635aa7c3e469e,3655444d543b1cf37612f5d3af008f3000e04dd864c0befdb18360d4340051cc,9995f7671a38b04a,1,ACCEPTED,Clean D40 pothole instance
rdd2022_india,India_003795.jpg,rdd_India_003795.jpg,train,295ca30715dfe8b5b9b6f427c6176ac6,f129c317cd3eb40d13d26e07b0c639ff5a19cf4ffd2ab448f5e0c7d38c615db7,9bb939580387c74e,1,ACCEPTED,Clean D40 pothole instance
rdd2022_india,India_003177.jpg,rdd_India_003177.jpg,train,de9f093fc28be2427e12a58fcd50e0af,b52c351f590f4370311e5a5ca538a9e1aa58336c765696757d41f2d2239bf3a1,80c0e34f1fb8e753,1,ACCEPTED,Clean D40 pothole instance
rdd2022_india,India_002201.jpg,rdd_India_002201.jpg,train,08b53ba30a2078417ee5ed9c9697a631,d90424047907620b538819f72618abe791d0f03ef645d629a542cef15b1abf6d,8283794e8ee14efc,2,ACCEPTED,Clean D40 pothole instance
rdd2022_india,India_009678.jpg,rdd_India_009678.jpg,train,203a3131491a8912093f38c745e6f958,7b8b4a06420d5fa094b6f39f5712c6886f6e6fbfdbfa1eb206eceb82fa2d03b5,99a4634c92f32d1f,2,ACCEPTED,Clean D40 pothole instance
rdd2022_india,India_002995.jpg,rdd_India_002995.jpg,train,2efad0c36106845130e3cddf9108f210,78a7bc3612f06fbfca990a8b7378e8b0fa594877215b7784e0102611cb296808,d184be4b09d5f269,1,ACCEPTED,Clean D40 pothole instance
rdd2022_india,India_000535.jpg,rdd_India_000535.jpg,train,74d326b020ae221dcf5d0359f46aaa90,ddb1c17ee0f36244a523cc272bed43a1e5173f40bea4048268cf6d4474cb1393,8faf60590fde4905,1,ACCEPTED,Clean D40 pothole instance
rdd2022_india,India_007432.jpg,rdd_India_007432.jpg,train,7ed5e994be7f6d47f7e7604f857c3d3a,fb47c85e72fdfc07641929c2a7d60e678a190838892eb7cb7bd6ca5922a58484,9596e2e93373941c,1,ACCEPTED,Clean D40 pothole instance
rdd2022_india,India_000770.jpg,rdd_India_000770.jpg,train,88bbdddca477e520dfbba9880237de13,c0e8681139fa34fdbab1ebaf06db4c7374b122c35a9d4c7b63df0bd7704b27b6,c195bcab6fc2f202,2,ACCEPTED,Clean D40 pothole instance
rdd2022_india,India_003278.jpg,rdd_India_003278.jpg,train,c9e57e9ddc5b295bccb0166d5e5d7501,a0b224e1f1ed782d360d55c5536813e4ee3fc39625ccda3b2390bed5d4eb7ee2,d995a6ca2a51c5d5,1,ACCEPTED,Clean D40 pothole instance
rdd2022_india,India_002673.jpg,rdd_India_002673.jpg,train,f5dc09a7008d3f687bea8d4ee364a309,e54a7790e0e5c9779819bca5f25bd0549e16b5aa51cff3cfb0075b5a3455aca5,d2d664e8a5b43d4a,1,ACCEPTED,Clean D40 pothole instance
rdd2022_india,India_004832.jpg,rdd_India_004832.jpg,train,9f2fa502dbed89ead77aa2e10f56398a,cf5b6b90609af288e84c2583368ef17e7f753b996390cba51f50185d8844a037,84ab1b16e2db7436,2,ACCEPTED,Clean D40 pothole instance
rdd2022_india,India_000846.jpg,rdd_India_000846.jpg,train,5b3fe8216f4bdf67558402b71d78bc75,849d16f7cbd067c98735878514a1dc0601024a5f1c3d4e7146b7ba7e6e3bd4ef,b9bbe0e8c8d98166,1,ACCEPTED,Clean D40 pothole instance
rdd2022_india,India_000438.jpg,rdd_India_000438.jpg,train,73455558089e3c928d587f1bf2146639,eb229385d1d4340800a59b4888cfcd475c3410983521cfe5d6c224b48baa92f1,9dafe1511f9e6021,2,ACCEPTED,Clean D40 pothole instance
rdd2022_india,India_001625.jpg,rdd_India_001625.jpg,train,46849d0b02d6e7d4d62ac0eaa062214b,3bab269b40f314a5ea8585861372de36dd6a8ecd430825f64b017a2dd22d5932,9dbd964642298ddc,2,ACCEPTED,Clean D40 pothole instance
rdd2022_india,India_005129.jpg,rdd_India_005129.jpg,train,e9b56ff26b753b51382f006095f1e0c5,8e8014e31fe1b41eb830d1ba90ddbd21094b5beda540d7f56f483ba359f078ea,9d8ce2e295e1e16a,1,ACCEPTED,Clean D40 pothole instance
rdd2022_india,India_000126.jpg,rdd_India_000126.jpg,train,b85ab74e7dd713b2843f8fc799974611,32997900b1102810662971ca21662fc740c9dedb12e945720c48ae2cd23c5a7d,d19186ce7c79a187,1,ACCEPTED,Clean D40 pothole instance
rdd2022_india,India_001983.jpg,rdd_India_001983.jpg,train,3fce227fc9cbe08228e81bb695a00cec,9cc3ec7fe0328e2551f4cc3539e0665f2abdba5e564e2c423661c91a5f959097,d495b5a90bcac6ac,2,ACCEPTED,Clean D40 pothole instance
rdd2022_india,India_008906.jpg,rdd_India_008906.jpg,train,16c2a4eeca2c25d01190424c37656e38,6112c122c36d551486dd4114067d02f1e57559d4eb9951aa002651f162a8dd0d,9ebee1e036bd500a,1,ACCEPTED,Clean D40 pothole instance
rdd2022_india,India_001485.jpg,rdd_India_001485.jpg,train,dabd8ee8b414c663b61243bd135bb253,bd670f17dc39334da692c0244a063369bac94f896614e13785459c751975cbec,8381847878b7d74f,3,ACCEPTED,Clean D40 pothole instance
rdd2022_india,India_002137.jpg,rdd_India_002137.jpg,train,045d01ad49bc14c58c466bc579dcf459,693ab46a938bc5a4587b6bb108cc88fa71f02969dcd54db387f917d988d14292,978b4a518fcae235,1,ACCEPTED,Clean D40 pothole instance
rdd2022_india,India_000115.jpg,rdd_India_000115.jpg,train,ca0f5c8c2a24605397e479824b8be8ac,e5779074d2eb88d84c668444db5291cfb68eac2a4c7d6c68c2f639defe2ce670,96b2a1531fde41b1,1,ACCEPTED,Clean D40 pothole instance
rdd2022_india,India_007880.jpg,rdd_India_007880.jpg,train,f53cf5981f6063e261714dd282349ba4,9e303d6c13128777aa485b99b3973502907e4255197bc43515f8bc19cb9b07aa,8b8ba47c5b0f86e4,3,ACCEPTED,Clean D40 pothole instance
rdd2022_india,India_000209.jpg,rdd_India_000209.jpg,train,585c4a9a332394b623f43c2b204384ee,0a42e255eb9fccb4bc30356bada738172cfd0300e7e65dd1ef9990cc1fe76b3c,9cb7a30258bd074f,6,ACCEPTED,Clean D40 pothole instance
rdd2022_india,India_004285.jpg,rdd_India_004285.jpg,train,605b2ad42a322f0738318f385e149780,5d985b058e1d51ed1b7998a60bd200205d09af783c0af1ded52ea52b2e7fd322,90b98ccc2ed6d43d,1,ACCEPTED,Clean D40 pothole instance
rdd2022_india,India_000747.jpg,rdd_India_000747.jpg,train,69167f5b332acce2a7b465454c857226,eb1459dfcdf903be1dbccfdd16e24a846b6e1f02cd690d8cd0ab9850d6cdb98d,9383ac6c7b5b8d05,1,ACCEPTED,Clean D40 pothole instance
rdd2022_india,India_001122.jpg,rdd_India_001122.jpg,train,154baf778da745e1759163c03ce5370f,db4e41cd1bcde417a6acea032c7c2676389b890bff67f39c026233b95acebcc6,b3b266c471ce3634,2,ACCEPTED,Clean D40 pothole instance
rdd2022_india,India_006373.jpg,rdd_India_006373.jpg,train,8c1bd1afbbb0fb25d77163ae948578a4,e1e1f35a472bfa291213e166cda330e0e38fbb6b4879a432cba80fe949a8262a,9393b6c449d9d394,1,ACCEPTED,Clean D40 pothole instance
rdd2022_india,India_005548.jpg,rdd_India_005548.jpg,train,19c08688236a044b62577e177d529d16,65699937676d69ea7ccd3ce37d2dd96fb9ba18296a12694182b605ec5c29a188,94aa37123ad74b2d,2,ACCEPTED,Clean D40 pothole instance
rdd2022_india,India_008471.jpg,rdd_India_008471.jpg,train,193fdd41f90d2574b1a38faecdae6a69,d5e2a1f485e02793b9e21d05fcba6af8500ee0d1bfa55cb782629d1ea258fc13,868ed9611cbca53d,1,ACCEPTED,Clean D40 pothole instance
rdd2022_india,India_000963.jpg,rdd_India_000963.jpg,train,e994eba2bf5cc75063aee4c913e18b0f,ef7d168c647b41522cd762f03d3b44117bd2929ba6cc60ead57890777690b11d,90d8ef273b98d446,5,ACCEPTED,Clean D40 pothole instance
rdd2022_india,India_001697.jpg,rdd_India_001697.jpg,train,bb63df892d03bbb727486ed45817113e,e6af875c34f82b8e421b7ab8395de8ed8e4d9603cc8b490504d268dd8370edab,c6d0bb4e50f0bd1a,1,ACCEPTED,Clean D40 pothole instance
rdd2022_india,India_007893.jpg,rdd_India_007893.jpg,train,72f1d5364ab9f7776f5168d50ec4f47b,00c892cf8db09bc1f36dd798fe680ae90fffed6276afebc76989722ce431bbec,8081ff5a18fd433d,1,ACCEPTED,Clean D40 pothole instance
rdd2022_india,India_003817.jpg,rdd_India_003817.jpg,train,8477c56a2680a70e2750596e6a0e90dd,8aa7531ba308d053a46d3eac15bdbbe8b3ae03b48bc8547b7a0db37a70b93ac7,80adef5302e9593d,4,ACCEPTED,Clean D40 pothole instance
rdd2022_india,India_006672.jpg,rdd_India_006672.jpg,train,e66e9f055e8919001c584f9af495f7fd,e5618a423e9513b84e8cdeb5d6aa1d0a5125e3f7883f88f403d38b57974bc5d3,d994a56a4ad672a5,2,ACCEPTED,Clean D40 pothole instance
rdd2022_india,India_005080.jpg,rdd_India_005080.jpg,train,5006f8fb74f20d6a14808cf8635d3743,b80cb7c0a0c7f83f52ad85168498ce4cee0c8b80286a92b7388fc969b13cd390,8181e6f4797952da,1,ACCEPTED,Clean D40 pothole instance
rdd2022_india,India_002010.jpg,rdd_India_002010.jpg,train,e0d6b48c5a64f94327f0202f17def7ff,bd4c618e99bc14e348919e65275785a44cb0f7bb6af244839a1ee43b391a93b7,8bad642b1ac4f55a,1,ACCEPTED,Clean D40 pothole instance
rdd2022_india,India_001456.jpg,rdd_India_001456.jpg,train,19bfb4029d7a768d9c85e095fff4d260,98c6674ed03c64fd6aaecc1573b03267f39bd4ad1e19fe053088355f92a5325e,9381ac6c7a91f17c,1,ACCEPTED,Clean D40 pothole instance
rdd2022_india,India_009441.jpg,rdd_India_009441.jpg,train,30dacd22cc3c5d579cc8da8374caaf60,6f4a8d42d4c366bb69a6967c4601d11fc05ef2e7c65fc79bb85c141258199738,d899b1e30d5ca6a5,2,ACCEPTED,Clean D40 pothole instance
rdd2022_india,India_007637.jpg,rdd_India_007637.jpg,train,f6b21217bbda8b2f2313d537d9d449a4,0997988e3e9d561ce7a0033f1df9ef655b221b7d5ffeabe50cfebd135a86b027,81ae4e4b39d46e33,6,ACCEPTED,Clean D40 pothole instance
rdd2022_india,India_001262.jpg,rdd_India_001262.jpg,train,8a6e36a274948c40f4328cf5fd8b68ff,2b0ef2dc46724085f25e6510816614430d8e2c8e9f908dd5ddf23674b2042a05,d192abaface04746,1,ACCEPTED,Clean D40 pothole instance
rdd2022_india,India_003512.jpg,rdd_India_003512.jpg,train,4c4284a43115d76bdda70a34067a4514,26e6b3606371bdd8fd5882b627d20bcb1dcd5403454c478c5c4cec05094e422f,dac9ad5ac1bd3045,5,ACCEPTED,Clean D40 pothole instance
rdd2022_india,India_006751.jpg,rdd_India_006751.jpg,train,0c8888277f1f56772fac56ba0878db54,165edc651d903a9f3de2ccbccd0f87e59a47f7035845b66730501b777eca55ac,f1d90e1373af0e48,1,ACCEPTED,Clean D40 pothole instance
rdd2022_india,India_000557.jpg,rdd_India_000557.jpg,train,8226debed133475ea80603ae5f3eddc3,8ca62a0b1fcb53a2b08b38e8300325f78af9c2e0e0564019ca4a9c7ede7dc660,da92b4a56dcb5216,5,ACCEPTED,Clean D40 pothole instance
rdd2022_india,India_008548.jpg,rdd_India_008548.jpg,train,3ba2e1fa97d5a12eca0d4040e4ca4844,c2c7b363e30c2a62c01e3765de59a82734b72aee8dbbb11f379b0cbc3a02f67c,858fe2633d9d6868,2,ACCEPTED,Clean D40 pothole instance
rdd2022_india,India_003576.jpg,rdd_India_003576.jpg,train,a97cb72770db5b20976ae86dc7a19ca9,4b9c23e3ded043ff3d05e85750bf37e7c86ad7532ad0fc6ce45e99d7a8a60875,d898e74718b8cc5e,1,ACCEPTED,Clean D40 pothole instance
rdd2022_india,India_005297.jpg,rdd_India_005297.jpg,train,c62667a9fc76686ae2d847700786098f,e51e49a6fbaa79e4e5bbbfaf027a9fa6fa47d23ddec1608ef0e42d44c9206097,8080e4eb5bda8f37,1,ACCEPTED,Clean D40 pothole instance
rdd2022_india,India_000840.jpg,rdd_India_000840.jpg,train,9aa93cbb61082a438db28d7a55b71c23,668f70101edfe0f6eacc6c37bd2f5ab2aebe180b796d1f8f46e911656616b18b,838a5ce9c285ee7a,1,ACCEPTED,Clean D40 pothole instance
rdd2022_india,India_001507.jpg,rdd_India_001507.jpg,train,ddb66d5dacec350412ed57bdc8a5d833,5bd1f534d56248eb3a6c80528493ea586cef4be259f29d578c96524b4ced367c,80ab2d5d3aa5d55a,2,ACCEPTED,Clean D40 pothole instance
rdd2022_india,India_002049.jpg,rdd_India_002049.jpg,train,63cd1c087894596416d5b95483dce719,a7de0e819695d09aa2ef3ba2cba0a04223ab3044be0dbaf4ee63b6783b91cc4a,81a9fc5f8b856835,1,ACCEPTED,Clean D40 pothole instance
rdd2022_india,India_006212.jpg,rdd_India_006212.jpg,train,b8b89add362652b78c81429c76576a8c,41a142d46c1a9e0a9e4cc4e3f5525121fad2bfeb7cddd06c3dad8ca48fa0f978,80aa6bcf14268ddf,4,ACCEPTED,Clean D40 pothole instance
rdd2022_india,India_000402.jpg,rdd_India_000402.jpg,train,7e9c8f69d3534865f2eefd55f429117b,b0511456eacf0b259683752ff2760d560a39922dc43ff19727c70d450650cf64,97adc81e7b894c1a,2,ACCEPTED,Clean D40 pothole instance
rdd2022_india,India_000155.jpg,rdd_India_000155.jpg,train,7c44983476de30ce44fc25a4c1c4e91c,1814da1286aeb88bca038a7e61ab65568ed07e6954d2f0680571ee9e9fe62527,9990e64fbdba09c8,1,ACCEPTED,Clean D40 pothole instance
rdd2022_india,India_009122.jpg,rdd_India_009122.jpg,train,e3a6621224487e507744e0980173c3aa,ba94fee5c94d01a8c74d328a9c1217be02f89e7fa7f48861a6103194d81b36b9,908ce75b38accb0f,1,ACCEPTED,Clean D40 pothole instance
rdd2022_india,India_004116.jpg,rdd_India_004116.jpg,train,23830ea6b084411ffed187c5838ce497,d23a9d56e9df3a13857e2078706a070d4b2e709f24f797940a6dcdfcbc0c3011,9381e56772b8bc68,1,ACCEPTED,Clean D40 pothole instance
rdd2022_india,India_007806.jpg,rdd_India_007806.jpg,train,748c2fe5f2cb4f4b4f02d7c79c16688d,5f294e7a3ddc52280f6c45b9086e18de5281607dbe824739dd654f68207139e3,97a7a0d00bbfe149,3,ACCEPTED,Clean D40 pothole instance
rdd2022_india,India_001294.jpg,rdd_India_001294.jpg,train,2baea9185cfe38d430b4b0742cd43fc4,e9608791e220092c6a2a9e0a55ca228809f9929d14899991695b0831a36e2fbd,8e8ae0e17bd8d4a6,3,ACCEPTED,Clean D40 pothole instance
rdd2022_india,India_004293.jpg,rdd_India_004293.jpg,train,2d0cb0d6c4ecae467c9b1ed1ef708a3c,d9c3273062594ed132472120905b90d40020e6204beb691bb83f2683f9f3cb6e,cbc2b4b5f54a4a1a,1,ACCEPTED,Clean D40 pothole instance
rdd2022_india,India_008609.jpg,rdd_India_008609.jpg,train,b5e962b8455d75aef253407af55391a8,47dbd99aa710154e62cc005e98aba47b6f8f985462db3a3123c8a824c3e42687,99a5ea4b5696691a,3,ACCEPTED,Clean D40 pothole instance
rdd2022_india,India_005884.jpg,rdd_India_005884.jpg,train,fb43330a4e485c8d309c2887dca25f97,d69778f585adac06b8107f87299cfca13cb122ae40a08ba6e583b7ef73a3f636,d5b5ae0a32b0d6c6,1,ACCEPTED,Clean D40 pothole instance
rdd2022_india,India_000823.jpg,rdd_India_000823.jpg,train,2ad65d6e6ee18dfd37b90e4c06246d2b,a4f5f37fca2afa19c687508a562b5d40731532a02c6e1c147e8141c14ee63de0,e98a10754d889b7f,1,ACCEPTED,Clean D40 pothole instance
rdd2022_india,India_006382.jpg,rdd_India_006382.jpg,train,ecedfeee6e486b5d2371b2ea706bdd64,a813df06130b71f2690775fde0368a901caa4a226b5686e04a8a14ad930efa6f,d5cd95e836ea30e0,2,ACCEPTED,Clean D40 pothole instance
rdd2022_india,India_001695.jpg,rdd_India_001695.jpg,train,a631843a9d1dda9f9303f4d625049f1f,654cabd3dadd54f3fdfad21be611bef316638622bae024dbb011bc3bf53e7409,8381bce859da871f,2,ACCEPTED,Clean D40 pothole instance
rdd2022_india,India_006630.jpg,rdd_India_006630.jpg,train,10cca037777caae1d7f690fce555b1c3,a95842be6ffd78a95f7922c8d1e681c13194025ffdefb57aa9cbfa1474952c21,878783a33c7cc2e3,3,ACCEPTED,Clean D40 pothole instance
rdd2022_india,India_000485.jpg,rdd_India_000485.jpg,train,cc33b9e1781bc3d6cde047e5923336a1,eb32e22f659b15dc1c0ae08b46b59e0658b3b4646bfd4418f2cec2647e80fbe0,80a9efdf3889c30b,1,ACCEPTED,Clean D40 pothole instance
rdd2022_india,India_008639.jpg,rdd_India_008639.jpg,train,748e1a6ffff73a4e226ec031239acea7,ac3bcc2993b93b014a642856940db96967d37ae907981c488c9cf5ffbf76e5b8,90a8edc5033ed9dc,4,ACCEPTED,Clean D40 pothole instance
rdd2022_india,India_007955.jpg,rdd_India_007955.jpg,train,8e5f09789ac88bf4160167317eb935df,a39aa578e908d2adde295af26de6767bb3a534943dff5925cd8efe8efb717de8,c5ccea631190fa6e,1,ACCEPTED,Clean D40 pothole instance
rdd2022_india,India_008004.jpg,rdd_India_008004.jpg,train,8301fd3b2cd67f5aefc5a41ebe72e31e,b70ac80dca56f94a1c26ffce07a49900a3dff751211717ff959d2fadf9b7eb8c,91984ec759bd66c2,3,ACCEPTED,Clean D40 pothole instance
rdd2022_india,India_002248.jpg,rdd_India_002248.jpg,train,13c40b3866992e9012ee955ec20dc29f,3bf04b28724cd7453d35a4a360603af2733b9aa83a5be75eeca29383bc624894,95eaaa14db8835da,3,ACCEPTED,Clean D40 pothole instance
rdd2022_india,India_006524.jpg,rdd_India_006524.jpg,train,908f99568d1f8f5798748f2da58c81b4,16f91eab536cb366663e428788ba235250dbdeaa54e03ba6e29df11d87e2751d,d28ea5257ec01f3a,5,ACCEPTED,Clean D40 pothole instance
rdd2022_india,India_005519.jpg,rdd_India_005519.jpg,train,b86c9e61a294b28dbf0c3848aedc5623,60ecb7fe3a92374ddb14dbde4137a3a075921554ae35bcc81a70228cb55ed6cd,d2cfad104b8cb09f,2,ACCEPTED,Clean D40 pothole instance
rdd2022_india,India_008119.jpg,rdd_India_008119.jpg,train,27b46745ac756755e81ded28d17aca24,133cc3452e910b9318823ecd0905f4b14a63bb0b063c2784b25682956ad6ce20,d1b5a5aa5a11d5e1,1,ACCEPTED,Clean D40 pothole instance
rdd2022_india,India_001475.jpg,rdd_India_001475.jpg,train,9f1e7fdca90eb823d303882450832bbb,f97e1f56ac215b7a2526b46725908f3fa242f0d7e87ebd9db5ded521855d2b3f,d296b5ad2b8ad660,1,ACCEPTED,Clean D40 pothole instance
rdd2022_india,India_002818.jpg,rdd_India_002818.jpg,train,bcfe32a3c401b1f5187f334c4204bb01,73569023deb59406a9d4cc81c092400f90e7d518b9b7bfa346cc3698ae59935b,958fe2e11dbec241,1,ACCEPTED,Clean D40 pothole instance
rdd2022_india,India_002810.jpg,rdd_India_002810.jpg,train,3faa02f8e3113b28d5823699cdd2b2d4,5b75460e9577b674c788c7c1407d24d942f058576f4ff90634b7a6035ab71e1c,999998cc4e0ccf2f,1,ACCEPTED,Clean D40 pothole instance
rdd2022_india,India_001338.jpg,rdd_India_001338.jpg,train,7117062806da7bf8809f57b242bd4526,05cca365b003602ea58ab292467fde032ece445c7309ea294fbb7d1b0ae5336a,d993b6a42ccbab12,7,ACCEPTED,Clean D40 pothole instance
rdd2022_india,India_006647.jpg,rdd_India_006647.jpg,train,142a721afbd1df4d184e3b44feeee890,243d141e750363530c53978429bda737bcc7f1f9dc7fde92d54bca5d70d6cbc5,de9ea4ed25054bc2,2,ACCEPTED,Clean D40 pothole instance
rdd2022_india,India_007259.jpg,rdd_India_007259.jpg,train,d9786d6e3f70b4a7230bfb51bd33704e,581c296a0a2e5a55c7183ae6289fbbc5824941b3aacc17bd9c3351754ffc3267,91ada6c61bb9ac46,4,ACCEPTED,Clean D40 pothole instance
rdd2022_india,India_000278.jpg,rdd_India_000278.jpg,train,014c6036ac9f9d413fbdf7bee73dd4d8,96206ead14b6ab74dc0dab2fcf60686b2cce7a319644427b75c7c5ee2d995aa5,9e9b40c3c3bc7c83,1,ACCEPTED,Clean D40 pothole instance
rdd2022_india,India_001717.jpg,rdd_India_001717.jpg,train,2f5dd9b5cc23a8406b8113f37e71a0d3,3067cc30488f2decfd4e4010139ee894d8b4626b66424a685ed13f45769b8684,d59ca64b4a94e527,2,ACCEPTED,Clean D40 pothole instance
rdd2022_india,India_002563.jpg,rdd_India_002563.jpg,train,445bed7486014e06d196c09080af5f72,3fd531a1a8c48fad3549b605aeeea72a47b5c7b35182469165c144396a6e01ed,83ac485b7b8c5a3b,2,ACCEPTED,Clean D40 pothole instance
rdd2022_india,India_003951.jpg,rdd_India_003951.jpg,train,c9b14f33fb9aa40a8d637a6d29a9cd69,4c32875ff838c8b94d415a52eacab51cbe524d493f54ca3603273e5987533452,8989b61651ad6d7c,4,ACCEPTED,Clean D40 pothole instance
rdd2022_india,India_003063.jpg,rdd_India_003063.jpg,train,8b413db507e08994ee3efe62fc401ed1,e15e18c1535fe4042e2f1a841ee340d70fefbb15667f9a78db5af4f2df4cf5f5,9292ed651bf2c23c,1,ACCEPTED,Clean D40 pothole instance
rdd2022_india,India_005490.jpg,rdd_India_005490.jpg,train,0ef0870d60f0f67e96996c7a508ae0cd,e62b5369929e9ebb7e99a4dd4bb9f1cf247dfbdd30f86bae36471c76fceb8eb4,8db672690c16b34f,3,ACCEPTED,Clean D40 pothole instance
rdd2022_india,India_000714.jpg,rdd_India_000714.jpg,train,725473166e61578db494e9602a11abca,a406b5e5ba897ede177c241f21307b92013342d7b8eb500049df692077f390cb,80bf7f1f92c25701,2,ACCEPTED,Clean D40 pothole instance
rdd2022_india,India_009765.jpg,rdd_India_009765.jpg,train,abe2a389bd8cc7320108e1ad0d7204be,375da31a95b4f6ecd4934d75c012a8a37ca47c45075394587e18dbcc494f395f,9091ec6e3391cdcb,1,ACCEPTED,Clean D40 pothole instance
rdd2022_india,India_002594.jpg,rdd_India_002594.jpg,train,1592d080e65d5a1c75718bf0829afa02,e87139b76aaa3ae231e48a4407322828e934313c73cadec9ebd7ba48cb6c281d,d9b4e642b1bd207a,1,ACCEPTED,Clean D40 pothole instance
rdd2022_india,India_001005.jpg,rdd_India_001005.jpg,train,db05ffcfc8a28370bca72e4104c8f059,d3583ee762cd8ecb1bb0b72b2ffa3f087e928c6eb8a90146b7ccd95c7407e0f6,868ee5cb3a97c541,2,ACCEPTED,Clean D40 pothole instance
rdd2022_india,India_004710.jpg,rdd_India_004710.jpg,train,651a27a8a18b2067bc81ea0b23c2eb0c,eb2d25cf5e32ac525bb177155e6dbcf5c33c7ac69d82b6683d6369cf2f0e9abf,8eade1d41e8541fa,1,ACCEPTED,Clean D40 pothole instance
rdd2022_india,India_008209.jpg,rdd_India_008209.jpg,train,ffbaab19a021ecd857b11ea6ffbfb50e,698492b2013c688d899816cdb26a1474a78044adbc6541fb8d5d2d4f12083854,db96b54d49c2b229,2,ACCEPTED,Clean D40 pothole instance
rdd2022_india,India_003759.jpg,rdd_India_003759.jpg,train,c9c3403a6bf8a9f389c666bd6fbbca6d,f52a5509a23f6e4a79ddbbc4bdb895a1c85b4cd0b4906b2eb2451381be88047a,9f89b4c43c0b5aea,1,ACCEPTED,Clean D40 pothole instance
rdd2022_india,India_002665.jpg,rdd_India_002665.jpg,train,8f5feb94192ae32efb1f2621b7229962,217c15d8b1b35ff92fdf801ca5ef47c83c8004f056965152f7dfc9596cb22608,9183ce7c3093cf0f,1,ACCEPTED,Clean D40 pothole instance
rdd2022_india,India_009177.jpg,rdd_India_009177.jpg,train,d21f5fae25edc2e4ded63949822bb7ad,1ca155b255dad69e044523fda1050c4ea8cc96c729d47181aec5ed45bbd1d8a6,989aa767789a06ad,1,ACCEPTED,Clean D40 pothole instance
rdd2022_india,India_004509.jpg,rdd_India_004509.jpg,train,995679e4a3bd2662a142e1e532b8db10,d10fa8ba73711e248f1ffc65a7fcd59bb164d2e65f4b2b5ffa65c61b3b7819f0,8a8af07094faaf5c,1,ACCEPTED,Clean D40 pothole instance
rdd2022_india,India_004837.jpg,rdd_India_004837.jpg,train,3f21d52757d12b8e815801e339a1c79d,4a8a2a5e88ff50e37a179ed035ad622f236a1eeec13691b3900894385a7e6a7a,a3e29c9c41a07d7d,1,ACCEPTED,Clean D40 pothole instance
rdd2022_india,India_004331.jpg,rdd_India_004331.jpg,train,b376e01e17bbd74ba40f9d57143db902,549a626a43bd1a32bb44d2951b19e6ac2c4606cca3109abe614a9362b3d4d411,d596b42d6dc2526a,2,ACCEPTED,Clean D40 pothole instance
rdd2022_india,India_008701.jpg,rdd_India_008701.jpg,train,262180b5c3a1ba3cfd43079cb6789061,63d7b819ad6babc0db2f8f9bf61e4e01b141302afc453ec0e59a6b57e8cc4fc5,8d8a63551ae3753a,4,ACCEPTED,Clean D40 pothole instance
rdd2022_india,India_002880.jpg,rdd_India_002880.jpg,train,1c6308cc724ab71710d205283c29dc15,37ba336bbd50ac64b9e22b84b8ff70722fc4af81235eb1dc5f97252c9337bfd0,d096af8d30d0df43,1,ACCEPTED,Clean D40 pothole instance
rdd2022_india,India_008662.jpg,rdd_India_008662.jpg,train,f3247a978b75472ca19d4890e1a21f1d,ac9870ff0100daa18080ddd81e6002937ae9044b8bedd5017abd2e8c88080151,9983e64619b9d66a,3,ACCEPTED,Clean D40 pothole instance
rdd2022_india,India_000914.jpg,rdd_India_000914.jpg,train,21b8b2deb7f88fd886bad8eed2f69812,eedee6372569ec75cb13458e4c1fd54876b519be79b350d7098202b0dbe8a55a,91a5eefe1382e458,6,ACCEPTED,Clean D40 pothole instance
rdd2022_india,India_003373.jpg,rdd_India_003373.jpg,train,3ee83ff01ba4d06dadbc1baf44765175,689cbb68489d37b95bfffc069e64a38e2864801a81ad6989402a084aaee72a52,d0d4e6ed19b9a494,2,ACCEPTED,Clean D40 pothole instance
rdd2022_india,India_007464.jpg,rdd_India_007464.jpg,train,db2c2bf5829513dd8bcb9464c1832dac,703e10c83ee6fa65ff29876c395d949da2b719cce0368ac478241980296dfa7a,c182ef5f7c80c725,1,ACCEPTED,Clean D40 pothole instance
rdd2022_india,India_008942.jpg,rdd_India_008942.jpg,train,57031d543ebbba201ac86164b427c27d,5bcf19732d26818899608a9f38ab926fa9ec7af922d53b55c234eda31bd8e246,99b3e449d9946c4b,1,ACCEPTED,Clean D40 pothole instance
rdd2022_india,India_000781.jpg,rdd_India_000781.jpg,train,6c9785639a40935ee1780b36a62de3c0,4caccf645397ea857ac523b538eb7506c8dfe0e553d8363bd541cfdcbf94fab5,d3c08fbc74032fe8,1,ACCEPTED,Clean D40 pothole instance
rdd2022_india,India_003083.jpg,rdd_India_003083.jpg,train,cb732cc707284e695f4f8eaeef72069a,a926418b0b373c28bcd1e2749ecd395df99a488199632d2328cea7c76ea1281b,d195b52e29c3d2a6,2,ACCEPTED,Clean D40 pothole instance
rdd2022_india,India_009171.jpg,rdd_India_009171.jpg,train,3af8f4457c2f4a1595bbe6e72d2837f2,445de59fe68e73f88ea5c6b45eabdd6a3d17f3ca9e77e2d005acb45e275e77f8,da98a74d49d256a5,7,ACCEPTED,Clean D40 pothole instance
rdd2022_india,India_000320.jpg,rdd_India_000320.jpg,train,d75838760e1b0620e4b893454f4e4dbe,32584d6fd04b33e84b463639e90a3b2c64a48d9d6fc7cc2137e86788251209f3,dac091bf3e242dca,1,ACCEPTED,Clean D40 pothole instance
rdd2022_india,India_000384.jpg,rdd_India_000384.jpg,train,94b339326334caad6ee88b35cb3a6dcf,a3db0a8037cba3c1eeaba99e5434d7b4ed3dff93065a18c4fe4111b70a319c20,95866a71cfb9021f,2,ACCEPTED,Clean D40 pothole instance
rdd2022_india,India_000935.jpg,rdd_India_000935.jpg,train,0f48cccadfd426fbf8501cb52d4082d5,a9c14f12490aafca7ba6a6f2c1435a794a9afe68ec7422ba501488346928a028,91a4e7d33a8d43d8,2,ACCEPTED,Clean D40 pothole instance
rdd2022_india,India_000785.jpg,rdd_India_000785.jpg,train,9c8383b78c0221efd16d6d68a91dad31,047393fb9c35cac6e77c1b1bb3e01b1459c54996d868f7f221ef0402000d2292,95afa5520be1491f,1,ACCEPTED,Clean D40 pothole instance
rdd2022_india,India_002567.jpg,rdd_India_002567.jpg,train,0d28690269c3096c628fe948aa12c656,112860a8fb5d1fc3ba54604d521342d9bb80bbfc78e8554ccf42498aa0ea5bc4,84ae77563a96c2a9,1,ACCEPTED,Clean D40 pothole instance
rdd2022_india,India_006862.jpg,rdd_India_006862.jpg,train,78984d841ecb862fb633943bf6ad513c,5580eac96a38fa7b1b3a35e6a30397816f449c99ed65ac35f6e8bc76d84af70d,87a7a0c54bcfe829,7,ACCEPTED,Clean D40 pothole instance
rdd2022_india,India_001854.jpg,rdd_India_001854.jpg,train,93847d90e91befefeb61b9ae7378bf45,49f4937d695adf820497d9a6c751e42b0f7edfa0d34f9b63a59b3f5a5e6aec4c,80a77716b1d66a2d,4,ACCEPTED,Clean D40 pothole instance
rdd2022_india,India_004525.jpg,rdd_India_004525.jpg,train,416fc720a63e391e913d9e21b9542702,770df2d514635330769d0b87f62247f49cdb901de6cc84109d14ad85decaf4fd,9b8a284babf56227,2,ACCEPTED,Clean D40 pothole instance
rdd2022_india,India_006713.jpg,rdd_India_006713.jpg,train,4be48f2270093acf816ea75e6eeb06a5,dee6767857cb52b2e83f950e8df564dde6c690c8b62930d1d12ca4246a3f7b47,c0837f7e00837e1f,3,ACCEPTED,Clean D40 pothole instance
rdd2022_india,India_006777.jpg,rdd_India_006777.jpg,train,573fbaf3cf049bfc6d9ff32937bd53e2,678ede89101d1b79dc8ddd0ab59acefc840138d23f848af2823152882b497dbc,c4849cf8e3e3e067,2,ACCEPTED,Clean D40 pothole instance
rdd2022_india,India_004104.jpg,rdd_India_004104.jpg,train,b1f973c069316e38be98748dbc4cd9b5,1fec9ef8560982b3543e883f885eae6889337b5842f1b40b4339fe9dd0094e22,c9c9f2f878c9e228,4,ACCEPTED,Clean D40 pothole instance
rdd2022_india,India_000517.jpg,rdd_India_000517.jpg,train,fafa3776168e893c897c90224cff2171,391b0a938b0931336d2ab6a73f5c5ab3390574f4b533917022cc32256a847bc7,d396f4290bc67435,4,ACCEPTED,Clean D40 pothole instance
rdd2022_india,India_004178.jpg,rdd_India_004178.jpg,train,d3677d1bf196d34071e733e25ee8856f,55ea8cb09c9186f010a3d3e2d0353539d49565dc002595be306304a16f7f26d0,ffafc0d068c53612,1,ACCEPTED,Clean D40 pothole instance
rdd2022_india,India_001385.jpg,rdd_India_001385.jpg,train,5220bc2cfd8b39b34acae0c01eba5662,06ccbf2ceb8002b10b0ed7c5409bf64ee37755755506f0d671f4192c8c898fa7,d48b36c5580bb5f2,4,ACCEPTED,Clean D40 pothole instance
rdd2022_india,India_003923.jpg,rdd_India_003923.jpg,train,93d518c5088e1eb3800db31e40052646,559a588cf51b01fb25e89098e4c627337b2555d563854a0bc648ba22e9fbeabc,8787e370b8b4c36a,2,ACCEPTED,Clean D40 pothole instance
rdd2022_india,India_009455.jpg,rdd_India_009455.jpg,train,5b195aed647fe57f9f5d1451c093bd17,714115c287e9e78223604f00cba9f38f9f95781d4347305500c1ee30e3e7d8c1,9890f77f89836278,1,ACCEPTED,Clean D40 pothole instance
rdd2022_india,India_003561.jpg,rdd_India_003561.jpg,train,057f168d247017f1ab73cfddf8403eaf,e05a67c557de2b8690485fe22117314ac6599c43880b29c04ca506ebb8baded5,998ce6c73be9c442,4,ACCEPTED,Clean D40 pothole instance
rdd2022_india,India_003976.jpg,rdd_India_003976.jpg,train,18d31058924e8fa4d5c56a5025b3ce31,535fbe51286f5bf93ad67a78a6194e301772823e19b7bb5c44db7ccedcb3fce5,dc9df5e26a08189e,1,ACCEPTED,Clean D40 pothole instance
rdd2022_india,India_008933.jpg,rdd_India_008933.jpg,train,08552275b12394ce1eff9d0e14a03835,e735a52b1c072cb30178dd9382ddab52518910f04ea28a0b1eef76bc34da2672,ccccf11316e4d999,2,ACCEPTED,Clean D40 pothole instance
rdd2022_india,India_002972.jpg,rdd_India_002972.jpg,train,78ca82236826d493fa6ad5fd5d6c3a98,4a83954cc7966000d7f2b578c9fb8d55ce781ce2b6d7bdbda7b9f48ba22b5bbc,93ade41037cdc273,6,ACCEPTED,Clean D40 pothole instance
rdd2022_india,India_001465.jpg,rdd_India_001465.jpg,train,01a824bd52949c2c84e559e96fdf38da,b9ba0717e7d0327a6872112e7e8f599ab1a23d3d39286089c3155436d69920df,d595b4a42f2b0b9a,3,ACCEPTED,Clean D40 pothole instance
rdd2022_india,India_009748.jpg,rdd_India_009748.jpg,train,00d86d960352b2e5d440a0381422e29d,965f565af7a1c1ace9a5f7bde071af45c8d7ae9b3aa6337e0ac97b8305cf4e5b,94d5e736b84862b6,3,ACCEPTED,Clean D40 pothole instance
rdd2022_india,India_000745.jpg,rdd_India_000745.jpg,train,80c6def46553d2523011e15c99867361,fbd901a78b5d5c1ccdabb219a80fa8188071cede050bdd857af3a00bce69a260,d196a72d4ad2e2b4,2,ACCEPTED,Clean D40 pothole instance
rdd2022_india,India_002293.jpg,rdd_India_002293.jpg,train,083bf73283447b63eff83d6aaee77182,aa69fa16f810d2621a56fd341cb5b74a15fa1b43996f0317d04fffc8133ace1a,c195a64a39c59ed3,1,ACCEPTED,Clean D40 pothole instance
rdd2022_india,India_004110.jpg,rdd_India_004110.jpg,train,b0263e9aef843ede1d34702024c1971e,4ddbfe84ffe5f9c5dcf8c614493d4ee82021ca5741df0eaf84e487f354784ec2,9987564bbe9271a8,1,ACCEPTED,Clean D40 pothole instance
rdd2022_india,India_005439.jpg,rdd_India_005439.jpg,train,957385b836062acfd198961409f165f2,ffaeeeaf407b63e83ac6e9ab083a6bc3b5e7f5c16c2b9d74ce6918a5b4c8553a,d093b4f57b290a56,3,ACCEPTED,Clean D40 pothole instance
rdd2022_india,India_007362.jpg,rdd_India_007362.jpg,train,758e2a301c63055dc62bb07baa25e7bb,48e2bce9484e27e8e15bdedd2521552308a3e9e3df14867c0786814052bdbb61,91a526d613bae6ca,5,ACCEPTED,Clean D40 pothole instance
rdd2022_india,India_008572.jpg,rdd_India_008572.jpg,train,daa50557226006cccef25181fa477059,62f442d7a6a4109fca2e2d508c1a1186376114b66ff0d23ff90407fee80f97e0,ddc5e2319cfc6221,1,ACCEPTED,Clean D40 pothole instance
rdd2022_india,India_007604.jpg,rdd_India_007604.jpg,train,a08b043a60e3f072f92332089610eca5,367b9081d748ce7974e8d2531ccf2ca1f1c2479d4f329af37ffad289d08734eb,dbda9ab484163ea1,3,ACCEPTED,Clean D40 pothole instance
rdd2022_india,India_005870.jpg,rdd_India_005870.jpg,train,ada19bd6c1d5620db9daf14b67151054,78a0ef6daf4177f17b118ab36a26dec4454ed78641519711cf9b48fcff8bdcbd,d195b52829d2f2b5,3,ACCEPTED,Clean D40 pothole instance
rdd2022_india,India_004880.jpg,rdd_India_004880.jpg,train,b34d82eae2f3dad829db43484f7ad3c1,c9037d1749f55bf853187d12d09292914c52740ba9552fbfbba381a1c544c9a4,9d99b2664cc99726,2,ACCEPTED,Clean D40 pothole instance
rdd2022_india,India_009080.jpg,rdd_India_009080.jpg,train,c0253bbc14c1e857250da68d30aecbfa,7e43773713fdf21929c0c6c4b586689fa3979f2d50a881df14effc0c07962957,ccccf91b19c0c733,1,ACCEPTED,Clean D40 pothole instance
rdd2022_india,India_008503.jpg,rdd_India_008503.jpg,train,7c8b91943263edd18aa0a5bbab53530e,4a28581e4ebeeb6a3190c0a7bf08524f8961b1c43224c8d523270c55e7345c64,8c93077e639f7043,1,ACCEPTED,Clean D40 pothole instance
rdd2022_india,India_006928.jpg,rdd_India_006928.jpg,train,fb0262a21d749ebf3dd373e052c60eb4,1e420a6639442c6e315852235b8824e39a3a1e28a8996dca63f4eab2369c67a9,c18fb8c35748acb3,1,ACCEPTED,Clean D40 pothole instance
rdd2022_india,India_000825.jpg,rdd_India_000825.jpg,train,0370d96105054c2c8bfb753388e709fc,5aec18a1d8cafad3f22c5f2ba0ac51e0f0d8107fddffc88ef2c54fb4cf29a1c8,8088bf777108cafb,1,ACCEPTED,Clean D40 pothole instance
rdd2022_india,India_009151.jpg,rdd_India_009151.jpg,train,1922087758a079b82aef2bb13140d9f2,048e66c3845ef84b1142e525376d9a42fb19db2c9009d8d61dc8a281a10245dd,cadaf5350c4ad272,1,ACCEPTED,Clean D40 pothole instance
rdd2022_india,India_001620.jpg,rdd_India_001620.jpg,train,653a624b417341fab3aaee0f010e57b3,9700c9d324d06e08e69fff789ab46beb42b602824b70c1958ac528acdb1e11e5,8d894b4d8ef2671c,2,ACCEPTED,Clean D40 pothole instance
rdd2022_india,India_000109.jpg,rdd_India_000109.jpg,train,02140fed8e410789dff56d0d1bcd88df,960206787cb07655a8877f1d07da65b9b15d27872fa478b630f9195a17586cc7,92b34e598bcf4634,1,ACCEPTED,Clean D40 pothole instance
rdd2022_india,India_002459.jpg,rdd_India_002459.jpg,train,3f08dcceb64f70825aeed3c8b982635b,08997516f9fde05b7a4354659a67ff10b205f4829aaa71cf3efccb484dbefcec,9183e268789d8f2f,1,ACCEPTED,Clean D40 pothole instance
rdd2022_india,India_005247.jpg,rdd_India_005247.jpg,train,824a1e55016237b332cc8c985883e147,3fd15f020a0ab971d76043057b85ddfe14fdd29f4eaf2009420222704a31cb15,da8a954569caa3b5,3,ACCEPTED,Clean D40 pothole instance
rdd2022_india,India_007912.jpg,rdd_India_007912.jpg,train,ca1bb0fa50475ce6823e6e09832c6505,192c2fa5c7ae7b9d1b997ac1feeaff08a4c8efeb3307dbb508187cbde51b9ee2,84c363fc1ca7e619,1,ACCEPTED,Clean D40 pothole instance
rdd2022_india,India_006197.jpg,rdd_India_006197.jpg,train,09ef3e7684c55ec51df460add3917267,d1b59862254a40569ca5f6231d19debd5f83c36b1da1862d0db57267c1da200a,96cbe1109f2f2fc0,1,ACCEPTED,Clean D40 pothole instance
rdd2022_india,India_003547.jpg,rdd_India_003547.jpg,train,a793f5f45b43f10d21877d219c2ed507,448c3871878dfd8521db7ada70048cf0b1d5fa6922ae5fe6368e69e44d0d78af,9880e4e61bb91d3f,1,ACCEPTED,Clean D40 pothole instance
rdd2022_india,India_006100.jpg,rdd_India_006100.jpg,train,0e46e679b66e4f89f917ebe974e1417b,fccdefbd98a1348e16dcdee7ceb0c0c505fdf145e3f6823b78b0256ea47b9a6e,8c80f3e05cfc974b,2,ACCEPTED,Clean D40 pothole instance
rdd2022_india,India_005559.jpg,rdd_India_005559.jpg,train,1a8b59ae1346e7b645b233573b8916b1,c57fb376b4998d1815be494ddca4e6dc20a29fec79f54fcecd8947b433025190,c7cbf0300fcb98f0,1,ACCEPTED,Clean D40 pothole instance
rdd2022_india,India_009397.jpg,rdd_India_009397.jpg,train,c4b4fd37b97ba0229fa6c9569e6c4f71,5638aa7d97cce88902b4c0bdc86c1683f721c1554f5fcdf51279ba5fcfa70a5c,9edce5e35890248f,1,ACCEPTED,Clean D40 pothole instance
rdd2022_india,India_004343.jpg,rdd_India_004343.jpg,train,9169ea10f4884822e794b561a2d22eb8,2b4bca590baf4010387e4b793d330b4c035e065973e431dd9c7fad9eeb715c7a,d195a34ad4b729d8,3,ACCEPTED,Clean D40 pothole instance
rdd2022_india,India_009544.jpg,rdd_India_009544.jpg,train,24869a1e0721fb2279475fc73db0ca4c,833fe128a435fd74f3784376114c4d888ac39a812821cfa9b4eddf86b3758813,868785b7b1632b6a,2,ACCEPTED,Clean D40 pothole instance
rdd2022_india,India_004363.jpg,rdd_India_004363.jpg,train,ca809ef19636d615461474f9a12c128d,626934cb3723d477411b30f6cfbc27ca55a8f11d79140fe2239f4bd8b36ea101,d1a12c4ac596eb5e,3,ACCEPTED,Clean D40 pothole instance
rdd2022_india,India_005660.jpg,rdd_India_005660.jpg,train,5e00411193395596977fefc22b75faf7,b420fc49b97193a4fdee66f697a61770ea11aab5a95034c065ee65172b62aa03,8888e3e772bcbc52,1,ACCEPTED,Clean D40 pothole instance
rdd2022_india,India_001418.jpg,rdd_India_001418.jpg,train,c6f713a38747637df2123650510b709c,5d6ba2c1c055485c600baa62f0e70095ab5816a18a4432e2d039643fd247a253,878fbe6450799946,1,ACCEPTED,Clean D40 pothole instance
rdd2022_india,India_009117.jpg,rdd_India_009117.jpg,train,bd398cfc7b6137568e06e74e69891bef,d0d15b29de19ebec5d4ff7d2d06e2aa681f9833117a92c352747ced9de217dca,91adcc5ab1cd6c34,5,ACCEPTED,Clean D40 pothole instance
rdd2022_india,India_000942.jpg,rdd_India_000942.jpg,train,449aded28e79c4fe1a58bf66ee18fe40,70e781758df330f9efea7ce9335a9d8300ed992e2450168dff39c4ec6157fd38,96c4e17b3e9f4920,1,ACCEPTED,Clean D40 pothole instance
rdd2022_india,India_000581.jpg,rdd_India_000581.jpg,train,93bcf85ed6dfd13e4a0607206159fb7a,9ecba38b7e72f5464887f02bfaae60fa45d0789d3b3002003aa2f9c0d8d6a092,84afe7ca4a95432b,2,ACCEPTED,Clean D40 pothole instance
rdd2022_india,India_002956.jpg,rdd_India_002956.jpg,train,e73fa0439958b288ddba50ffb2271506,ca4a47ddadbca58f713e9a2a77fc54b6693fdad47c99cbb193e8b5cf25fb75c7,8084f3713e9f8763,1,ACCEPTED,Clean D40 pothole instance
rdd2022_india,India_000771.jpg,rdd_India_000771.jpg,train,2627b9b800035cc0b1ab4befdb22fdbb,aec08eb012dc29aec4b0866560832ec273ae106976db49d8307fa288026cc4c9,90ad27d732bcc68a,1,ACCEPTED,Clean D40 pothole instance
rdd2022_india,India_005298.jpg,rdd_India_005298.jpg,train,a4c24567561c74fde603e89ec8639533,a7d9408bf124ad17cbdd83dda060c10a3c8bd5af28c50cf968855e87fc3911e3,d992b6a52dc9d234,2,ACCEPTED,Clean D40 pothole instance
rdd2022_india,India_002069.jpg,rdd_India_002069.jpg,train,04bd5cd017a670937a019ba724fb6c54,15d5615ff5eea81ef6be1032c25b2d38d798bfc4e33f350e208f277e8dea6c0b,f88763b01c87f0bc,1,ACCEPTED,Clean D40 pothole instance
rdd2022_india,India_009213.jpg,rdd_India_009213.jpg,train,01894d5d41832e0d4ba0eed3525792d8,50dbe9692941969bce69d7ff59fc74daf7c34d58bb7826a12bb817c1bcd5f9b6,d4aca74b1891ea67,5,ACCEPTED,Clean D40 pothole instance
rdd2022_india,India_004876.jpg,rdd_India_004876.jpg,train,af32139f2be3bae578b32d3579fdd516,e02683ddde2bc06218bd0ef7c8e4730eb72e6ae3bad4d9b295e01c42fef749e5,b5b76260095349fd,2,ACCEPTED,Clean D40 pothole instance
rdd2022_india,India_006269.jpg,rdd_India_006269.jpg,train,799163cc1153fbf1cac60387f41c0001,d2f324517924dbe3661977e208cd9b70c4e019fbd96a09c76a1e60f086b930ff,c4ec8d99195bf382,1,ACCEPTED,Clean D40 pothole instance
rdd2022_india,India_005314.jpg,rdd_India_005314.jpg,train,733fa24ccf9855be98d56878d07a5793,ff7f057b638b2d36c2bd3fc0d96875eed74169835de1983e2182bddac483f594,929dad5702afc561,3,ACCEPTED,Clean D40 pothole instance
rdd2022_india,India_006749.jpg,rdd_India_006749.jpg,train,f441376ded92b81ee6b85cb446b81d26,7681e2ea6390db03347c381089391497d8b570f858341f2cd42bcbf5b54584be,9e9ead405ad6e621,1,ACCEPTED,Clean D40 pothole instance
rdd2022_india,India_005446.jpg,rdd_India_005446.jpg,train,4d8849121d8ffb0aa0fdc8a7a98a3b73,40407579df5f84f27bed3097d05a46af083b5779d8523576666c0af16c06446e,9fade0d01f8f4a60,1,ACCEPTED,Clean D40 pothole instance
rdd2022_india,India_006174.jpg,rdd_India_006174.jpg,train,bcdc2ee58a3f7a036b2364967977fbf8,773374d91ea70c3486c37d1dfbb5816f924bf1c9e27f30bfd556b4b855c11fa2,8180f67b9b8669da,1,ACCEPTED,Clean D40 pothole instance
rdd2022_india,India_001578.jpg,rdd_India_001578.jpg,train,c6870577e02e3cc6d43ecfed8500f35d,1d853389a770f36ca40e474dd5e413bc6bd0ed5b1e8f5eb583b8338196843a4a,da8565f858878f98,1,ACCEPTED,Clean D40 pothole instance
rdd2022_india,India_001056.jpg,rdd_India_001056.jpg,train,6d0f1d0acab7e737f6604f7fdab4256a,bb7f93593f80f75a3c6bab6a69849059b6404a852eb40e2239578819f50faef0,9098aec7473930fe,2,ACCEPTED,Clean D40 pothole instance
rdd2022_india,India_007409.jpg,rdd_India_007409.jpg,train,4bb29eb7ce07c61fb9394baceaf18671,4fab54b50e7ba9126806bd2a712dd6c0556dd30c1bb8a5b364385cf01b8b6760,d292b4b529ab8bd2,1,ACCEPTED,Clean D40 pothole instance
rdd2022_india,India_008576.jpg,rdd_India_008576.jpg,train,b1173db5a845a8633b718bcd3e3abd9e,f3909b255c16c90bb1cdc1c9dba67cdbff700cf7de652793a799275cf4dd19ed,c1838badf7685436,4,ACCEPTED,Clean D40 pothole instance
rdd2022_india,India_006634.jpg,rdd_India_006634.jpg,train,c48110577fdda9e01f3b83f7949181a2,b59ce61ce3cdc59bf0efb95e70f4b7ffec87970e198f17b48f4730ca6f66f24a,9bb3a6644c91b36c,1,ACCEPTED,Clean D40 pothole instance
rdd2022_india,India_003120.jpg,rdd_India_003120.jpg,train,c8cc608e266a14c02641899d1bed482d,cb2a76af7a7fded0db9f875c5b2d1727b1417cbe718d7380edb593bbffe11fc3,8999f6664a0ab537,2,ACCEPTED,Clean D40 pothole instance
rdd2022_india,India_003323.jpg,rdd_India_003323.jpg,train,3d77e5fffe2463cda76023aacf212988,b91b3c82df1d6dd3853015c7bc5308fa7f7934835e0cd237dfbbf468e662e177,94a6b7431a9e92cb,2,ACCEPTED,Clean D40 pothole instance
rdd2022_india,India_002227.jpg,rdd_India_002227.jpg,train,e1f56f64c28e52ad109d0643c2ba2b9b,33417277f68e675fdb3df478353bcf25021dd0cca634c8075d7001e2593469f8,93bfeccc60223d51,3,ACCEPTED,Clean D40 pothole instance
rdd2022_india,India_008292.jpg,rdd_India_008292.jpg,train,064edc2848c70fc310a54f551a2b3ef9,08ee1089e14c6e45aa40c752f9e625f83def87f182428bc4a7bab68ac0c402c6,87a7304a0fc7e86d,1,ACCEPTED,Clean D40 pothole instance
rdd2022_india,India_003384.jpg,rdd_India_003384.jpg,train,6c87c1ef27142d0e1d9903df863627b5,1b9ea4efb943295ba8d64589ee19cda35798ece542a630efa6332af31177fcc2,80aaef9736d8dc06,4,ACCEPTED,Clean D40 pothole instance
rdd2022_india,India_005197.jpg,rdd_India_005197.jpg,train,915938f24b3f3e489600c83538a74331,b969556b8fe42899193b5fa3ae50538307c0218b68d0b5a3182f426195ed5176,958deaea2b957029,4,ACCEPTED,Clean D40 pothole instance
rdd2022_india,India_000864.jpg,rdd_India_000864.jpg,train,284b554a86205b01daee4376d51308ac,e4fd894ee3700fa80f706083035e060677ab105bf539dde62f3df8b3c937ba13,8dac22df49a5e057,2,ACCEPTED,Clean D40 pothole instance
rdd2022_india,India_006899.jpg,rdd_India_006899.jpg,train,478972c0abb97bc04bcad3ed41b6bd04,cf772581648eec2b1f21a2aaf846e4a41da7db6668db67c7eb50048f9164593d,d195b4ad290bd2e6,1,ACCEPTED,Clean D40 pothole instance
rdd2022_india,India_001125.jpg,rdd_India_001125.jpg,train,9fa192ad630ee85d5c5971b791c5feba,73bdba6efe07690e70814095a62fdae10a0fd531536ad9c0439b232b7838c124,c3ab2c5843a4eb6e,2,ACCEPTED,Clean D40 pothole instance
rdd2022_india,India_008267.jpg,rdd_India_008267.jpg,train,60e6aed7ae0173beb3585138aaea6ea6,a0db7d2e7d7fb6b09e17a0e09f469353c424ae5ce300bda1306847117a48ad1e,8386f46139be067b,2,ACCEPTED,Clean D40 pothole instance
rdd2022_india,India_004877.jpg,rdd_India_004877.jpg,train,eb4f3f93d60a9bc7c32395351d0993bd,79bcc397886415e05dbc1c5468999b1516d3baeff415ed1059f096e17e452bc0,8080e363533dbeee,1,ACCEPTED,Clean D40 pothole instance
rdd2022_india,India_001996.jpg,rdd_India_001996.jpg,train,9c2315a22b6ba6e22c7a7d7587bb79d5,a9c638e9133db600aceff8663327f22f6e505e390cb523dc6d4473df7a8ee61f,98d0e4e787c74a4b,2,ACCEPTED,Clean D40 pothole instance
rdd2022_india,India_006580.jpg,rdd_India_006580.jpg,train,f186549c1b5610e512dae88d3bc56219,84566e39dbd6ff8c8a729dd713fee16d74a65f2df7bc3dbfe1fd9ddc85a3b703,8d8f3cf40aab6a2a,1,ACCEPTED,Clean D40 pothole instance
rdd2022_india,India_007713.jpg,rdd_India_007713.jpg,train,854191176c6e472574a7e9a8c8cb01b1,7f82972da05d484e8d5e58e7f1daa83553cd3f00e277cedba76ad6200c79563c,d694b4ad0b8be6a8,3,ACCEPTED,Clean D40 pothole instance
rdd2022_india,India_000654.jpg,rdd_India_000654.jpg,train,3c72ad655fa1327510c753d30a170997,c64f95706b8fb7246ab265c5244efa2a64af98bf7ac1fac163bd74f13f9f0225,9d8ae7f139a40e07,1,ACCEPTED,Clean D40 pothole instance
rdd2022_india,India_000862.jpg,rdd_India_000862.jpg,train,7fd9b7b51b8d7aaeb710ea6b53eabb69,adb7f9cc83a4f91f7ae21c0426e102d12d755ff98401e0d4c2a68e192785cecf,b4b5b6c20b1bc5e4,3,ACCEPTED,Clean D40 pothole instance
rdd2022_india,India_004732.jpg,rdd_India_004732.jpg,train,b46d6900c6a319bab425691fa29a4d2a,b9e1fe000d28317f6b11d9caaa2ae62f16e43bbfe34ded923749588869b9c5f1,9adde566581906e6,3,ACCEPTED,Clean D40 pothole instance
rdd2022_india,India_002222.jpg,rdd_India_002222.jpg,train,99e1a62d464741279397efda8652d19d,dfcd6a983dbaea634dffaa10e7a8cd785f1187bc276c4d02e09b33513bd35601,8080ff5f1f87ec60,4,ACCEPTED,Clean D40 pothole instance
rdd2022_india,India_003702.jpg,rdd_India_003702.jpg,train,387c230874e80a1f071f9e8ba636ec83,dc4785cd68291241e4dc1da3ebd973c202648df07dd4bd1801ed9ea5e537e0df,dd95344a6aa2f629,2,ACCEPTED,Clean D40 pothole instance
rdd2022_india,India_000288.jpg,rdd_India_000288.jpg,train,2472bd844075242ece388fe53120e04d,97ee6200f33f2ed54cec9861f9911b87979a26793a22ccda0fc48672e4213b04,9181eeee7838f071,2,ACCEPTED,Clean D40 pothole instance
rdd2022_india,India_002793.jpg,rdd_India_002793.jpg,train,24f02d084218de6c5ea0b51114021f80,e600b2a24e94fde1d2669679adef6021b274c15479ba16f90208d53f9ca68731,8f8d304a1fabf05a,9,ACCEPTED,Clean D40 pothole instance
rdd2022_india,India_005231.jpg,rdd_India_005231.jpg,train,8741486a6f43a08e4a97043379e102fd,71472dd45c30cc6168980b089a70589bedcf282079b7b6519963946b8158b776,83874c7c32a6ce5e,2,ACCEPTED,Clean D40 pothole instance
rdd2022_india,India_007001.jpg,rdd_India_007001.jpg,train,e4f1af277df4a7634639cd0eb969ec17,a71f6b9a94e2a074d17569ffd834405bce8d6631d83f1a5e7daba43c43bf5c5f,9990e6671db9262d,1,ACCEPTED,Clean D40 pothole instance
rdd2022_india,India_000352.jpg,rdd_India_000352.jpg,train,da3a8763f55c379dc31ca2cef744075a,9a08c021544cb8740c77adf3b04fdb92d429125dfe2d99ea718aa7547c518ecc,878b2ce5543a17d5,2,ACCEPTED,Clean D40 pothole instance
rdd2022_india,India_004161.jpg,rdd_India_004161.jpg,train,6eaddfbaea3455d5e2d54d0a47062530,97d4821af1960f1a809d6df94935159ea710c92efe07832b97f7f1a1bde69cac,818e1e630e99733f,1,ACCEPTED,Clean D40 pothole instance
rdd2022_india,India_004033.jpg,rdd_India_004033.jpg,train,e14d1f761f71453b2278f5c1f65e65aa,a83ae7a850311a18907081028aa7da34d055920decf20d9756ee94e1ba731613,9b84e47b370c4cb3,3,ACCEPTED,Clean D40 pothole instance
rdd2022_india,India_009041.jpg,rdd_India_009041.jpg,train,20eea8618267b41e597fe4d524045fcd,91b1ce87e49c71a1c4214ecd52475027b70e890eafc5ad118775f5993e1ac8a4,c989b64641d37ba5,4,ACCEPTED,Clean D40 pothole instance
rdd2022_india,India_000705.jpg,rdd_India_000705.jpg,train,f26aec9201fe49489cb2914ebe76cbff,5ba131678af7aa90aa88d80ab3f384eb8b766ca8bd897db065fe78d43ff70c27,8d8fe6463981867e,2,ACCEPTED,Clean D40 pothole instance
rdd2022_india,India_004043.jpg,rdd_India_004043.jpg,train,5ce568aec5bdf181f1d12e30a3ecaa55,5d60438553898b4ec2015d1db042d22bb7545541516544f92ed502db36ced8fb,cb8db5550a8bf261,1,ACCEPTED,Clean D40 pothole instance
rdd2022_india,India_006945.jpg,rdd_India_006945.jpg,train,480630b7d7ecb5975bd57234d1e97559,f3b58e7e6ad4532fd09388b294b1875f86369a396fa39cfcad393da89c7b9f5c,90a6e7d41a8fc1cb,2,ACCEPTED,Clean D40 pothole instance
rdd2022_india,India_005539.jpg,rdd_India_005539.jpg,train,ae9f5bc98a438fe4d98e1cbbb836924e,866e54f572b4ebac52de32b6b8e9836bf06ed7dcf9187cbfc0c0d4b026962c21,9991e4ca92a64e7b,1,ACCEPTED,Clean D40 pothole instance
rdd2022_india,India_009830.jpg,rdd_India_009830.jpg,train,7d98a24ae5028b42158e59843036c089,ab39dd3a1e4f94930006bb2b9aa390940078f25691e5d5e9d78a3a62e28225d8,d985e25b1d82c33d,1,ACCEPTED,Clean D40 pothole instance
rdd2022_india,India_007737.jpg,rdd_India_007737.jpg,train,dae7fcab63cf58371593bc4e19bed21e,e2061e8cc0cf4cefc0665ef20a7de423681d5bf1fa24bd3d2f56350d65eaa5d9,db94b53a224d4ad3,1,ACCEPTED,Clean D40 pothole instance
rdd2022_india,India_007363.jpg,rdd_India_007363.jpg,train,f635129600c287031bf9f4c35603ba19,bb3ab291c85dc56161d3f49da042894643103095985f53c0812987edcf3d32a2,dad2a5b5e12a2e15,2,ACCEPTED,Clean D40 pothole instance
rdd2022_india,India_004669.jpg,rdd_India_004669.jpg,train,c4dcaf7af432dc8430f55494c5853b10,1daaca00a494b6ec24bcf500f5314c9a14b65ba6485b5548552bbd348a96ebaf,d2a9ad6d1082f4e7,1,ACCEPTED,Clean D40 pothole instance
rdd2022_india,India_004935.jpg,rdd_India_004935.jpg,train,f17f2e92eeec89fb46839e6082235f7c,00b44a868ee5e392865e92693b38b78abe8a454871bc280705da3c247f589da9,9bcba6b03006e7d9,1,ACCEPTED,Clean D40 pothole instance
rdd2022_india,India_004370.jpg,rdd_India_004370.jpg,train,1a7135796943d13a1e75f01e83548b7b,8634c4193d64acd0b725adf9b9bb0731fc3e0f9c3a51eaa6f646425ac8d8df20,dd94a74b4095a7a3,2,ACCEPTED,Clean D40 pothole instance
rdd2022_india,India_001550.jpg,rdd_India_001550.jpg,train,f0dcb196b8923814c519b17094c05330,d23535c5d51fa9121b9afa10362f051cfb658c8e62713018927a410eb395dfb4,d994a66e4ac256b5,8,ACCEPTED,Clean D40 pothole instance
rdd2022_india,India_003980.jpg,rdd_India_003980.jpg,train,573fa73db7f2670016eaa58b3f373f7e,7158f42e6a8c18911e38bb03f3c3f0690a4e3b70cf2de3ef9726e02eadb9dc34,8184fccf2bc2e4e5,2,ACCEPTED,Clean D40 pothole instance
rdd2022_india,India_001181.jpg,rdd_India_001181.jpg,train,2598c9995017b10d4e1dc75c7580432c,d94c603b11311b12881a92e6faf5222c3762534028c3e4119f0551eb575db09f,9d8d33434f3e1057,2,ACCEPTED,Clean D40 pothole instance
rdd2022_india,India_007168.jpg,rdd_India_007168.jpg,train,e38c1f2856e493657ab10632299c4d00,2f16a89fd7844bbbe31747a8e8f8f29eb4c334165c7cf8e8e540c06064778e8f,80a82f94349fff16,2,ACCEPTED,Clean D40 pothole instance
rdd2022_india,India_001367.jpg,rdd_India_001367.jpg,train,c18a7f464ef3ef514b15e62baddf2e57,83a76caa4432361d25291796aa9c3c9c448378f98b117263f09f1d57506f84e2,85ab0b52eae95b32,5,ACCEPTED,Clean D40 pothole instance
rdd2022_india,India_009376.jpg,rdd_India_009376.jpg,train,7577fe4f2ca9a7cae74258adc08e1395,81fa5ce6ae75b6c915f1df887b54dd1cbc0c30705d826ced63c530333581b62a,8dbc33050d9ad15f,2,ACCEPTED,Clean D40 pothole instance
rdd2022_india,India_005294.jpg,rdd_India_005294.jpg,train,6bdd4c243666eaf7ba2e7a0147739993,bb3fa8c8992f3de91aa9931e61e0fba58cc98c77fb523eb58df480efe61f833b,8a82e5757d9eca03,2,ACCEPTED,Clean D40 pothole instance
rdd2022_india,India_003909.jpg,rdd_India_003909.jpg,train,6885d7e4e94b28e01f6a4e5e09526db3,cb9f5a70f9d294045cee10712840732a577692348662b21dcbd05f81ba0d234b,c99c36e649d3d2a4,2,ACCEPTED,Clean D40 pothole instance
rdd2022_india,India_008099.jpg,rdd_India_008099.jpg,train,9879dcf2407c43e0a74b0d499da228c9,d7d431d3e9ac2d061fdff7a9c1715382f180056fbf5ebd69c13ba441b8f002b2,d594e5cd3a81c5c5,1,ACCEPTED,Clean D40 pothole instance
rdd2022_india,India_005286.jpg,rdd_India_005286.jpg,train,a711271497d6d55cf7f39eac291db2fa,789a3ec345ad14ee9fdc13f4ca64009b3ab779ad9c30bb479088a7e48aa980d4,9a8dad5d4a82c575,2,ACCEPTED,Clean D40 pothole instance
rdd2022_india,India_005084.jpg,rdd_India_005084.jpg,train,70a409c1debd6feeb6594ac04ab4a6e0,bad225554f42fb16b7888d6ebd6bdad33085b23c9709e0fd1c6e96d572a8dda5,ce95f0600bbff070,1,ACCEPTED,Clean D40 pothole instance
rdd2022_india,India_006714.jpg,rdd_India_006714.jpg,train,1be3541340f0945a3e3e383381f7ef59,e2ffbc9567eec7480b93cf744d062104ebc039f6ccd67a55e4d9864dce686cec,91aa6e1a94e63b96,1,ACCEPTED,Clean D40 pothole instance
rdd2022_india,India_006004.jpg,rdd_India_006004.jpg,train,2c5a3db555d18220a01413ec42e6e01b,338806e19b957c4bb2e30da83040ab932b37864790fae8d7aee87c0ac510bc86,8daf20503ebfd252,1,ACCEPTED,Clean D40 pothole instance
rdd2022_india,India_006027.jpg,rdd_India_006027.jpg,train,a4fd967d5f69362dbc07c71cd3a1d91e,47c1ddede4bb36258839a5368b01019a38c257780e7d50920abc698c9526a959,d394b72529cbca32,1,ACCEPTED,Clean D40 pothole instance
rdd2022_india,India_008383.jpg,rdd_India_008383.jpg,train,6a03da8ce1d6b5b96bc81266d1818e33,a064bb7bab5c78d6cff62a43c8bdc4ed343b8aa3c6f96cb9be56bce7b749da1a,85b937161abd530b,1,ACCEPTED,Clean D40 pothole instance
rdd2022_india,India_008390.jpg,rdd_India_008390.jpg,train,20560a9495933d93d8950c6ec4cae88f,a12b5596a52679571ce9d2eac702ac33b62dd59567f45e60cb2906b73a6c4d1f,85a66659a5ee2a35,2,ACCEPTED,Clean D40 pothole instance
rdd2022_india,India_004865.jpg,rdd_India_004865.jpg,train,ee382328bfe2265963544b14559cede6,e6b825d3ebb806eca39e15a9a6d963d785f49f61c0460c835bde5f4816c13cac,ddc5f5b070183ec2,1,ACCEPTED,Clean D40 pothole instance
rdd2022_india,India_003886.jpg,rdd_India_003886.jpg,train,98781a0489faa806fec4f1da537ae8c0,e07add49c73d73c98ecb0ddbc48844e3b5af246e3d39afdd0e8754ade8cbbee3,dac095bf3c2145ea,3,ACCEPTED,Clean D40 pothole instance
rdd2022_india,India_007211.jpg,rdd_India_007211.jpg,train,1c6afb7d17170bb57c450627a5018d98,678974e90774aca76373cd166cafa1e8108d637dc8ed60dddc9f9a05860b87e2,9d9d32234196be69,2,ACCEPTED,Clean D40 pothole instance
rdd2022_india,India_000399.jpg,rdd_India_000399.jpg,train,5ed233a9c79555393c432dccad9b97e6,9887bad137d8ad3e1db22b35b9698489824feea6d81b7a2e56f076507e020ca6,9588b5aaf57a560a,2,ACCEPTED,Clean D40 pothole instance
rdd2022_india,India_006452.jpg,rdd_India_006452.jpg,train,57665b7a3b01f44146400ae08f858611,204a8d452e3de49b95c56eaee70ce5b00b91da6183f162674efe3a1990ea0f1d,92b2a6ad19f35658,1,ACCEPTED,Clean D40 pothole instance
rdd2022_india,India_004863.jpg,rdd_India_004863.jpg,train,d32e8649236471ea1c48d06f8b4d7043,5e33f612f04e559bc28f54f204283c8461c55c05cea787400a1c9c0c7bc272f3,969aaded1a538689,2,ACCEPTED,Clean D40 pothole instance
rdd2022_india,India_005122.jpg,rdd_India_005122.jpg,train,1bf45baaa29e28e051f0df0bc1955209,0bf16667e7745fb214fe38e6a529a9a205278057618bdfcb231c68af3590cac2,80ff7d5308a1734e,3,ACCEPTED,Clean D40 pothole instance
rdd2022_india,India_004430.jpg,rdd_India_004430.jpg,train,6d2e9b6df6f9b7ecc9942a41c0b5a617,6e33c8256b319870e57c25a735b453588ae37bce027e1000861ba33570232b7d,cdcde0301c0f1e7b,1,ACCEPTED,Clean D40 pothole instance
rdd2022_india,India_005698.jpg,rdd_India_005698.jpg,train,44c73593d93f96109b84df292ad47fcf,a541e16886e21ac7d2915010973a1904670d9980b884438575e9e87d87fefb09,92aacd1632d9ce36,1,ACCEPTED,Clean D40 pothole instance
rdd2022_india,India_007308.jpg,rdd_India_007308.jpg,train,6ee7b3e0e66f76ae226a10a6eb09c986,d902bb671a5b08ec60e823d024891a775ff579652b97389adadae6ae9a701411,c58b37461a5db549,4,ACCEPTED,Clean D40 pothole instance
rdd2022_india,India_000061.jpg,rdd_India_000061.jpg,train,d17b2539a460e584fa00a912aace5ec9,5bf3266871b1fd0bec2446a791d35a8e100d892f1ceae876c761906dffe7415f,89c7971709899773,2,ACCEPTED,Clean D40 pothole instance
rdd2022_india,India_001692.jpg,rdd_India_001692.jpg,train,195006dbec44adce7991dd5e26843ccf,61d6d35a135d3e4858258efc3294b02d8c0bfb278e86d1891227abd0fdb4167f,d494a3eb6b3a1c16,1,ACCEPTED,Clean D40 pothole instance
rdd2022_india,India_008116.jpg,rdd_India_008116.jpg,train,1580ffc7c8bc6d63a6d6ab333b8ea22b,fc2e0591ad25701a0813a51560b27a75615e976557e2a4c27bb15aed95b93ed1,c9c9bbb796002c7c,1,ACCEPTED,Clean D40 pothole instance
rdd2022_india,India_004263.jpg,rdd_India_004263.jpg,train,c15a28cc6827100da8b4bbcd242a0b9a,3bb868aea8dd0906689d337adc75573f40a864a959912a8cb886c26c74a58a89,8582f27c78b78e4a,2,ACCEPTED,Clean D40 pothole instance
rdd2022_india,India_008233.jpg,rdd_India_008233.jpg,train,1926298e3d01540f15e01dad85df199e,7d91efb71eb2b1ceb29aa93826b784e33503fbc705335fbb94af392af15040fe,958aba440efabd0e,6,ACCEPTED,Clean D40 pothole instance
rdd2022_india,India_006473.jpg,rdd_India_006473.jpg,train,5467e2b2c770bffe09e01f3a0b08cd7b,2da1465dd990735fe73b38a1d31f148684c6bcb901f99195935bb29c83097445,95aca7473998cd43,4,ACCEPTED,Clean D40 pothole instance
rdd2022_india,India_000168.jpg,rdd_India_000168.jpg,train,44d505b7ec2a4808467f967a7c391857,e676d5e59776ce04a9a910ee5101e36662b7a46bbbde808746648a113fb0c264,dd94a74b4a94a527,3,ACCEPTED,Clean D40 pothole instance
rdd2022_india,India_006595.jpg,rdd_India_006595.jpg,train,ffb2385b24b0d077aecef8ffcd49c0f0,05f52338582d1ba958d90dc33e31eb30de7228d38abcb8c38e089fddaa370780,c09ae7c57880e7f8,2,ACCEPTED,Clean D40 pothole instance
rdd2022_india,India_009679.jpg,rdd_India_009679.jpg,train,9314d7f1799e0a0ddcd2681f5a38b3f1,2d3c77041e84c803deaae2d577c51c75bc0fa6140e1c24037b1727bce30526c2,8781e0447ef83d1f,1,ACCEPTED,Clean D40 pothole instance
rdd2022_india,India_006555.jpg,rdd_India_006555.jpg,train,d119fca86506674cdc65df06ee1a695e,61e8aa52408924e2ba81b180d94a7576ae063d926f820957025a1f4a780ea7ce,d595e56932c2e82d,1,ACCEPTED,Clean D40 pothole instance
rdd2022_india,India_001815.jpg,rdd_India_001815.jpg,train,b101b1f7da8afd9d15e63da7c27b0b7e,e911188285b7acf1c9f434692491e6c3e1d649e45ffa66be7db9c9926fb41fed,9484e9f170e8b96e,1,ACCEPTED,Clean D40 pothole instance
rdd2022_india,India_008676.jpg,rdd_India_008676.jpg,train,04184d255c6da16733ab49353724374f,1bbd9604c04e4e7f4d40a4c8dcf743644b83cfc2da20ac4a66cbea8f207166f2,d9e8a6462939f2c6,2,ACCEPTED,Clean D40 pothole instance
rdd2022_india,India_004655.jpg,rdd_India_004655.jpg,train,fa0f69d34f8e5ebf862a4c3137c4d29c,7b0e3b72dfda43538cdb908f3b3c46b664232ed7d351aa9baa387a0fff343349,9c9cca6565ca9971,2,ACCEPTED,Clean D40 pothole instance
rdd2022_india,India_005014.jpg,rdd_India_005014.jpg,train,2f7ec39ae951d49d9c678e02a4250cd9,922dd51f388b21213d3b6801f7a69e78b008b4b7e689ee272b614ce53a5c5191,8080ee7e3d83c776,1,ACCEPTED,Clean D40 pothole instance
rdd2022_india,India_002978.jpg,rdd_India_002978.jpg,train,a9cc4041048237298ee5932c89e6bdbb,4df84beff2d36faaaca6e8d908349835b6cc9c6ec186074415ea3e08e086be99,c981767e3d8d4b12,1,ACCEPTED,Clean D40 pothole instance
rdd2022_india,India_001295.jpg,rdd_India_001295.jpg,train,4498f6bbe46c0d74d0c81bce9ae5498c,0e5c2e23f67890718d87c1684e130fd972e3a23cfdd27850515e5f064ed665fc,9883435c8ec77f34,2,ACCEPTED,Clean D40 pothole instance
rdd2022_india,India_006397.jpg,rdd_India_006397.jpg,train,c64b677b92c1f9b365d64778842ad3d3,a487d25567ee48d6147fe33f4651665c5425410ce3018bc385db6d9f645ca01d,85af0e5333c96c33,5,ACCEPTED,Clean D40 pothole instance
rdd2022_india,India_005053.jpg,rdd_India_005053.jpg,train,e7001b8acf735fa6e0930b3f74ae840f,7c366b4ecc270c01aaec611d63a578d500bc3a6dd050571ce3e1c1e75257aa7c,9888e7675b9aa42d,1,ACCEPTED,Clean D40 pothole instance
rdd2022_india,India_002497.jpg,rdd_India_002497.jpg,train,0f701b91cba75fcb92406d47c81fcc0c,7f72d7c1f2387b9c10cb4f18f3127e788a5a53b043b3c6afe9afa54533b52d3c,c8c992d7d2d27236,1,ACCEPTED,Clean D40 pothole instance
rdd2022_india,India_003883.jpg,rdd_India_003883.jpg,train,3445b50ce8ae23a2a15c25ac0bafe8eb,7a42c3e09635245a1e507b3143ca0a7a6550ff2ca315758af6e72aad35b7e3a1,d5cfae204a9dd530,1,ACCEPTED,Clean D40 pothole instance
rdd2022_india,India_007042.jpg,rdd_India_007042.jpg,train,e42fb1d27dc65e4d83ba9f9406a6856c,c17622b59996e3e45ff9f6ff95c8fe5f65975fdf23c01592efedc5d1cafbb204,878f98b8bc74a4a5,3,ACCEPTED,Clean D40 pothole instance
rdd2022_india,India_008673.jpg,rdd_India_008673.jpg,train,f8508b831f1088b9f711dd099cd50b47,cd04a17b2459d8f3199085040514b1747a72c87c6d0dd3577998df80e413d2f0,9c9cee671381ac6a,5,ACCEPTED,Clean D40 pothole instance
rdd2022_india,India_005569.jpg,rdd_India_005569.jpg,train,4609c75bac2b461d8efcaec9014df3dc,7f0ff4a625b2574eb5814d7a069c0bdfcef0b338bca6bae36fcdb817a1631ef7,df8c60331c80f779,1,ACCEPTED,Clean D40 pothole instance
rdd2022_india,India_003857.jpg,rdd_India_003857.jpg,train,3bd1b7119d163ba6851e93c71bd6abce,18f0e61a3548275e8de0473621a9bdb7ac9de9d3eb930d50bf7f11f46478192c,d595a26a68d3b2a5,5,ACCEPTED,Clean D40 pothole instance
rdd2022_india,India_004459.jpg,rdd_India_004459.jpg,train,43054bfbdc5ca5e57ace6905f3747fa3,e2947a4a5b7d5c1e9276eee7d20e29511fbcad1af832b5ce62d62ab963eccb89,8f8fa6f070f028bc,4,ACCEPTED,Clean D40 pothole instance
rdd2022_india,India_005801.jpg,rdd_India_005801.jpg,train,baf76d85c592b1461447d444788de94e,7b8ff9adcffbfaa3187d46532f6c121badd89c2bb6186197e0a844c075d33262,c9a93d4a61866bd5,1,ACCEPTED,Clean D40 pothole instance
rdd2022_india,India_008446.jpg,rdd_India_008446.jpg,train,17265dab89dcc1b9ac9a1ede5ddd6462,3932692d72e0ae730dec93bdf13bcaeaba18bf474f01fc2c13e55bd6f5a2d265,9d85ad85faeae060,1,ACCEPTED,Clean D40 pothole instance
rdd2022_india,India_001908.jpg,rdd_India_001908.jpg,train,14a55e9967721c1c6ea1fe6791da9506,9daa526ed0efd7bc691ae7df26c7e688713a6712c592601a587e215c9b9bb8b8,8f87e07bb3855c21,1,ACCEPTED,Clean D40 pothole instance
rdd2022_india,India_008022.jpg,rdd_India_008022.jpg,train,9f18f4a1b2939e032836078ae63ca725,1b5cb55fb66768001fa8ecac1ae4fa675cc0221f229f5164d607b8ccd55267d9,98ab2e5639b1c60f,4,ACCEPTED,Clean D40 pothole instance
rdd2022_india,India_009161.jpg,rdd_India_009161.jpg,train,a5112173697e55d8ab483c670284760f,5f7ea9da9472c18e01b4e7974951576cc7f1db95f36fbc6943171dccb297a5d6,95a637421be9d748,3,ACCEPTED,Clean D40 pothole instance
rdd2022_india,India_000131.jpg,rdd_India_000131.jpg,train,7c1af3e1c7cd96992f577a06153741d9,7a38fb50961b888b41170bfd83ef3c5ad106a446f13f94109bb1d3dabab28095,d196b6ad094bd2e4,1,ACCEPTED,Clean D40 pothole instance
rdd2022_india,India_003168.jpg,rdd_India_003168.jpg,train,bc5e2105aa11f188358788fbaed2a5df,eb2822d562c4e14f559abc6c32f10b98d4fff4f9ef9976e0af6be8143cf0a14b,98a4e7d718bc850f,2,ACCEPTED,Clean D40 pothole instance
rdd2022_india,India_009225.jpg,rdd_India_009225.jpg,train,f0bf14542cc6248678f10249ee141b13,6381a886c8fc9669bd4f7925878ca15c421fcaf116ea9f0249c1ca262aa87f3e,c595f54e4b07f2a0,5,ACCEPTED,Clean D40 pothole instance
rdd2022_india,India_003152.jpg,rdd_India_003152.jpg,train,1ed19cff562679afd6b0d0c3117ef511,dfa9c9d4fb093c14efec4e8e375b4119229a46e49c136e08ad4ed820478e3295,9080a7e72f5e5e4a,2,ACCEPTED,Clean D40 pothole instance
rdd2022_india,India_006148.jpg,rdd_India_006148.jpg,train,ae94592bcf0784e31a7a562bf771d5f4,568ec1110e3ac4f645046ec23576dac4cb4b21f5d81dd1bc07144bcf07491b15,89abe4d43b2994ce,1,ACCEPTED,Clean D40 pothole instance
rdd2022_india,India_002945.jpg,rdd_India_002945.jpg,train,e07d2a148881127769da0de26cce0aee,b200f53ec2614c5a98fbac0a1b180bf410675fec34737c00d9151b0a3ccb1b4e,97adae4a85e56a12,5,ACCEPTED,Clean D40 pothole instance
rdd2022_india,India_001767.jpg,rdd_India_001767.jpg,train,e9d8db38646c278c72bfbf76584f7051,2f88e982f2ec7a3177d9c946c15dfd9eb11f7afc182cad9050c1799aef1b5ffb,89a4466f83d7553a,1,ACCEPTED,Clean D40 pothole instance
rdd2022_india,India_006581.jpg,rdd_India_006581.jpg,train,d0d3982a693b33bbd98ef37c867869e5,42f3f757d74bdc69698090586b7557130ee449c536aaa330cf95def7329bcbe2,9180ae6a19d5d57b,1,ACCEPTED,Clean D40 pothole instance
rdd2022_india,India_003028.jpg,rdd_India_003028.jpg,train,ef6f4cb5e55eb40ac1be53788413c9b8,fa11bf97abeab4ac3285d37653c0eb97b213e339eebd3581ae17282bda74b3d4,8582ecd43eafc546,3,ACCEPTED,Clean D40 pothole instance
rdd2022_india,India_005022.jpg,rdd_India_005022.jpg,train,c9bab254174ab78061e4f601c95ba144,5b620f56b3ab31cb15957982b9f4739988d95c9f82cb03da71c25d5f807da48c,868fe3f8d0a0e0f9,4,ACCEPTED,Clean D40 pothole instance
rdd2022_india,India_001008.jpg,rdd_India_001008.jpg,train,e4ba5418909c0762cf33b68b4f4716a0,bf2bab862f234f6546fd7effc7cfb0dfb6a22bc56a5554b6ce24dbc1d33d10bc,80b57f8f3a8084fe,1,ACCEPTED,Clean D40 pothole instance
rdd2022_india,India_009391.jpg,rdd_India_009391.jpg,train,ab9cd1e04cf5a1d4a8151d764ec43897,244dcf0aaabee80a35a283ee8869cf960d3842085d9cbd3318befaa4e486e5e1,d1fc8c4ff9800cc7,2,ACCEPTED,Clean D40 pothole instance
rdd2022_india,India_002074.jpg,rdd_India_002074.jpg,train,a57ff937dacda9b43b8c25ee655e3f8a,097387bf25d3aed85dacea2594e3f0ef8ab3ec66972c7608280e50287beefe99,d897a34b4cd6a3a1,2,ACCEPTED,Clean D40 pothole instance
rdd2022_india,India_002154.jpg,rdd_India_002154.jpg,train,6de807c807aa6cf242dafa1481eae4a3,c38a8a5e1a9bcd3ce0b1a564dab24711734bddfe9739ff4b5bae252667dd127f,ccccf91908e0b37b,1,ACCEPTED,Clean D40 pothole instance
rdd2022_india,India_007735.jpg,rdd_India_007735.jpg,train,78dc965a662e333f5db7ddc98dfb81d3,dc94f938f3f2d45212577a8e9655e5483383c2317e39afefd8bb772a6675280a,d2def0606818d6b7,1,ACCEPTED,Clean D40 pothole instance
rdd2022_india,India_003057.jpg,rdd_India_003057.jpg,train,24a8830ed59415dbcf5212380a98d62d,4f6084fa906f389ad602e3bcdda6c542fa4e814a5747ab5140174ad6f56b64ee,878be0707994ae4f,2,ACCEPTED,Clean D40 pothole instance
rdd2022_india,India_001798.jpg,rdd_India_001798.jpg,train,bf3da489986cb5123ca27dd5cd6d8014,26d598c22ab762aa69f4b3910ca80a63d978ec2d967acc5ab1153a2570c56931,9999c4c8ccd7e2e8,1,ACCEPTED,Clean D40 pothole instance
rdd2022_india,India_005676.jpg,rdd_India_005676.jpg,train,d3d227aca79c464a0a09ffbcbe553f90,4ae7b98ce6414fcf1b32bdedac18c3341ad792f0489b8a57c4965bddb2becb68,90d4ef77318864b6,2,ACCEPTED,Clean D40 pothole instance
rdd2022_india,India_004882.jpg,rdd_India_004882.jpg,train,570fb55d978cb4c4f4b97c19d438c70c,3bdbd2457e2e488b24963c23f47ead234f43e29dfe44278071b0633d702e094e,d883633c1883bfda,1,ACCEPTED,Clean D40 pothole instance
rdd2022_india,India_004639.jpg,rdd_India_004639.jpg,train,9ff4e437a4bd05965e800c30281a6429,9094ebb2a14e298f068e6efc426045ecd679b4cf20549ff4ecef3c5b94990b62,949fef4816c7e128,4,ACCEPTED,Clean D40 pothole instance
rdd2022_india,India_003747.jpg,rdd_India_003747.jpg,train,2a1d2529563504b1dfae4aa3fe2c3a4e,01e3e68a346ef89073ee986ae0dc77db7917d34ab5df4554c601f8a2bd7af89e,80927f4f10ac4d7f,1,ACCEPTED,Clean D40 pothole instance
rdd2022_india,India_000759.jpg,rdd_India_000759.jpg,train,eb9694e97f6257b5ac6c3ad95cf8b154,eace5f0c240746905617bdae7f3281e776902eb37894b04183a716602213ebc0,cb8aa46d6b4062fe,1,ACCEPTED,Clean D40 pothole instance
rdd2022_india,India_004181.jpg,rdd_India_004181.jpg,train,3cba05188142ffdce40d0130f25f4082,a8dbb57a8dc3cfdf49d67115bb0a8faa5202c9ca65a82c8ed84df08c8e1e665d,86ad35570b95d24b,2,ACCEPTED,Clean D40 pothole instance
rdd2022_india,India_000669.jpg,rdd_India_000669.jpg,train,faca3bae7cc2a8cb10598b052d50c53c,a33c282534c65f7c34606a29971e1a191f33ed0279ddc02f42c2037d224b95b2,94ade3501efd4159,2,ACCEPTED,Clean D40 pothole instance
rdd2022_india,India_007579.jpg,rdd_India_007579.jpg,train,ff0b3bbf299fce63fb3fb6f9e96ec7a9,07d88033368664397d4b36d1662a75271b07c315981991564461356d52798e04,c8cadaba92123ef4,3,ACCEPTED,Clean D40 pothole instance
rdd2022_india,India_003864.jpg,rdd_India_003864.jpg,train,dac21c11cda9554c3a9b9c59d2450534,ed6aa2bcd81d75db1e9a5d5cab4ca08075403fec3e9d53f3310542c17d9d3bf4,8aaae5f43a2b95c4,2,ACCEPTED,Clean D40 pothole instance
rdd2022_india,India_002048.jpg,rdd_India_002048.jpg,train,ad39000a64d7600243a122236f9bd43c,6a79ed98d663431d2e0b244ec2fc4415ec45c92c218f3404fdaf92280a7c6b25,93a5ae5b4694790b,1,ACCEPTED,Clean D40 pothole instance
rdd2022_india,India_005856.jpg,rdd_India_005856.jpg,train,9e34bdbc4ce9d22e44b836ba3509fbdb,93403a8f92cc537623a682df8f73e505bf1db230cf93220fb4c30db662edbe16,8aa4e1743e84d77a,1,ACCEPTED,Clean D40 pothole instance
rdd2022_india,India_007071.jpg,rdd_India_007071.jpg,train,509bd2aab04ba26bf767cee104ac81d6,1669ecf350bb7f07838fafe10a88dee33509bb0b069088fc757934c0331d317d,81a0fc5f1bc5e869,6,ACCEPTED,Clean D40 pothole instance
rdd2022_india,India_001230.jpg,rdd_India_001230.jpg,train,cb5b0b6df2233468175f04b44d715b98,b7a0bba820833cb149002521c9d8117cbe7a0aae75080a35c04348fc98fe60e2,9fb2422c965f6781,4,ACCEPTED,Clean D40 pothole instance
rdd2022_india,India_005713.jpg,rdd_India_005713.jpg,train,71318c43986983fd72ab26b3a1549de1,42a2a3d3424e400941876e69b7e3ddd4936b27e5d30a7d8d9c9df13faeb9a7f0,c0c0db9b9fe0d23a,1,ACCEPTED,Clean D40 pothole instance
rdd2022_india,India_001141.jpg,rdd_India_001141.jpg,train,3a4f70af308584ffc681d8698ae35b56,5a5c67d4510dab67a882fffe125df82bf00c70b0cc9808cd3ae87b3ceac33c38,9495e9f12bc8c22f,3,ACCEPTED,Clean D40 pothole instance
rdd2022_india,India_008659.jpg,rdd_India_008659.jpg,train,23b4ffff89e3f19b88ddf87fa4bf8891,69287911bc705ba316a305229e564c7fe4e19c97f2269c2570e9bc453142afe2,84a7634339c56f35,3,ACCEPTED,Clean D40 pothole instance
rdd2022_india,India_003686.jpg,rdd_India_003686.jpg,train,bea4baac065be32ba8eb1677ced9a9d5,968099ddbf6ca9dbd046c36a7f3e6174fbac2512f69e9ef196bda48a11ccac5b,9996e663191cf661,1,ACCEPTED,Clean D40 pothole instance
rdd2022_india,India_002960.jpg,rdd_India_002960.jpg,train,91bded0df3db479bbc34186dff0fd114,8968e55e5398bd07588eca6cc3d66962cc0cf9949de0f6d7c75bed7f35b4f4d5,c5d8ba4ad5f0aa1a,2,ACCEPTED,Clean D40 pothole instance
rdd2022_india,India_009663.jpg,rdd_India_009663.jpg,train,c0e1dff648087d001dc0cc46e4f85931,885a82b224ab398f360f4931266a27cd965b4b367f6d245ef7cf05e82fb89f21,9c8ce3413cfc8373,2,ACCEPTED,Clean D40 pothole instance
rdd2022_india,India_000575.jpg,rdd_India_000575.jpg,train,8b5de1a230032bd5d6205c8d949fb7f8,6757b37317007b64c37201955c54cecc253913a6ef7d63ed6cbc31b751184015,9595a5705a0bafaa,2,ACCEPTED,Clean D40 pothole instance
rdd2022_india,India_006466.jpg,rdd_India_006466.jpg,train,c1d7c6bc3ee4ef2588122c15549bd9c2,8371b734b73fdc40db0713fee3adc20f6372bc72cc71009faba86984f9475ac8,9382ac7d53c2c4bd,3,ACCEPTED,Clean D40 pothole instance
rdd2022_india,India_004091.jpg,rdd_India_004091.jpg,train,90cef0b20adea1d22f784682416e3177,af60b1b7d5cd99d20d8cfa66ad5d28dbf087e004bf2606916e846c003a14b465,9595ee6a2ac2e46a,2,ACCEPTED,Clean D40 pothole instance
rdd2022_india,India_004980.jpg,rdd_India_004980.jpg,train,ff3072fcbf9f99093bedccec5b5a2007,ff63040e220bae5f838d9db82a15e0be35cbf4501ec4fe16fd0b32b3c3a173ed,c19ff0a32e2c4acb,3,ACCEPTED,Clean D40 pothole instance
rdd2022_india,India_004253.jpg,rdd_India_004253.jpg,train,38725b1444d8adb017b3c5fc2b5c47be,6ea7d4ce27e0c6946d702e97ff0eb8c8db475270cd13a0d93a5cd11f2e9f7c5d,808f524f29d4fe27,1,ACCEPTED,Clean D40 pothole instance
rdd2022_india,India_007981.jpg,rdd_India_007981.jpg,train,4a3a5ba173d137fb309e9f0b73a28ce7,777a57552fa54eed339ebe8c6994df764c0db22f231bf12d3bf3e4eec88a1e54,9199acec49d6966c,1,ACCEPTED,Clean D40 pothole instance
rdd2022_india,India_005280.jpg,rdd_India_005280.jpg,train,af58beb34c832cb06fe1df43d2adc38a,99659386e0aa6c56aa83df11a2d1af1e769a0c5dcb06ae236b7532e8ffb00e21,958b4a550ecee335,1,ACCEPTED,Clean D40 pothole instance
rdd2022_india,India_004365.jpg,rdd_India_004365.jpg,train,f4cfd23a7c30735174d21f173a23e779,c29ac4aac2577e107c3eff071d89e6d0616d54fec6b1ba0dae46e470c0256e0d,8389abf5775a0989,2,ACCEPTED,Clean D40 pothole instance
rdd2022_india,India_003318.jpg,rdd_India_003318.jpg,train,ee7cf4c57fca63075e2ef7ef20e8b8e5,8dae10eaa450e8ee3cc01f114bec8d321e18fe1d7c22d06fdd288c8cd3ff3ce4,9e8e8963723789c9,2,ACCEPTED,Clean D40 pothole instance
rdd2022_india,India_008523.jpg,rdd_India_008523.jpg,train,0ccaf56bb17d83c75a3bd1ff616e11a2,ca97617795f1b469eeca60b8c3a784c6217573329852e8b4bb2d9dcd806ac8a4,8caa6335ae9cf524,2,ACCEPTED,Clean D40 pothole instance
rdd2022_india,India_008227.jpg,rdd_India_008227.jpg,train,fc7e10a98ca6065ea607505e207e1d41,72db3ed7fa9de3cfab97ef4cb21b1f00a9243c7c131c5cd2d4aa9af0168c94a8,dc94b42d2bead234,1,ACCEPTED,Clean D40 pothole instance
rdd2022_india,India_001890.jpg,rdd_India_001890.jpg,train,9d792304fe593d03eb40b97982befd87,27ba0ce1ffeb52f428da8d103d76a9b01b30cf575d289faa6f625abe5ea0e641,c8c0cbbfbab8a191,1,ACCEPTED,Clean D40 pothole instance
rdd2022_india,India_005421.jpg,rdd_India_005421.jpg,train,2b5c5104be99df7d5bf537992f52d263,bc3a13afa83a08c5738f3da508a562d1ace487d85998bda8dd784e6c9d4ea682,97c5e8e8139f8562,2,ACCEPTED,Clean D40 pothole instance
rdd2022_india,India_001783.jpg,rdd_India_001783.jpg,train,9ababe8936925150e7acbf4b4ff8e128,35ba708ef61cdb3ca03c8a740d807be08d9f729be7418097a83fdbdf9fe5389c,918ae66f1986e378,3,ACCEPTED,Clean D40 pothole instance
rdd2022_india,India_000268.jpg,rdd_India_000268.jpg,train,de08929e90604f19551b47ffa7a04b0e,57db7da9da4f65156f60e2fd3795b7514d3789eacf1988bd096be444dc4e95de,92928cc8ccf7e363,1,ACCEPTED,Clean D40 pothole instance
rdd2022_india,India_007383.jpg,rdd_India_007383.jpg,train,258193e79d563f24f7e1f5ac5538af61,a765681677e40f9dafd99054065097268b67bc530c5d5004ac16af6c7ebfe54c,8387a7a56179d0da,1,ACCEPTED,Clean D40 pothole instance
rdd2022_india,India_006953.jpg,rdd_India_006953.jpg,train,b43c1431282f12713e5b9d5a50653c86,e9d67864b96ecf8f92bbb003b578efe68af619c333d22d0fdf0761b127562e17,d0d0a7bf6521289f,1,ACCEPTED,Clean D40 pothole instance
rdd2022_india,India_001236.jpg,rdd_India_001236.jpg,train,775b8d8341ecffe516d1dd99b262b3ca,404f37ff31f9776ca4bcb05bf5e22d71b7145007dce8aee2ed522688745a2721,d09dbd494ad4e523,3,ACCEPTED,Clean D40 pothole instance
rdd2022_india,India_005781.jpg,rdd_India_005781.jpg,train,b8205206a7228032da97bc03c834e8f3,3a8a50d0641e97c112cdc56412d97063e0dbe354926806da47980632b7cb7f2d,8e8d33ca1eabe158,11,ACCEPTED,Clean D40 pothole instance
rdd2022_india,India_008667.jpg,rdd_India_008667.jpg,train,89e4dbccaf3966e21cadb5232c4c537f,1e1df4518a139de78b134baf29d83718ce119621f0cac828c1b8816474fda4e8,81b2371ab1da2bb5,1,ACCEPTED,Clean D40 pothole instance
rdd2022_india,India_004294.jpg,rdd_India_004294.jpg,train,a3796eac4d9b4de9891200cece182e8d,5d468f1ce65a93fbdd2a24d2dbf4da0100b4674100ae513cd5807f5e9d9a517e,d597234a1cd54d3a,2,ACCEPTED,Clean D40 pothole instance
rdd2022_india,India_006622.jpg,rdd_India_006622.jpg,train,95c53a557a43fe19e7f99ea882db9a47,25354eca47eeedf223d92fe3a62b07e9b2ae21262a3ee16a9f565210d4d9d03c,98b9e4e5cf0a4666,2,ACCEPTED,Clean D40 pothole instance
rdd2022_india,India_009272.jpg,rdd_India_009272.jpg,train,25141dfeadd225bf038d3f0c4f0c784c,d59c792129d380c040b2e114ec26e6b231ab8ef1e9776a145119c32409256a76,c9c96abb92822ebc,1,ACCEPTED,Clean D40 pothole instance
rdd2022_india,India_007716.jpg,rdd_India_007716.jpg,train,9d5b0d69f7488305adfda71e8a068c11,343f071b3ae11064b2dc0c08e691b27b2dcc493ca6239bd3a60a7e9a9d3c1014,9d8ee6c03997c6e0,1,ACCEPTED,Clean D40 pothole instance
rdd2022_india,India_007734.jpg,rdd_India_007734.jpg,train,7667e483f4a8540d77fad67c65168684,01cc09e2c06ab4145318944bbb5eca4415b12fc878b777d8f78143cbc0b433ee,c8dbaf0668f81b25,3,ACCEPTED,Clean D40 pothole instance
rdd2022_india,India_001866.jpg,rdd_India_001866.jpg,train,872b47f0375ed247a8a98babb45f6f5a,7c841d7250000810de6a4999aeb879728d4f00ec73b04c2ff95a616374506acc,8387650bdfc2b8e1,2,ACCEPTED,Clean D40 pothole instance
rdd2022_india,India_005071.jpg,rdd_India_005071.jpg,train,c9278674d42e78fa0d65fe80437f08b2,3d5f1840a9087be9d114dd984d70761451872be75fc60db088b61cdd2940fcd1,8787e0e051b9aece,1,ACCEPTED,Clean D40 pothole instance
rdd2022_india,India_005005.jpg,rdd_India_005005.jpg,train,ed35c62f513f47f07542146eb0ddd64d,275dce962cee0c1ae6523976dc4fde2e47572348fd0d1ab234c7bb8c29b6f6a9,85a437361297fa0f,2,ACCEPTED,Clean D40 pothole instance
rdd2022_india,India_006316.jpg,rdd_India_006316.jpg,train,f51391b6f335e7a3d7dacf56d69b0050,ac7ce2a4e9c39db3029f4e6cce79371a28994bb29e99b644d7e3bf8bbc52b2d1,cc9e67c30acccc1b,1,ACCEPTED,Clean D40 pothole instance
rdd2022_india,India_004107.jpg,rdd_India_004107.jpg,train,28a417a94c42032d9afd7165dbf47591,83a5a7ff1626c2f0125d848144c1708c06d27d329026330148daa989d5191a79,af85837a70078fe8,1,ACCEPTED,Clean D40 pothole instance
rdd2022_india,India_000644.jpg,rdd_India_000644.jpg,train,1738db6ece409d3fcb41f5de37c60c3d,cccee77ea0920036e44beba1e4e41a406684e7bb615131fa25b3babaae484cad,dbd2f624348cd631,1,ACCEPTED,Clean D40 pothole instance
rdd2022_india,India_005436.jpg,rdd_India_005436.jpg,train,48200d8425c499410befeaace626c345,b35c5d3076b803bf973bbe0d7e843d88dffb47fef73eb3512562c31336997057,d2d294a525a5ede2,1,ACCEPTED,Clean D40 pothole instance
rdd2022_india,India_008134.jpg,rdd_India_008134.jpg,train,d58ebc27aed1f07d78926f93e621bc5a,e755f073c5f619433b070331e441fe76871ffb3b3312fba4b6319d96c0559c9e,8c87f3703cbc9343,2,ACCEPTED,Clean D40 pothole instance
rdd2022_india,India_005040.jpg,rdd_India_005040.jpg,train,fd41e6171f0b1e38af287fadc6b04417,357a28fdf1b31f982ddf3d3008f61891ee5b094dd5ffae4d404d073416e900e0,8180e07a1ddde76b,2,ACCEPTED,Clean D40 pothole instance
rdd2022_india,India_003011.jpg,rdd_India_003011.jpg,train,6c6171cfa9a31c1614271315b60c6363,34e2caa2e456157907a780f3337c7cfe94afac45a812955f639540a0390b7105,88854b4778b357b9,1,ACCEPTED,Clean D40 pothole instance
rdd2022_india,India_002341.jpg,rdd_India_002341.jpg,train,29fbe28a22a6b4dd6aecd858c873f94e,e4a118023c86875c560058146fb331c7544de0ac3aef94263af72d57475031b8,c5c5c59db5b1b112,3,ACCEPTED,Clean D40 pothole instance
rdd2022_india,India_004136.jpg,rdd_India_004136.jpg,train,c5f1a846a8ec10a8c6750ef5c4590e7e,a6d7b2722e570a28230e71f3b75f477b90970cb79198eeb5a1c818634b68f5a0,90a7365231d7ce39,1,ACCEPTED,Clean D40 pothole instance
rdd2022_india,India_006095.jpg,rdd_India_006095.jpg,train,c6ebbb64c5791240171c4da521e95ae4,ae5272f87af6612ad3307798fa3fe70a498e4977132827cf3b4d57efe21b0e8e,cccde3727c0c068f,2,ACCEPTED,Clean D40 pothole instance
rdd2022_india,India_004928.jpg,rdd_India_004928.jpg,train,02b17e58071825122ae7923e4acf1ed9,2540f87daee3c0a03d04a199c39bab60b885e47dd263af5c03aaf5f8bf042872,95ada64a39d4ca69,2,ACCEPTED,Clean D40 pothole instance
rdd2022_india,India_007204.jpg,rdd_India_007204.jpg,train,1f40462d862751705b5cf3a3ee87cadf,e42c7ac2837a805de7bfab320e9e048b7f93e18e49aae896b3a804285ec0e7fc,d595a5686ad256a5,3,ACCEPTED,Clean D40 pothole instance
rdd2022_india,India_004298.jpg,rdd_India_004298.jpg,train,2e1be44963ab735108ec032d38d5df94,753ea71aee2e4ced8fa0e2a33d9ebb60cc73d6a86efdbb3be1ef26465c231ee3,cd837ece41dca650,1,ACCEPTED,Clean D40 pothole instance
rdd2022_india,India_004449.jpg,rdd_India_004449.jpg,train,fc7dff13e6a4b061303defa3cc81463c,08f7f052f926e8f1e0cb68d422734fa68dfbf8076a032f56b5ebec208a57a863,d2d2cc5c3a86a5ad,3,ACCEPTED,Clean D40 pothole instance
rdd2022_india,India_008694.jpg,rdd_India_008694.jpg,train,dd41544b3d8fff1c7a9c98b1a007759a,af67f22d0262141152889d5219f934616319c577b1e0b6f46d6e2a34c1694a8d,9695b9430cbd7313,6,ACCEPTED,Clean D40 pothole instance
rdd2022_india,India_007153.jpg,rdd_India_007153.jpg,train,1b30890841de2d260fa02e88d6670983,cdd0456cfce96f675462aa2a38f0f4b693bbba5a90a3b8d5cee2b94ab4094e33,8996534b30937f95,1,ACCEPTED,Clean D40 pothole instance
rdd2022_india,India_005895.jpg,rdd_India_005895.jpg,train,2a7c7d8e09ffb6bbd56f4ca1b986c1fb,941edf1d363ff8cbd121ce9d5d876819e88e84059b84479bf845709786d6a70b,b983ac76434ea8b3,1,ACCEPTED,Clean D40 pothole instance
rdd2022_india,India_001820.jpg,rdd_India_001820.jpg,train,b46333887a3da788339575e3e56ac71d,ee5986a0af5b7c5b249bbab7a45c30383aa5dd0a2cd1fe28c1acddd7e480247c,9c88e3c6c6f1e1e2,3,ACCEPTED,Clean D40 pothole instance
rdd2022_india,India_006474.jpg,rdd_India_006474.jpg,train,ed9077f05f689289ea0a64b405f41260,179c89760f56d510f22a09b5ca616534cf5f92704be3eb1194f79b2102b6fc71,95ab255439b5d6c2,1,ACCEPTED,Clean D40 pothole instance
rdd2022_india,India_003835.jpg,rdd_India_003835.jpg,train,4e9bc3986b98265a7c2299891fc7b7ac,f221cc94b5511f57c15672badb0ba524f9993794f777a0fbc738b6df5e626a7c,9191ac4c5dffac0c,1,ACCEPTED,Clean D40 pothole instance
rdd2022_india,India_008154.jpg,rdd_India_008154.jpg,train,291955f889d7728cd764408f55ec1b86,1a44eac0b358a152824371b84665cb0ee97db7b5223bdc6ed34124c2edadf672,9c9d49666624c9db,3,ACCEPTED,Clean D40 pothole instance
rdd2022_india,India_008224.jpg,rdd_India_008224.jpg,train,709751aa277c734985681a6fd5fb9e49,b819afd70afeb8b1f159940a3b13823170dc48e976940600daf876c752df0f03,d595b5ad0a4ad2a5,4,ACCEPTED,Clean D40 pothole instance
rdd2022_india,India_003365.jpg,rdd_India_003365.jpg,train,e9c6dbbb5eab2505e9d0fb4e74bd76bc,479cb99d0509266a80cc159e2f3808e0459e5651b2e9c1ec287963d569a986b3,c9c19b97d2023f74,3,ACCEPTED,Clean D40 pothole instance
rdd2022_india,India_006677.jpg,rdd_India_006677.jpg,train,8db9026f6a63c4c6dd5db84451577f31,48ea7ca1940f48aaeb1538a1b9838d80ab096780e00778ad82403676915c8e8c,9998c6c6ecc5d2e2,1,ACCEPTED,Clean D40 pothole instance
rdd2022_india,India_004387.jpg,rdd_India_004387.jpg,train,240fa6c02600a34d2b43ce4db5fa8970,e33dac46286ad74648d48ab9d3d78d625490b002bfb5aa6c2d08556462977531,d4fb611d16c43536,1,ACCEPTED,Clean D40 pothole instance
rdd2022_india,India_005472.jpg,rdd_India_005472.jpg,train,bfbca89521000379f778661013d0bd7a,e150b86170d2e1336dff18017dcfe7f9203644e2e893d556de07efe31c26cb11,9333b0c96bd2d625,2,ACCEPTED,Clean D40 pothole instance
rdd2022_india,India_008991.jpg,rdd_India_008991.jpg,train,6d8613140779617179ed9cef2920567a,1322052410c2a375a5878d219d4d1b3448859e8949d1e05eee5002534a499406,909024efcffb22b4,1,ACCEPTED,Clean D40 pothole instance
rdd2022_india,India_000931.jpg,rdd_India_000931.jpg,train,1af43725b394eb2be013e9035fdbc80b,d0a297faf194314913f72384b5cc813bc2b109eac7a1bb4225270af4aa21ec87,8f8f9e98206153db,1,ACCEPTED,Clean D40 pothole instance
rdd2022_india,India_001689.jpg,rdd_India_001689.jpg,train,ab8e9a1712d380413866c78fe73e69c7,97263c071ff81d12a39ce1a3dc788d347ea839d22a1805d0a335faa4d5820546,868787b7b1636a68,2,ACCEPTED,Clean D40 pothole instance
rdd2022_india,India_006691.jpg,rdd_India_006691.jpg,train,70f3ee37bfd13528d6a869b5f329125b,9ed41c90b5cf112f690e2a1effcc62e4b8fa76e3d55a30be7594c5136fd949fa,dacaa71564a885db,4,ACCEPTED,Clean D40 pothole instance
rdd2022_india,India_002371.jpg,rdd_India_002371.jpg,train,69bf35bc7968faf2331f69f90640fc5c,4a579b39255daa95af9892b6b486a4a507fa90eb179081a592ad25b30332062b,9b96a6e96971f090,1,ACCEPTED,Clean D40 pothole instance
rdd2022_india,India_005044.jpg,rdd_India_005044.jpg,train,bc59b5e1578cbbbc26c7138185427dc2,799a6d78a7dddcc4977f6364f87137a5fc36d150915c9929d04c004a9c6b3011,d2929abf290d4ada,2,ACCEPTED,Clean D40 pothole instance
rdd2022_india,India_001786.jpg,rdd_India_001786.jpg,train,1c8fbf3997e24d7c1be1477c9611224e,01b5e78d663aa04a63338bba34777bcb69b5653e7dc98117ca905300cb4b5652,93b3276c4c92a765,1,ACCEPTED,Clean D40 pothole instance
rdd2022_india,India_007537.jpg,rdd_India_007537.jpg,train,32224adf05a44a2eca4ef20702d16cf1,919e7c06d92a6dc6f94c642f8a3b8bc920890bb65752dc5bc1f2a16b248eadbb,c88bb4646b3b8ee4,1,ACCEPTED,Clean D40 pothole instance
rdd2022_india,India_006103.jpg,rdd_India_006103.jpg,train,2fb4914234ccfd8cb178ff67bfdd4725,21946608fcc7432ff2892f0d5a9f29567b9b5ad74dd2714fd53361b759cf80a6,93aaaccd16329ccb,4,ACCEPTED,Clean D40 pothole instance
rdd2022_india,India_009129.jpg,rdd_India_009129.jpg,train,2d255d0044ca161b55e5393bb2c39c44,23018cd408eb0111c97c6cbd62736a58bdb2e37cb87e65c490430379d43d5ad0,c7e0b89f35a4464e,3,ACCEPTED,Clean D40 pothole instance
rdd2022_india,India_006305.jpg,rdd_India_006305.jpg,train,10c8143f5e4d6f6ba09d530958fdf171,f077e29b8ae18decb5fc30ab226153f6a02f2a2e9bf16dbec098531af4b80c32,d49fefe130100d3e,1,ACCEPTED,Clean D40 pothole instance
rdd2022_india,India_006388.jpg,rdd_India_006388.jpg,train,62e7aaaed137e5ef10be521d52d0ffa1,baa1ec228f2e80b9d4967408b24c33cae6ba28351a60020c966cac58e6224997,9196e65b9986645b,1,ACCEPTED,Clean D40 pothole instance
rdd2022_india,India_005473.jpg,rdd_India_005473.jpg,train,f940dc60650f79ade729b4e30372e0d5,2dcd2874d6515b0a04b4c31dca90abcb5735753842a008817b37449c5d80eee0,d8d2f7373c848331,3,ACCEPTED,Clean D40 pothole instance
rdd2022_india,India_003426.jpg,rdd_India_003426.jpg,train,e519fcc091d4f297882dea068498cd78,5ffff5a4450108a3c00df9b3096ef06ce6b75b811ce98639e7dc7d591293d4b9,8181f6799f876338,1,ACCEPTED,Clean D40 pothole instance
rdd2022_india,India_006699.jpg,rdd_India_006699.jpg,train,e2c75f33b37c38c9f1498e8295ac0ac8,83ffeb19c5f9569d4b2b23c61bd6ea5d83ae3a6bd92cb9307679d6cefa2e5b55,c1c9c133bfbd8191,2,ACCEPTED,Clean D40 pothole instance
rdd2022_india,India_003722.jpg,rdd_India_003722.jpg,train,c1167f61b2376826113b2845f08f19c4,3e468342fab47645df05e1aba1d9545a065e4b9dec49ed4d418137ce6e46f788,d495adaa5ad4c50d,1,ACCEPTED,Clean D40 pothole instance
rdd2022_india,India_007630.jpg,rdd_India_007630.jpg,train,6a4e8049ba2721c137b5920541a7a0dc,dc7d3999fb2d85812a50bb83d5e3060e6d942cced626be8b3dacee5573535ee4,87af0c1773c94c33,4,ACCEPTED,Clean D40 pothole instance
rdd2022_india,India_001888.jpg,rdd_India_001888.jpg,train,5462734e3a08d50247ce36fcfcbee3ef,d9166eeac67cd437af642e1a41a3503fd905f0890f70fd489faa66583fb2957b,9dafe0591bc66039,5,ACCEPTED,Clean D40 pothole instance
rdd2022_india,India_001466.jpg,rdd_India_001466.jpg,train,0b47f6ad4d966875c30339f5a179583a,4b9f7f1c2540373fc5ad6fcda0309b0aafd500714f35ade202a7057e8e35fd9b,8eaa68712f8ef5a0,2,ACCEPTED,Clean D40 pothole instance
rdd2022_india,India_009813.jpg,rdd_India_009813.jpg,train,239344fd9b9058f2753c3407251ac5f1,e03578b91368beb6417ba4b29cb29c02b595e9fc2b12b590e4dec7ba2e92ed21,d595574308aae727,1,ACCEPTED,Clean D40 pothole instance
rdd2022_india,India_001419.jpg,rdd_India_001419.jpg,train,2cdadf5bbea6fe7219f713c4fa7c965e,e75d8c4bbcd485243c2297bd0987c799b7b3cba029b115a9cef9f6cc43a05d59,9c9cfd570ae4a431,1,ACCEPTED,Clean D40 pothole instance
rdd2022_india,India_008279.jpg,rdd_India_008279.jpg,train,6e5240c5bfcdf630c0d9b0e1808b5dad,5a9231906fde2211ad82eef2a8169f756dd360496d99e0aa3149930629022f01,93a1ac5b4684f92f,1,ACCEPTED,Clean D40 pothole instance
rdd2022_india,India_008915.jpg,rdd_India_008915.jpg,train,e99f77ba93a46e73a657f94b9af3c9c8,ab665b875323924e9ad5109a9eb3dbf797b9073e9b23176b2894dd2801ab6b0f,9ebc38580cbc687e,1,ACCEPTED,Clean D40 pothole instance
rdd2022_india,India_005402.jpg,rdd_India_005402.jpg,train,40d018c29c16f6f05b35f70911bbba21,a858bb4539ecbb09b43b5816c598a86afb6ff923374d211af77cdced69f26dcb,da9aa4252d49dad6,1,ACCEPTED,Clean D40 pothole instance
rdd2022_india,India_007329.jpg,rdd_India_007329.jpg,train,de40463422d8745507276d43314d3aae,2d03de9eb7e03dbd2574d2e77d0df3839d7e02d91a6129374b70ef939aece193,87a4c8c96737760e,2,ACCEPTED,Clean D40 pothole instance
rdd2022_india,India_009656.jpg,rdd_India_009656.jpg,train,126a27b01ea8d59a1058a8bd85c3e754,7926b0788ae4d990e04044053213ba055c64b7a519c3b3721ba83a5cd59ebc25,959caec71b3994c2,2,ACCEPTED,Clean D40 pothole instance
rdd2022_india,India_007321.jpg,rdd_India_007321.jpg,train,bd8654ce776b2d3fa06eda5f1abdb1d4,49a8e7dbfed71c186d777d0c24c6e9bd2f91fa76397c66ff5c973f4f306cfdab,9285e573529c2c3f,1,ACCEPTED,Clean D40 pothole instance
rdd2022_india,India_003987.jpg,rdd_India_003987.jpg,train,6eaf569354aa7cce34948e07bc4c1bf1,240197b867a46cda021866454efeae3a1b32f7d49da167f1edf3d17eb283f0ef,8180e6f479bded82,1,ACCEPTED,Clean D40 pothole instance
rdd2022_india,India_001923.jpg,rdd_India_001923.jpg,train,0b40fd53a90c6732b64b72f86104a79e,d88068091f60289f49a4ef41fdcd1d93f9c7333529afee01580bc2942f732e9a,9495e5e5f2aa8c64,1,ACCEPTED,Clean D40 pothole instance
rdd2022_india,India_003013.jpg,rdd_India_003013.jpg,train,ae60faf6dac0e6b0ea4457a0b3516e49,aac5b1fe6c7926718e383fd7766b9070fea65f7bcf1b48cd855ef87b74f79181,81a7a4f47b038dea,8,ACCEPTED,Clean D40 pothole instance
rdd2022_india,India_000470.jpg,rdd_India_000470.jpg,train,0206e947b0d7c00cb02c5cb9997995ab,0749c9e5c4f74d72ff596828fec6990dc02e440174f4ec7df51d43e027f09789,9daea3c1198d9f60,7,ACCEPTED,Clean D40 pothole instance
rdd2022_india,India_001503.jpg,rdd_India_001503.jpg,train,93e538ba623d15d595cb1290eb83b3f6,3aa169079dbb8720a68ed566ff435bccf7cac1b9bf73a10888490790c6b0dc69,9884e7421cbff30b,2,ACCEPTED,Clean D40 pothole instance
rdd2022_india,India_006433.jpg,rdd_India_006433.jpg,train,1b12b76600489b24b312eb21aba4cca2,3a6d4627301a66e972c1cf2324d57ad3e492e6baff836a9ce86a45f958170603,97a5e85217e9e819,7,ACCEPTED,Clean D40 pothole instance
rdd2022_india,India_005762.jpg,rdd_India_005762.jpg,train,ea76b34f30efc0715f998457ef0f7095,df74c11ecd31c4f9819e646a0e42af19ffeabefe6c3e6a083f721bad9d3526d8,9c870f78619f7813,1,ACCEPTED,Clean D40 pothole instance
rdd2022_india,India_003696.jpg,rdd_India_003696.jpg,train,0b3fb46387408c9d1f7769fc4662d4e8,48fc3cd732bd3bcb591c2de463c07d1fdb385ecc3f1e39063858a7c962c808ff,d395b4a80b0bd6e6,1,ACCEPTED,Clean D40 pothole instance
rdd2022_india,India_001604.jpg,rdd_India_001604.jpg,train,039108ed60de4c51be68bde78a06ff24,3cba95ed2cbc7022e2b58947f44a07425a67946af9fda0a8271f8b5a7251c2de,93b1c4c9b1c7e1d1,2,ACCEPTED,Clean D40 pothole instance
rdd2022_india,India_007299.jpg,rdd_India_007299.jpg,train,1926639552f3d7720d273830895d2180,5f71d63e6c572cb1ebff829ad6e96930be7ee816663f564d51e50f00903e2d85,9c8e71e17db808ea,3,ACCEPTED,Clean D40 pothole instance
rdd2022_india,India_003362.jpg,rdd_India_003362.jpg,train,a3a09d4ade2b3732fd6ef41f541bcf58,46d0e615e89d78830f35dd402bc35b31366a3d0304014835555d28953ca58e56,83973a844d57e2ec,4,ACCEPTED,Clean D40 pothole instance
rdd2022_india,India_002562.jpg,rdd_India_002562.jpg,train,c7acef3ea788c0d2f778bf1903dc3805,aa0f487be7778d3e6269b29bd0eace130eafd29db72d12d1759c3b80afbb5074,8491fb466db91a9a,5,ACCEPTED,Clean D40 pothole instance
rdd2022_india,India_008499.jpg,rdd_India_008499.jpg,train,3685f922305d8365ae0a8f347157734c,aa27791d028532dca3c4b097bc56c2723160b847e485d8e303014b44b6088493,c5b45ac9a4d6d9a1,1,ACCEPTED,Clean D40 pothole instance
rdd2022_india,India_007861.jpg,rdd_India_007861.jpg,train,7e081b99f59c62ea4aacb24277b7c66b,9976535e4e67bfc7b65f9925bcceaf4d218c9494dd0872072e853f8c2124a9cd,c7afa84c13c5d86a,2,ACCEPTED,Clean D40 pothole instance
rdd2022_india,India_006593.jpg,rdd_India_006593.jpg,train,5910adde4fab01a8387c9f46217cc131,acaf6617cf4a2b790e910e64de6871cc97b110469b3567b889aa892ceaa6e7f4,8181e7471fbc6a39,1,ACCEPTED,Clean D40 pothole instance
rdd2022_india,India_004695.jpg,rdd_India_004695.jpg,train,7a94de343f315f959a4101ea5e810f53,210cf95cd387dfc60d572fce3550ec69db5ac4388b42c8f241b9bfcafe530222,d197a50c0bd2f6a5,1,ACCEPTED,Clean D40 pothole instance
rdd2022_india,India_006847.jpg,rdd_India_006847.jpg,train,e6b5a730b488c015a370318c4c04fd09,71ec40f1989890bff88a0aaad413ff7cacaf13610b3973140678d12f20ee51f7,9d9ef66078499626,1,ACCEPTED,Clean D40 pothole instance
rdd2022_india,India_002331.jpg,rdd_India_002331.jpg,train,0154aa54b579d5fe970cdfec0569435b,35909659cced519d0a67d025d2afa270aed8ee9a49a59b7739766d2c38461ec6,d594adaf2b3a2a82,2,ACCEPTED,Clean D40 pothole instance
rdd2022_india,India_008597.jpg,rdd_India_008597.jpg,train,047d8c08e84c7acb54fff72ef5b96ab8,2b5dc9e4eeb862ec05e53d5f7309fabfbf2e1db0c53325842692ba11768f88a1,d4ccc889ecdeb8d0,7,ACCEPTED,Clean D40 pothole instance
rdd2022_india,India_005455.jpg,rdd_India_005455.jpg,train,2ae6d1e78e1ae6e7bb1cd5944bf6c8d0,3e9a167bbbc73a61d260a1b57b893ed352e60772a7e4c1527fcb3f383d72117d,918feecc0d039aec,3,ACCEPTED,Clean D40 pothole instance
rdd2022_india,India_006167.jpg,rdd_India_006167.jpg,train,c89623b2ed90c30c62bb4a23f1bcae3e,16a3aedd5751633c2d768b411fb895a9e52baf83fbae8ca6e8e02bfc30733903,95aee74939c46a29,1,ACCEPTED,Clean D40 pothole instance
rdd2022_india,India_007198.jpg,rdd_India_007198.jpg,train,d2a58aac0bee81956a9b0e29542149df,05a837ede9ce6a14625042f1a5d495e7146d5d42b7f472d8193833dc32c0085a,c4ecec434f1d7581,1,ACCEPTED,Clean D40 pothole instance
rdd2022_india,India_000027.jpg,rdd_India_000027.jpg,train,48e242afc18221df1ecb3eb751e6689f,b5ba3a4313bf577a6c019e7d2279bb3b3e16c110bffed340caa161d7592c35c8,8c80f3612cbe9f4b,5,ACCEPTED,Clean D40 pothole instance
rdd2022_india,India_006767.jpg,rdd_India_006767.jpg,train,3ad0a59db46afddbd11d7de198ef47ee,d9f320d684a5feca12224f4f5b4d910970c4309700d4254e5a291f02d1cacbb5,9c8ce2e559dad885,3,ACCEPTED,Clean D40 pothole instance
rdd2022_india,India_005343.jpg,rdd_India_005343.jpg,train,214c0d0b6c37601ca0799c95f1fb9deb,abe1e6b9bb4bc9f206620751226ea30dd5e5915e38a865fa37ca7fe0247d5780,94a630d61b97d64b,2,ACCEPTED,Clean D40 pothole instance
rdd2022_india,India_001453.jpg,rdd_India_001453.jpg,train,1ffdc093777f8a4dd6ab77cfc03c1b98,e6e41e6c64b19c360a875d3ffbd7b020333f2e7ab93fe35841f6776d4c54f56c,da9cac4d5acae885,1,ACCEPTED,Clean D40 pothole instance
rdd2022_india,India_004176.jpg,rdd_India_004176.jpg,train,b22785213968d206997a7348ef60adc7,17dda499a44be25554f1b60f5a94856d77e206ceefb279e77802ab68913cdd69,99b9eccc4983a66a,2,ACCEPTED,Clean D40 pothole instance
rdd2022_india,India_009725.jpg,rdd_India_009725.jpg,train,fecf764d1146c8bd09d6e842bd41dadb,ef06b9d415d86095f1c8c39aabc9b1025108216ce94fe55199d26cc270e04a6a,d995b4144d49daea,2,ACCEPTED,Clean D40 pothole instance
rdd2022_india,India_004047.jpg,rdd_India_004047.jpg,train,bbf6db35c7e0df0bca1e739135817235,96618c603dbd7330a294f0f4f25018a2d4b2cae1fbe4dec8a3200b70d0222632,898ba29650aded7c,7,ACCEPTED,Clean D40 pothole instance
rdd2022_india,India_001126.jpg,rdd_India_001126.jpg,train,46deb6d696492fdda6958ad7d3fc8dc5,454fc220b2dfe357bc2614beaa0d384a1fe276dd92715a597c4b82a5b9934309,d094b4fd4a8a46e7,3,ACCEPTED,Clean D40 pothole instance
rdd2022_india,India_009756.jpg,rdd_India_009756.jpg,train,8b8f961c44d504eba5e89a9396901c13,879a4873f2ecd04ad9decedfe7261d82488be15edd87c0a7a06593f53cab006d,d3c7e579b8944e20,1,ACCEPTED,Clean D40 pothole instance
rdd2022_india,India_000579.jpg,rdd_India_000579.jpg,train,15b745bfa57db3d815344eacea06c980,873e7de1463494a113895c7f6c2eeac970359a247785d99762a53cd2c4ba6ebf,d595a4ad6bcac246,2,ACCEPTED,Clean D40 pothole instance
rdd2022_india,India_007309.jpg,rdd_India_007309.jpg,train,21291eecf580d93962c2653562c50930,ffcc22bde59bfb175a7f6d04faeee5740b9ea954d91c225ac0d53cb9e8105231,d8d8b2b2320c2dfd,3,ACCEPTED,Clean D40 pothole instance
rdd2022_india,India_008465.jpg,rdd_India_008465.jpg,train,71f477c02e4ba8085c71b5e6b14a4439,f3201648a46f756044434a5a822341c7f8535e79db0e43c4b59ff90b87d2a0a7,d49529625ed1352f,1,ACCEPTED,Clean D40 pothole instance
rdd2022_india,India_008157.jpg,rdd_India_008157.jpg,train,47672373ac6abf6b9d450cec8b656b52,6dc729d3629c25dbd6355df37d3ecb2395ced84dcc2eca1a847b8fa02c474112,8c8ef0e138bc7e0e,3,ACCEPTED,Clean D40 pothole instance
rdd2022_india,India_006544.jpg,rdd_India_006544.jpg,train,7daaaf168f31cf559d3b1c776642ff09,7c3c28de074ddbed1df3cd4704b130e43db1c870ca85d23c525d0ec49175e506,82af2f94349b5f12,2,ACCEPTED,Clean D40 pothole instance
rdd2022_india,India_005445.jpg,rdd_India_005445.jpg,train,dab58e23a6f7f790f1a33fe01662011d,cddcf6dc53bdb8f3dbe0396c5d4cdb88994cd59eb50cd16d6d17f1e4b0960806,8581e87c14cf6e7a,2,ACCEPTED,Clean D40 pothole instance
rdd2022_india,India_004278.jpg,rdd_India_004278.jpg,train,6a731e34c06d01db5eea82016ac6f5d9,b35099d5ba5440f882f1058f839e07d2e2bdb8a78421491b903ef8cae0cb4fc9,84a7b74f0a81f34b,2,ACCEPTED,Clean D40 pothole instance
rdd2022_india,India_001969.jpg,rdd_India_001969.jpg,train,ae5ae4ee5ec06171d542a7b49827086e,80959f780d06bf6bcb5debce878b9f8722d5e6b3a37016047d309497474037b3,8180e2e23d785bef,1,ACCEPTED,Clean D40 pothole instance
rdd2022_india,India_001271.jpg,rdd_India_001271.jpg,train,d2cccfb54d771cc7f6106d5caf74f178,ef35895d1e1b2cc3b65ea51c91f9c6f67e7f2f598be830ea4924b8bbf3a586f4,98a7e7d01a8de549,1,ACCEPTED,Clean D40 pothole instance
rdd2022_india,India_004132.jpg,rdd_India_004132.jpg,train,2d55a7dadeb19569bcd441e72b01aa56,1e95f7b8f29c30eee355a54378963864479f3349dbf006df67c7ba1dff5837f4,9c9cbbe3c34650d1,2,ACCEPTED,Clean D40 pothole instance
rdd2022_india,India_004312.jpg,rdd_India_004312.jpg,train,a72f33eaf91fe6a08f3ccbd30e39d508,fa86dec1d3a5ea9916754461e5650b2d56b0076f71f985a20a9ed6ba4d9c5cab,c5cfb8902a2e6e4d,1,ACCEPTED,Clean D40 pothole instance
rdd2022_india,India_008339.jpg,rdd_India_008339.jpg,train,ba2d248f282a3362a4730b943a020259,361535989b2aa944f09eed73b3ba118e2c46d9819f041d1c0f498777e4044d25,90ddee6e3e9109c8,1,ACCEPTED,Clean D40 pothole instance
rdd2022_india,India_004485.jpg,rdd_India_004485.jpg,train,850b8e3d8a4c166ee0f5f7ecd396f730,795dcb0d99ee902deb5fe6345b39cbc3f52c2b709237835c32a71974daf44e80,8aaa2dd53aa395d2,2,ACCEPTED,Clean D40 pothole instance
rdd2022_india,India_008188.jpg,rdd_India_008188.jpg,train,f765697d24306864de31c8393d77060a,4f87c2b781515ba444d4bbcb5b70e8351eec8c0b8a3a37899b7a2c8c17b05835,94a7774b0dc46275,1,ACCEPTED,Clean D40 pothole instance
rdd2022_india,India_001145.jpg,rdd_India_001145.jpg,train,7a8d7afd946a4458a7e08acf9a21ecdd,6cb6ed44456e7eb8e8f826975e776a0831e122eb0ce8fca17521098596147b2b,d5c8c5ced598d191,7,ACCEPTED,Clean D40 pothole instance
rdd2022_india,India_008458.jpg,rdd_India_008458.jpg,train,fa40f6bb641ba8378ea74f8bcebf376f,b70a6215156514cb4fcb41b08ffe1ebec2cfa3b8fa6642125e07db169d50378b,c5c5478fd2d25272,2,ACCEPTED,Clean D40 pothole instance
rdd2022_india,India_009157.jpg,rdd_India_009157.jpg,train,97970a71e3a982c47dfa4d5b92dcb634,3702fa74bfe142a0a383f2d5a8ca037619a0e63e53a40b53f52f5fd4e3c83721,99b926666dad846c,1,ACCEPTED,Clean D40 pothole instance
rdd2022_india,India_007749.jpg,rdd_India_007749.jpg,train,a137d5e0e3f718dfdfdd2009cd00843c,815e32f58bb0c2d03d2c80c3d11a49f2eca9480ac68ceb1ab21e682a2c9cf796,9cad274714bcb4ca,6,ACCEPTED,Clean D40 pothole instance
rdd2022_india,India_002206.jpg,rdd_India_002206.jpg,train,50d4aee00678b71a454fb27fc765cefa,be5fbf477c50f399cfb50ca7d68c4c58cad6078496c0683d35fdb7603638259e,8ab86dcfa0c77a81,1,ACCEPTED,Clean D40 pothole instance
rdd2022_india,India_009735.jpg,rdd_India_009735.jpg,train,b1c91050ea9fc75dd6924febd01f7db5,c41df12e230838f9c219ee611ea6308d6a498e0f4a87d73a7f1866ae2283f193,829ebdd4116e88f5,2,ACCEPTED,Clean D40 pothole instance
rdd2022_india,India_005810.jpg,rdd_India_005810.jpg,train,b719d1407946cc99adca5800fc386def,d939f472d2c7ab183504c6a13d2412d6b5a7b0bb032f54218c515b4c067ff72e,d5c5e2319dee6221,1,ACCEPTED,Clean D40 pothole instance
rdd2022_india,India_006851.jpg,rdd_India_006851.jpg,train,d4f2c074d9bd2294ce59bd3c33198acc,11632ce997a7883564f8e128f3ed19e5a60f4432194f72b59dabfbe0802fa264,978ce94b13d5e829,2,ACCEPTED,Clean D40 pothole instance
rdd2022_india,India_009691.jpg,rdd_India_009691.jpg,train,220a7e5d3f931c3a781a90d522f7ed80,2acbbc63b9557f58e450cbd67ab2ba31d26cfe0814c704e90a8be650c07c31c0,9999a4c64bd786ac,2,ACCEPTED,Clean D40 pothole instance
rdd2022_india,India_002114.jpg,rdd_India_002114.jpg,train,6bded7330391bacd162d7d6f2c5519d3,802ec9719e5d13b8faa401637d23bc23a0b74cc1fcbc1e77bb40c19d27dbe8da,c186bfb0332b6f44,1,ACCEPTED,Clean D40 pothole instance
rdd2022_india,India_009640.jpg,rdd_India_009640.jpg,train,9c57c8ae0b673e66442b1ecd16dedc50,14bb1fc08d6dcc0f55d685802dcb7ee2b39ad79f069ea5a48623eb72761a75ea,82934f4e8af5463e,1,ACCEPTED,Clean D40 pothole instance
rdd2022_india,India_007651.jpg,rdd_India_007651.jpg,train,6ef45a38330223dd6d0c43fbdc92bf6d,dda9587e082d773020e9e407cacbf06c71def42145a5bfb5ec2e072ce9c437cf,c489374f0a89b6eb,2,ACCEPTED,Clean D40 pothole instance
rdd2022_india,India_003376.jpg,rdd_India_003376.jpg,train,580b92fda494f88ab77b4642111476ec,0e9330882e5a78cbcf56eb8d616c470d7286d2854ed2f1638deeba265f0752ab,8983e24679b8167f,1,ACCEPTED,Clean D40 pothole instance
rdd2022_india,India_000367.jpg,rdd_India_000367.jpg,train,5c49f171d2b83fc7899d1372aa12dec6,6088d145777e4bf197250f0668a465aeb3a9ef890d15e1dc0c87c8e7a0fdd942,cec8f9f13e868630,1,ACCEPTED,Clean D40 pothole instance
rdd2022_india,India_007785.jpg,rdd_India_007785.jpg,train,e1ed875ef90d56f65500236d7e68e693,859b7750a8fb586e0f04573ec708057cab7479fdf20b03a617b2857a9c340f79,8bad344b0b87f06b,3,ACCEPTED,Clean D40 pothole instance
rdd2022_india,India_007647.jpg,rdd_India_007647.jpg,train,358646a68155d4ceeae08edd759d760b,963fae90a2943e36423e4fc2fac94cf87c7fd94e9a34ea90471ebe9a2031d93f,8480e1e8fe5f178d,2,ACCEPTED,Clean D40 pothole instance
rdd2022_india,India_002901.jpg,rdd_India_002901.jpg,train,9951ff76ea4d357f8d084caf3925195b,e8f08315a290499f7c9c1249f79aa1176e79be4da44f129103ca330aeff5005f,b48ccb4734a6cbd1,1,ACCEPTED,Clean D40 pothole instance
rdd2022_india,India_001156.jpg,rdd_India_001156.jpg,train,578bc65e5a073890f348ddfcad69f8ee,676deaaaffc6506ef0061a2e591f86c654db7a0614f3e8f2f76fb6e7fff8208c,9f87e0c81b9dc668,6,ACCEPTED,Clean D40 pothole instance
rdd2022_india,India_009435.jpg,rdd_India_009435.jpg,train,a643f9d7926a2ab6ad491c5f003acd04,9fdd6749376795be3bd8631bb11380c9c9140e6adf79e57e8f9284ed55b820b8,c48b396404abfb5e,1,ACCEPTED,Clean D40 pothole instance
rdd2022_india,India_003118.jpg,rdd_India_003118.jpg,train,b7febea3440eb7dc685997e1ca2604f4,98b5ee675b05f5387f1edfd1538573df7fd0706b1863970882d0c583d9b5ad9c,81cf767b0d86e270,1,ACCEPTED,Clean D40 pothole instance
rdd2022_india,India_009148.jpg,rdd_India_009148.jpg,train,e36da93d77e49b4b5a9f69c8b70db1b6,b00cb088bdf5c5c5089c5b68e3d1c2e9c0523d1799402e626d06b37ff720e920,81a9eede19b9c60c,5,ACCEPTED,Clean D40 pothole instance
rdd2022_india,India_005697.jpg,rdd_India_005697.jpg,train,a4614fbe768320dfacc17565a4c3ffaa,13000518a50ada1bf281df999c9a9369730d67004bf139e4b72e0035299dcc9e,d5d5e22509c8c47f,2,ACCEPTED,Clean D40 pothole instance
rdd2022_india,India_000595.jpg,rdd_India_000595.jpg,train,ec2144a5da97f08c05c3da233bf6df65,f22d789d746e080519228c0bb5fb8911266ef281772f732f0cc17b57cc59af0e,94aa27471a94baeb,3,ACCEPTED,Clean D40 pothole instance
rdd2022_india,India_007962.jpg,rdd_India_007962.jpg,train,7a205544dfc4a47a755ca5a004b6d0ac,e0f0e162a0f9726fbf38939018601538fc32325f336c84054b6c5830295e63b3,85ad27760d85d2f2,1,ACCEPTED,Clean D40 pothole instance
rdd2022_india,India_001038.jpg,rdd_India_001038.jpg,train,971b96b99037560d1d4a3fb8de0498c6,dae0c3dd84e8615e22add0dc79765bde4ff844d50f5e69f125ff7d1edefe525f,95a637461ba99768,3,ACCEPTED,Clean D40 pothole instance
rdd2022_india,India_005761.jpg,rdd_India_005761.jpg,train,28d9fab0927d94495e4021a75af26b80,b8a77d66a54a7c81aa0221dd86c3ed468373174ef9a2a266c6cd9c2857690388,c3aaf4400bf66e39,1,ACCEPTED,Clean D40 pothole instance
rdd2022_india,India_006532.jpg,rdd_India_006532.jpg,train,a9b89482e7a506bb9d5891d5bf49c27b,67d4ffb5c19579925c1da215a490b1489b6506d0e29d10230618d2f7d0a08f7a,c68ab9c354ecf143,1,ACCEPTED,Clean D40 pothole instance
rdd2022_india,India_007159.jpg,rdd_India_007159.jpg,train,de20ffc9e29376ab9e0891f03125f3f5,4a6f0bf9c38d87db06c00a93da98369984702e91d17cecc0cf03766af5a29754,84aa3ff50285d4fa,1,ACCEPTED,Clean D40 pothole instance
rdd2022_india,India_006608.jpg,rdd_India_006608.jpg,train,c064a03fb18228e4af99c2f7e084f55b,cac93927f21bcbe2dd080925c745b0e19660363d5baa4a6af0e6073118683e55,d59595b095876e68,1,ACCEPTED,Clean D40 pothole instance
rdd2022_india,India_003422.jpg,rdd_India_003422.jpg,train,63769919d978fecae1ccc3798524e384,b0aea7515f3b8653e7867cc024072b925e7e039436735ad01d0b887db0d6b092,88a86c49abe743bb,1,ACCEPTED,Clean D40 pothole instance
rdd2022_india,India_005305.jpg,rdd_India_005305.jpg,train,f4354c46c7b33cc59149ae7ab8bfbfc8,3c17ab4ea781270bb36e5903af4fa7703102ff0c0f1a7d12a68c288d99e3dda1,898bb69651a5ec6c,3,ACCEPTED,Clean D40 pothole instance
rdd2022_india,India_008400.jpg,rdd_India_008400.jpg,train,09a5d27195c0647a7cd955e9b23a08e6,a0c7739621d6d8926697c842f40c9bfde71712e44662bd64b4b18e5b00be3989,c4807b7f178be870,1,ACCEPTED,Clean D40 pothole instance
rdd2022_india,India_006257.jpg,rdd_India_006257.jpg,train,784f7785d72cdf1a7e51286537b3875e,9966e99cd011601c4017f4a14f09f0205024498c4bfbb2c071e15c4fbb032779,8780e867bd9c0bf2,2,ACCEPTED,Clean D40 pothole instance
rdd2022_india,India_001528.jpg,rdd_India_001528.jpg,train,9c1979d677e865d47f97dcfde8398dce,c35480ad5b0cb5a5dd14df82541be607fab7d15908aada762ef0a5836fac2969,ddd5e2083d9f4624,3,ACCEPTED,Clean D40 pothole instance
rdd2022_india,India_005775.jpg,rdd_India_005775.jpg,train,895743a39ee23f660e2e345d2534264c,d22db53b2c738aaa6000da58a19d45645d98902fe851551915ffc597019bf95b,9a8ae2431ff4e03b,1,ACCEPTED,Clean D40 pothole instance
rdd2022_india,India_003699.jpg,rdd_India_003699.jpg,train,693cbe20744f5223b0985318ce723f9b,573e6507d839696cc14fe845f55e8cf46e38e97ab0986e5c4c897e0563d057e9,d7c7e07017878d68,1,ACCEPTED,Clean D40 pothole instance
rdd2022_india,India_007592.jpg,rdd_India_007592.jpg,train,bcc8a9f05519bd1f2a7d22241d39180c,4eb859b1707b103da1a835d344f0f82a745862420fdec76cc7cdccc3279396b5,d495e1c03a97cea5,1,ACCEPTED,Clean D40 pothole instance
rdd2022_india,India_007915.jpg,rdd_India_007915.jpg,train,a9e9d8615756c4dd912f09c5520deaa9,786e502f4302f66d8ed753af0044e663630d054eda7db34b94543888e72f84d9,8c8d365e0987f16b,3,ACCEPTED,Clean D40 pothole instance
rdd2022_india,India_003941.jpg,rdd_India_003941.jpg,train,7eb92386b24454db77777ae8039ec3db,82ae59ec275807d03e52ace293984101d000844850487164ca65d08e4116ff9f,9c80e3d79fa64079,3,ACCEPTED,Clean D40 pothole instance
rdd2022_india,India_002047.jpg,rdd_India_002047.jpg,train,e1b446682d79b217e27e1025d8e0d6f8,4c9aead0def57bf60d1ba751684754e81dc36fe81a7b3fbeabd75e0b624f0731,d2bda5ad1292d4ca,1,ACCEPTED,Clean D40 pothole instance
rdd2022_india,India_000808.jpg,rdd_India_000808.jpg,train,c72cd5c5e99484111b33607e91043ac2,3906bfc395439f4096bc6e4465e9fe30020944de1bdad14a89e39ae32b5f3ea1,8d8b06576fa9d452,4,ACCEPTED,Clean D40 pothole instance
rdd2022_india,India_000945.jpg,rdd_India_000945.jpg,train,45364646a0c38a50cf59a848b41b8651,a6db3250355ef5c7a77581581de5460faba9d132d67e8bcf4a1c26d21e95fffa,9bac4e5b94ae7310,4,ACCEPTED,Clean D40 pothole instance
rdd2022_india,India_001757.jpg,rdd_India_001757.jpg,train,ec5d1dab2daba73def303ea0441d4642,61a59d9bbc46b8d82439f8d6ae434f5d48132cb630d824957d25358a4d5248c1,8787e0f838c347f1,1,ACCEPTED,Clean D40 pothole instance
rdd2022_india,India_003334.jpg,rdd_India_003334.jpg,train,55a125bfccee7a8d321a7f1990863a37,8c78cce95e09a04b127f89ce70c2f67903d8219b3e31d25ea4a90dd5cd17d07b,cdedb990169692b8,1,ACCEPTED,Clean D40 pothole instance
rdd2022_india,India_008421.jpg,rdd_India_008421.jpg,train,84ecc901d8c7f69c504e897886e25dd3,a68e2c2f662e8004951d18caf306b8540cb89570a0bc5a8063265a24475a7cd2,80aa751ab3d66b35,1,ACCEPTED,Clean D40 pothole instance
rdd2022_india,India_002860.jpg,rdd_India_002860.jpg,train,990b3ce1a1bed4c9357717eb03c3586b,d1a8ee27e8edbf27a75746647d7799a95f75e9e7b228cd5593ed42333b436b7a,b6b6ecc9c194c4c9,1,ACCEPTED,Clean D40 pothole instance
rdd2022_india,India_007226.jpg,rdd_India_007226.jpg,train,279116db325fd3ea12e81973132adcdc,61afa0ad114e38301c7a59fd7f13af558809f8849de5554b202a1583ae9df126,dbd8e46d591a8626,1,ACCEPTED,Clean D40 pothole instance
rdd2022_india,India_001441.jpg,rdd_India_001441.jpg,train,010a776d98d59f854d3f1a573a5b9309,b908b438c4af62be847c1d075131ecb148167a56cc257f0a9ba7e61b7547e9fb,d2b7a54a7ac704e8,1,ACCEPTED,Clean D40 pothole instance
rdd2022_india,India_005588.jpg,rdd_India_005588.jpg,train,9b39d9a5e7a6c9bf0b49956706cabf4e,8abc4bdbb582736fc789217fb1baeae8658015a3606d5f09a9a36d69b6756ec5,90bf6e441ce57e18,1,ACCEPTED,Clean D40 pothole instance
rdd2022_india,India_002487.jpg,rdd_India_002487.jpg,train,22eaa9b3449da50325ba6cabb5c80eb8,3d3eedc266cc5fb13e87cf4f6e4955022110f4344dd377225dcebfbc0f5aa298,d296b4ad09cbc2ae,4,ACCEPTED,Clean D40 pothole instance
rdd2022_india,India_008677.jpg,rdd_India_008677.jpg,train,697785b8679afac896c73d3059a1d138,360c5ecc65c0c4a453fe17d144459e146031764d1eb0782f9679d7853fdadcb7,8e8e856573db8865,1,ACCEPTED,Clean D40 pothole instance
rdd2022_india,India_008261.jpg,rdd_India_008261.jpg,train,5827caa94f23e6a4f5637f4c25a9ec6e,3500f3e2827772b21f8c01b826558f6e4531917dbc03efa778c57e74fd63a36c,91836c4539ee0e3f,4,ACCEPTED,Clean D40 pothole instance
rdd2022_india,India_002954.jpg,rdd_India_002954.jpg,train,4d92f2baf9a6fc61a2ae6fa83ce650c0,7a77e6ecb9c0fbfd87fda79060d0f19b245d915b26299442eb8d04bb0eef52a3,9f86e0411bb446fb,2,ACCEPTED,Clean D40 pothole instance
rdd2022_india,India_000944.jpg,rdd_India_000944.jpg,train,b832603fe616ab64b1e86a5e6ea83a95,52f9f68beb6bcf6940585b1ec830445498294c05ea6903475aec7fca12cae445,92a96d8572f1cc3a,3,ACCEPTED,Clean D40 pothole instance
rdd2022_india,India_008762.jpg,rdd_India_008762.jpg,train,9c0bea0d5764321a4d46adcd64600041,123c5ecff3ae5b6803b692b7df27772f73cb8ae5ea6922724b50d9cc51746a26,d9d2b4a42d8de9a4,4,ACCEPTED,Clean D40 pothole instance
rdd2022_india,India_008670.jpg,rdd_India_008670.jpg,train,08c8132a028c6f693b341427f0e65042,6358275fe145c7dafc12bed54362a49106f8e716186d0257ac0a053e1adbba9c,d5d0b4a46dcb6296,3,ACCEPTED,Clean D40 pothole instance
rdd2022_india,India_003697.jpg,rdd_India_003697.jpg,train,c3a355afe6eba84605d475d0ddb75da6,1abe33281173f260542118d07d289659a7574798d19de2b872badaf7c26ccfd3,8d90727f1cc54f92,1,ACCEPTED,Clean D40 pothole instance
rdd2022_india,India_002939.jpg,rdd_India_002939.jpg,train,d691e03dcc1510818724824f8e5f6a7b,7d2a6c0f7d5e825aac18f04d8a921ec1295ae9b47e62c5e2cc97fe3b122bc9fd,998c3f430eb031df,2,ACCEPTED,Clean D40 pothole instance
rdd2022_india,India_000537.jpg,rdd_India_000537.jpg,train,1fc2adacb1976ead9523fd2a279fc5e6,87838e2f2fd3a00cdcc9d30842057d44b6e2e52a39eeb17e3d0839e222b8df94,9ba4a4571bace159,8,ACCEPTED,Clean D40 pothole instance
rdd2022_india,India_003710.jpg,rdd_India_003710.jpg,train,9488c63dc1794411c822f8b340eb7984,298d6aa566eea6ffe3d8a43033b1663b3026c63852b900fb5c6645503aabd56d,9581ee6a1b95c761,1,ACCEPTED,Clean D40 pothole instance
rdd2022_india,India_006275.jpg,rdd_India_006275.jpg,train,c7e53218d52e8afa13d6645961f229ae,ef6ebc632f828b592d137895aa115643be9cbe0d80b8ad36765bf76f2a68497e,d09ca46d49d656ad,2,ACCEPTED,Clean D40 pothole instance
rdd2022_india,India_007909.jpg,rdd_India_007909.jpg,train,4439e5fb55f88163a1607bf41330ff19,d6f42d61b60b4297fa542dd46a3d7feb4f4a7896c4da87d92033c291dbcd3dba,9f87a7693890e651,1,ACCEPTED,Clean D40 pothole instance
rdd2022_india,India_008317.jpg,rdd_India_008317.jpg,train,10a5719a804350d257374fe77dd258dd,9730a796b1f21de22c0d1b6dbc019e2fa22df60a23d98d1d14ad4253cac54881,93ade5d0129dce8a,5,ACCEPTED,Clean D40 pothole instance
rdd2022_india,India_005411.jpg,rdd_India_005411.jpg,train,ae598ea7a2908da700076d894432780b,761940c255c4ca92c0b6b1d863ae21bbb7c9336b18f266b5f74764593a7515ba,9580627ec9bd1a4f,1,ACCEPTED,Clean D40 pothole instance
rdd2022_india,India_000054.jpg,rdd_India_000054.jpg,train,efbd5aa0db2f8ed81d713f0e919f62cf,a6767d7740afed655932b18c1aeb97698f7ed536f602800e80e78bce6ae16dc7,81d0627d1eede057,1,ACCEPTED,Clean D40 pothole instance
rdd2022_india,India_001904.jpg,rdd_India_001904.jpg,train,bda0952f0d3a4e22ae6c91c90c9986ad,d97c24a775ef65fe737972c00a2097ddffe7aaa9b104c864a6f7b2292ce34313,988ce7e752b8b486,2,ACCEPTED,Clean D40 pothole instance
rdd2022_india,India_000981.jpg,rdd_India_000981.jpg,train,ddf9904b9a1daa48cd5018ac45d997f5,7c76424703596cd118f709e60c87c37ef7fa0374755a8f4842324c8aad69036f,8080f77f3f878178,1,ACCEPTED,Clean D40 pothole instance
rdd2022_india,India_007327.jpg,rdd_India_007327.jpg,train,913c2bd319608815f24a46249bd713a1,835be5f79c77fdb0ed7cb161453a95b3f3772cbf4d609fdded5b7abe6f6c4dad,9f86e7617190c867,1,ACCEPTED,Clean D40 pothole instance
rdd2022_india,India_002098.jpg,rdd_India_002098.jpg,train,e45adb06be4b7ff9e1de39bdc818cbc5,6bbcb02daf6897b475f2f08e921105ba6b3bfdb7ce615dc2dd219f69842f189d,99d9e646039d1c79,1,ACCEPTED,Clean D40 pothole instance
rdd2022_india,India_003017.jpg,rdd_India_003017.jpg,train,acfae2c5bb64196dcf0eafec99b30cb6,d8459758dd413211c03556e649630ee523fd501ba2216ad94f03ff69eaaedc06,9d9520b51d8bf2d1,1,ACCEPTED,Clean D40 pothole instance
rdd2022_india,India_001906.jpg,rdd_India_001906.jpg,train,a07460872ee79f1c7e6cfe77fcaa0d41,408409576d2b344a5566b6db2b37f3255b30b90140030f18b5e90f908741d468,cc8ba5d7bc923113,2,ACCEPTED,Clean D40 pothole instance
rdd2022_india,India_001051.jpg,rdd_India_001051.jpg,train,16549bfe436753a929b6cda2e49b318f,5ea023b7c9da4fcb52287285e7a1468aa94bed4cad6f7f1453f59b4100fe2593,98b9a5c74661b578,7,ACCEPTED,Clean D40 pothole instance
rdd2022_india,India_003312.jpg,rdd_India_003312.jpg,train,9a940e3f63b0416da0ac0af35f90b2ff,28554b3451a1d1276a27b3269ea7475cccde063a2f28dedea82d0b62021973fb,d9db6a2692f2c20d,1,ACCEPTED,Clean D40 pothole instance
rdd2022_india,India_002678.jpg,rdd_India_002678.jpg,train,cbf8f88aa4092f722acf15852a7f03f5,97d96b5a577d90b36771e886cee16a0c5cb18707c74f5c2223164df07e6ce964,91b3eeec32e72811,1,ACCEPTED,Clean D40 pothole instance
rdd2022_india,India_002608.jpg,rdd_India_002608.jpg,train,a6465d61efa0dfc81df1fc01c72f145c,8a6b3fce53c5fcebfbf78ad768780ffb5aecbc0facea91a60f5af677e4dbf675,d581bdc806aff852,4,ACCEPTED,Clean D40 pothole instance
rdd2022_india,India_001234.jpg,rdd_India_001234.jpg,train,4382f7db4c02a4b34470bbe1056b66f3,dc1073e6078b7365f08bd2445ce2a73616649b3de785d54f97612710386fecc1,85afee5a03d56a28,4,ACCEPTED,Clean D40 pothole instance
rdd2022_india,India_008084.jpg,rdd_India_008084.jpg,train,54615efbd015e1a3bbbe32b6b6d153a6,be301306ee40c22aa7ea444cfcd24e332b26b36d53f56985e429ab2458277fe2,a6ab0b32be8d36b0,1,ACCEPTED,Clean D40 pothole instance
rdd2022_india,India_000812.jpg,rdd_India_000812.jpg,train,75d945269ac840a5ba3d5703086674d8,2bf1da51acce2a4a4ba54e7e2fb3092118c9e2632935f7e497236df5df299774,9180e4687ade5e67,3,ACCEPTED,Clean D40 pothole instance
rdd2022_india,India_008241.jpg,rdd_India_008241.jpg,train,45dd7b3aaaa52ad07bd1a7f24cc22d36,c38bd26e4353392ed62fcdc4ab81c8cb1d9166eefe97c1f1ef2ab9d29060ecbd,9485e9ea3a17c5c5,3,ACCEPTED,Clean D40 pothole instance
rdd2022_india,India_007587.jpg,rdd_India_007587.jpg,train,e579be20f65dba71fba4905d5236cf4c,506acc16933d5fb0a24c079241fa24f2868763b1bb22c2e9335c2121cf90c50d,80d82d075a9baef5,2,ACCEPTED,Clean D40 pothole instance
rdd2022_india,India_003925.jpg,rdd_India_003925.jpg,train,96fa3c318e125331670667a2eec2673a,f49d6fd1f42c313123a54f8aeac4a53bf105a4a7a7c079e0079b4167a62f8f49,9088bfcf273882cf,3,ACCEPTED,Clean D40 pothole instance
rdd2022_india,India_005655.jpg,rdd_India_005655.jpg,train,5e5c62e99250b543b4453210e045792a,ca97cdbafc2e900d576b0e6ff6ffd9d3b385d03371dced2fd114417760725c0e,c59a7acc1582f83b,1,ACCEPTED,Clean D40 pothole instance
rdd2022_india,India_007801.jpg,rdd_India_007801.jpg,train,ccf4ae7a2010c0c5636f33a4f44cf0fd,6c27470cb365f3cbe2a4cccc92b7f20b2ad4dba2bd3f04e4f709bd3a0c570d62,d795b4ad0bcac2a2,5,ACCEPTED,Clean D40 pothole instance
rdd2022_india,India_003805.jpg,rdd_India_003805.jpg,train,e058457a89d3b2a55db077cf8b0eca16,931aac0289451f183bc0fa5b2a812f339b415bfee707a769b036035da6d557b3,93b666ce5191aa1e,1,ACCEPTED,Clean D40 pothole instance
rdd2022_india,India_005820.jpg,rdd_India_005820.jpg,train,8c88244d9aa95942f2e052052551fee4,2984c3effdaf3c91ac381051cc551c19b9ec2a709bedbe34d2c07c5de1722e26,cd91924664c9bbb6,2,ACCEPTED,Clean D40 pothole instance
rdd2022_india,India_005993.jpg,rdd_India_005993.jpg,train,6e42a1dbb44fcea44882f256c3376913,63edbe3bcc2d4f36e49ea29c266ff639ab5591fe50ed24362cb20e36c4c810b2,c78d244b0997f86b,2,ACCEPTED,Clean D40 pothole instance
rdd2022_india,India_004984.jpg,rdd_India_004984.jpg,train,eab0e7229246464e68e5db5d19a50c39,96caee3f8ccdff62c20c697ed77807a96c112e487b4c0d485646b4a867c7e41e,d783adb55a4a10b5,4,ACCEPTED,Clean D40 pothole instance
rdd2022_india,India_006910.jpg,rdd_India_006910.jpg,train,8cb3aff4065dbe2ec660fb00d7ea1d7f,b96dc241046fb5716111466fa9c3c2f60815038588c028afc80aa1d4af5a5add,8487e3e068d65caf,2,ACCEPTED,Clean D40 pothole instance
rdd2022_india,India_002875.jpg,rdd_India_002875.jpg,train,1646ab71ef3ccea3b6f86a3d19c1b04d,f2c11aa598bca12a6c6c69499a6d39880e53087f2d7c85c72bd141b0d3149e6f,e3e367b808093fd4,1,ACCEPTED,Clean D40 pothole instance
rdd2022_india,India_008223.jpg,rdd_India_008223.jpg,train,cc8aaeb5bffd852edd8ca6e33f857ce1,867099720b8521e72442ef87c13ec114c015cd051401ec04393ce72ed6831375,80862b477fbb3658,2,ACCEPTED,Clean D40 pothole instance
rdd2022_india,India_009001.jpg,rdd_India_009001.jpg,train,6c919035d3806a135c794fb905c0e146,a7b6a6989db3649f10816f8b5b27e76b453d78a8bd54b1b8c2eac2989cdc95c4,d888a5454bd3b6ad,2,ACCEPTED,Clean D40 pothole instance
rdd2022_india,India_008027.jpg,rdd_India_008027.jpg,train,eace7e7372488478e4bf489ca0afbe31,d398059d06a438a4b6699791f1464fc3319b73bc5e017f0eb3e3311496ec927e,81807f5fabd74231,1,ACCEPTED,Clean D40 pothole instance
rdd2022_india,India_005489.jpg,rdd_India_005489.jpg,train,d22ef0b97415e552453f9c2b780a91fd,451878248ef8fd609e9da8d7d5dce1d6388ea0d6b4634924e1e0786fb8c93300,c187bdb093126e6e,3,ACCEPTED,Clean D40 pothole instance
rdd2022_india,India_007404.jpg,rdd_India_007404.jpg,train,8a085fc7e750316ae745f47ae76dc69c,8bf85ca1495434910a76afada6fffbccd97b0c8fd637fb2abb8c4ddfdc1e3ab3,8183e363399cd667,1,ACCEPTED,Clean D40 pothole instance
rdd2022_india,India_001480.jpg,rdd_India_001480.jpg,train,41e2b94afdc3fa3a7c29bb6200562648,945155eaa8eed32cd7dfef396d2fef15f883ceca05d3769d974d69849139253d,d292bd2d6b445674,1,ACCEPTED,Clean D40 pothole instance
rdd2022_india,India_003100.jpg,rdd_India_003100.jpg,train,146d6d696b9d0af0847bc9e6e75d00c5,a17b0c565d654e06a228ccce2309dee22863ff0f5cfe40b0e68f7f51da4f8a01,9585eeea2b3986c2,4,ACCEPTED,Clean D40 pothole instance
rdd2022_india,India_001105.jpg,rdd_India_001105.jpg,train,e8a326c04ca829bb82779421294b9032,1f40c836380e7b2452f6d17516d17e277a040e90ac9e8ec0e7b7f70b14af501b,d8e1b5a66859c6a6,1,ACCEPTED,Clean D40 pothole instance
rdd2022_india,India_003911.jpg,rdd_India_003911.jpg,train,c62ed55cc62094c945e899235ee51bfa,fdb92af704c2b1b4126833595e462721b0fbf12f80c77fc6283ee44f7d60c626,89cda23e566385cd,3,ACCEPTED,Clean D40 pothole instance
rdd2022_india,India_007484.jpg,rdd_India_007484.jpg,train,60e50d1c6124c26efe32127ecc65e500,3855f428024c1402876523cc82a971430938aec2c74bfe589e0cf6f7de435d19,c295a8cb55f6a48d,1,ACCEPTED,Clean D40 pothole instance
rdd2022_india,India_001821.jpg,rdd_India_001821.jpg,train,64ad3d606df368e8166ac7b2fd6d557b,74c08fb8964f51717c76a180d2c9ae7ba3eeaadec86650d37e745442826a3776,8180f6df3b2b85c6,3,ACCEPTED,Clean D40 pothole instance
rdd2022_india,India_001865.jpg,rdd_India_001865.jpg,train,6d7b9b8bc1ec8e00fd2f9c1bd33c2051,89ab636b9c748dcf38d86fe95a3cc84d8dd4a9713ad52fdc3cfa98e4ce3b9939,848fbd4516ab94da,1,ACCEPTED,Clean D40 pothole instance
rdd2022_india,India_000744.jpg,rdd_India_000744.jpg,train,e1e1e262fa3ccf4863f6de9855c4b5aa,605149d35f44e7d5f96e9845776ce6852c95ec5f44ec7ab192707fcd436770b1,83c2f40938f2e77c,2,ACCEPTED,Clean D40 pothole instance
rdd2022_india,India_008321.jpg,rdd_India_008321.jpg,train,1ddc8f979ea5a6d981e9f07ffcc7f95e,af0c1d7e301937f10c334b3403b95aeb018d9e90989e257eba0068d9d27f9a41,d89fb7850dc9d212,2,ACCEPTED,Clean D40 pothole instance
rdd2022_india,India_007658.jpg,rdd_India_007658.jpg,train,5d8332f98fcf547360b6506603d7d210,6b37ea1d4a09e128d2d0db14377b421fea3dea94d2d656f176e0954b1383e86e,c1d5be2c40c3bf32,1,ACCEPTED,Clean D40 pothole instance
rdd2022_india,India_000977.jpg,rdd_India_000977.jpg,train,f71819240f6def117c07931ebc001581,7543a077dba7e2d58f4e1b806426e28fd049fdfddafcdb0a0d345563cc357a96,c183364469bfba36,1,ACCEPTED,Clean D40 pothole instance
rdd2022_india,India_006520.jpg,rdd_India_006520.jpg,train,26d02803e43122512f47cbac781973c8,7957f8e41a67a8aa8639462febcf20d0b1581be3c3ed68579e584bf31151dd02,d4c39cf5ab966608,2,ACCEPTED,Clean D40 pothole instance
rdd2022_india,India_005291.jpg,rdd_India_005291.jpg,train,35705f221457d81a995451adbd3a406c,7d626ee81da8be5c2916d9035d20987204b9c1b8602183a807fb450fee619bc4,dadbc1651398b86c,2,ACCEPTED,Clean D40 pothole instance
rdd2022_india,India_000857.jpg,rdd_India_000857.jpg,train,7ea3910adebe53cc75f1c9a738d2ea95,a2b65f9ff09ed8da9f5c083fd2f3e63663006b5123436d64fe02aaf995a4bd90,8287cdc833b3e1d3,1,ACCEPTED,Clean D40 pothole instance
rdd2022_india,India_001422.jpg,rdd_India_001422.jpg,train,0466f48d71fac843556b759c6767f9e0,0d16eaa941591d5310a739fd0c7ad05b4872c646e7be4a18827fa12911a07500,908ae74f38b2e547,3,ACCEPTED,Clean D40 pothole instance
rdd2022_india,India_006342.jpg,rdd_India_006342.jpg,train,ea4b7d0bc34af255c2dd62d42875616a,b2454d4788add30a54b72555abbaf7fa3c5d96971c7df4f87bea71331a3134f1,d99ab6a42949d6d2,3,ACCEPTED,Clean D40 pothole instance
rdd2022_india,India_003143.jpg,rdd_India_003143.jpg,train,6623f56e4a96e6589a493c3fdcecc87f,6f5917f30aae0fc6bbd515091e388a4f8aa0d413200905ecb3d936d31d2d7ebb,92a94e53a47e3395,2,ACCEPTED,Clean D40 pothole instance
rdd2022_india,India_000731.jpg,rdd_India_000731.jpg,train,3938370d7cd56732fdafe54a50d07a9d,ccb13b7defbce6a137caee435a0569bd28911a69d70b0b1b902a07535e32c0c7,8c9c96e2e94997c6,1,ACCEPTED,Clean D40 pothole instance
rdd2022_india,India_002249.jpg,rdd_India_002249.jpg,train,75e444cff8d63bd33e486cc7dfe841f9,50c6012bca5464f996ea4fa668678d1b4f7944a2be1903a8f94efb8b9268a668,ccccd913192cc377,3,ACCEPTED,Clean D40 pothole instance
rdd2022_india,India_009011.jpg,rdd_India_009011.jpg,train,8ed84fc459e5680cc9953fb45415437e,22b6baa90c6290bfcb629ec43dca3fcc3a8bec36ac4b539dc3475617b76558c1,9f87c767d1399820,1,ACCEPTED,Clean D40 pothole instance
rdd2022_india,India_005784.jpg,rdd_India_005784.jpg,train,5af5b1d3611e6091ee07a88fd398247f,5d55ccb3d0682c60ff4af9181ac8882cb969a3c9462460dba8b8f28323ecbad5,93ab5e50e47813e5,1,ACCEPTED,Clean D40 pothole instance
rdd2022_india,India_006364.jpg,rdd_India_006364.jpg,train,611e25b5f54c7cfccc3ddbacdce8dc91,00fcf685b82f8ca7bd7eb3e24b84093cf2237f664d31dad779bf1d95122e39f3,b787e9c85838b4a5,1,ACCEPTED,Clean D40 pothole instance
rdd2022_india,India_006274.jpg,rdd_India_006274.jpg,train,8ca7bda0d20551da40c62805b681f1a5,74cc683b5fcd9e10d038d06761602875368c3cd28bb1236332384455bbd7d6ac,d58d2a4a1b97f44a,5,ACCEPTED,Clean D40 pothole instance
rdd2022_india,India_003619.jpg,rdd_India_003619.jpg,train,fcd1de2294cd76198865180d78406338,f4c729491503ff2036442b5e2cbb8806e803072dc9974554a0e197dc9fbab295,d193a64e39419eda,1,ACCEPTED,Clean D40 pothole instance
rdd2022_india,India_007641.jpg,rdd_India_007641.jpg,train,11a4fd0cbe3861dd36dbf82484937dac,00b7ab7ce082967652319f53703d888da88210202490e551cd842ab87687473b,80826f7f39f87815,1,ACCEPTED,Clean D40 pothole instance
rdd2022_india,India_009268.jpg,rdd_India_009268.jpg,train,cf5962c08f96fa09d42e564975be2aa0,43e2926280087aa8d983488d8c9ca36028b7002570a90504fd38299f9a30d1de,cfe8f89117343646,3,ACCEPTED,Clean D40 pothole instance
rdd2022_india,India_001251.jpg,rdd_India_001251.jpg,train,6422b2106dc952d0d4a993260e513340,baefe314e8bfb08e8cd43b8688daf822011b960f841e49ed8852f5c3f997f4b1,88b7176e4853b5c6,5,ACCEPTED,Clean D40 pothole instance
rdd2022_india,India_008927.jpg,rdd_India_008927.jpg,train,2efe32eedf9f871fe465e002c158f701,76597e520739961b785976a198ccf8655eaf1d6b65594f317a019bb32837ef54,928ee74532fac60d,3,ACCEPTED,Clean D40 pothole instance
rdd2022_india,India_008440.jpg,rdd_India_008440.jpg,train,46f7a2398628518291084e5b31a546b0,850163b179fa82b682e8685364f0308454d7ad7d3d11e45b6c111181da2f4553,ccc5e17d1a87622d,1,ACCEPTED,Clean D40 pothole instance
rdd2022_india,India_009593.jpg,rdd_India_009593.jpg,train,22598926b03085330b13a47ad56fe018,24ead6855d21cf4975523a33784e6912df0cf8c74e2ae8ebe97833f13b39320a,d5c5e2319cfe6221,1,ACCEPTED,Clean D40 pothole instance
rdd2022_india,India_003731.jpg,rdd_India_003731.jpg,train,ece1ec3aca0cd5c2ce1c38c2257cdb2b,8899c38ff8cf5219193fcac03f3d02d0a0adacc36d4b1ab16945515084e3c963,dba9204a4f87e2e3,1,ACCEPTED,Clean D40 pothole instance
rdd2022_india,India_008819.jpg,rdd_India_008819.jpg,train,ac3bb210b5b5e83011efb45d33f5ecb3,16968c08627d3bf474fd6bef07ee90f3c53d6f3836d4dd169b1dab5fb2562485,8183eeee7fa18268,1,ACCEPTED,Clean D40 pothole instance
rdd2022_india,India_000746.jpg,rdd_India_000746.jpg,train,7097273df9bc40aa3da0d100d4a863b4,e2b22c3de2b6002a5c7eccbc8d950ee0dac3ba3ac05f08efa651d613bf91b3b2,989847c39abc7cc6,1,ACCEPTED,Clean D40 pothole instance
rdd2022_india,India_000659.jpg,rdd_India_000659.jpg,train,a9b7c329e0db36bbed572441e4fafb8b,c7a7a75840e5315a1608a98be0ea2e0e6945024f89ea3cac0aa9c3d0bd012b49,d595aa4a4ad2f4a5,6,ACCEPTED,Clean D40 pothole instance
rdd2022_india,India_003433.jpg,rdd_India_003433.jpg,train,8c875c122756757c607b8711825cfe3a,ff934976b9a056ee273aecc0c969bce16dd18cb7ba30de7964f46c0303a0aa34,83f87b06588b76d8,3,ACCEPTED,Clean D40 pothole instance
rdd2022_india,India_001553.jpg,rdd_India_001553.jpg,train,2b5dc270bf898bd87e6e7ff76b985d1a,e859dc7ea91a934a566169434c7a46a62a82c854739cd786d2880f3529664c09,d8b8e74218d4e6ab,1,ACCEPTED,Clean D40 pothole instance
rdd2022_india,India_009881.jpg,rdd_India_009881.jpg,train,cab51f196d57a9cee1ece5dd6b47d83d,21525d1490755d3a72d97d540f215387bde41853b53beb79b308089c317dcbd9,d595e92a2ac3e135,3,ACCEPTED,Clean D40 pothole instance
rdd2022_india,India_000230.jpg,rdd_India_000230.jpg,train,3599e3a6212d4ee934d65188f615539c,9ecaec169610e704689dafedb653bb60772d70fa45392bcc564145d1cdffd347,84bc7c1e96c074b7,1,ACCEPTED,Clean D40 pothole instance
rdd2022_india,India_003884.jpg,rdd_India_003884.jpg,train,f9f28cce42c6e1cfc06815c13d262e96,b374e46e664cadaed61f233e5c058ab5427117ee54b0a95b21d0fd17c7e34270,91b8ecee47178706,2,ACCEPTED,Clean D40 pothole instance
rdd2022_india,India_002148.jpg,rdd_India_002148.jpg,train,d15a72db19fa83257853b47b77ce89a3,b00a78742fdf0a99d78dc8cff93d164c7b509524eb7f33cc88c8feb503f86710,8f8a48cf837f6e10,1,ACCEPTED,Clean D40 pothole instance
rdd2022_india,India_004686.jpg,rdd_India_004686.jpg,train,342c8437b32887f279a510f9bf05a040,6cb88708a3d8579025ccb9e2882f73bcc37d989ba0f5958dcaa443953224f56a,d0d4e7ad3b8884ea,2,ACCEPTED,Clean D40 pothole instance
rdd2022_india,India_002881.jpg,rdd_India_002881.jpg,train,f18f113e077c7ec27cfe602ed1dd12ea,e6edd36a655ab1c5be71c4743c0dda6f7848856753845c316c4b54107bc5f95b,9387e4f072b0f4e1,1,ACCEPTED,Clean D40 pothole instance
rdd2022_india,India_003778.jpg,rdd_India_003778.jpg,train,ca79e56066b3f17c55fbd4af0e73732e,324525a4accbde89ad3572590df5e02ccfdd2dae18cecd3e2031f8f88850bddd,d0d4a7af1878d662,1,ACCEPTED,Clean D40 pothole instance
rdd2022_india,India_002410.jpg,rdd_India_002410.jpg,train,09bc4dd1247ff47ad6cdbb8ac2828280,0275aab94731e0139cf125955139fd10bbc1569a96c096d088a17e941ca01198,d595a6c24ad6e525,1,ACCEPTED,Clean D40 pothole instance
rdd2022_india,India_001239.jpg,rdd_India_001239.jpg,train,b528c604fa9b2dc6571811d177535ed8,f2f2e7021264e37289e958bd98936c74306241f34ef9bef71e5915cd6ba3a094,c98995e6f6781949,4,ACCEPTED,Clean D40 pothole instance
rdd2022_india,India_003609.jpg,rdd_India_003609.jpg,train,3d0f49c9ffa53f48c67a8063ef19a9b5,8b571f8d4345ab4195dfefcfe9e0a79aaed4a69697637d9cb8af6dd955882394,9181ee4e19f18e5e,2,ACCEPTED,Clean D40 pothole instance
rdd2022_india,India_007954.jpg,rdd_India_007954.jpg,train,cdd69c5661e5e388b8c99ebacde762ac,c13c6d2e5292c9d2a942f014497bba57f302399977f23d5f7b5c55b2306e4b2d,818c714658b3f6dd,1,ACCEPTED,Clean D40 pothole instance
rdd2022_india,India_006933.jpg,rdd_India_006933.jpg,train,47954e0b5d27503eb0e4b1313e65a5be,015ea0ad78e1228a6d06aff058282121437518093c95729492764d814989c71e,c9c993b226ace5a3,3,ACCEPTED,Clean D40 pothole instance
rdd2022_india,India_007810.jpg,rdd_India_007810.jpg,train,32ff63c92098f353c9a2878008444835,250044501acc552dcfa806575577358ffae3a38e52bac3c759390654012e78d2,d195a4ad794b4ba1,4,ACCEPTED,Clean D40 pothole instance
rdd2022_india,India_003502.jpg,rdd_India_003502.jpg,train,5253cf638b7ebf662b9da78e04cac33b,d6a0b12e86d2ccc34c9e26aae252705d87357848d2f7c48a03fad70f061ae6bd,94817977d841e6ad,1,ACCEPTED,Clean D40 pothole instance
rdd2022_india,India_006411.jpg,rdd_India_006411.jpg,train,e357299e0be997395a8f3b82ca3e9cc5,7ebfcea2ff257edfdc54ebf8d6f8698420c4f921ce41555c2b66533721599b20,d1a94c4a85ff6c16,3,ACCEPTED,Clean D40 pothole instance
rdd2022_india,India_002757.jpg,rdd_India_002757.jpg,train,6d5f4708d9a95cf3d8cb664fd91140ed,28b91b5b0c3cf58a64fb39c5a11a296dedad3099a3d1aba6ead012484c2dcb8f,84836e52fbba1f28,3,ACCEPTED,Clean D40 pothole instance
rdd2022_india,India_002385.jpg,rdd_India_002385.jpg,train,1f69ad02a4f0e51849bc09110c525ef1,1ba100bab2a0ece05ded6fba21defbea786983f97064a8d7b65673953c7aeba4,81ae3512b3d66a37,1,ACCEPTED,Clean D40 pothole instance
rdd2022_india,India_002253.jpg,rdd_India_002253.jpg,train,63e8be8a14c862b961c2602940ea3105,9028744fb1e101834540d0cdadce4308ac9a6232d53a8e83cad851797fa52ab0,998ec64b29f4e269,2,ACCEPTED,Clean D40 pothole instance
rdd2022_india,India_007074.jpg,rdd_India_007074.jpg,train,4a7371a07f56e4c0eab0610994d13c80,99b32090c45feb7ba66d7db85e7ec9e735c5e1d49cab5f1a4def36e6f9a83deb,d4d4f262098de6e3,1,ACCEPTED,Clean D40 pothole instance
rdd2022_india,India_001489.jpg,rdd_India_001489.jpg,train,a53828412186424a1c2de1ef611c6536,0c95f7d0ae9b06b57b48294265ca754470d295e00ad99ad16bc7ccd5b7ad1cf3,9c9e6349a479c786,1,ACCEPTED,Clean D40 pothole instance
rdd2022_india,India_004065.jpg,rdd_India_004065.jpg,train,fe1bdabb123fc31bb9bf3926f3b13116,dcb57b8afe24cf9c1ebb6aa116b39790e73c4b1e8dc205bcb31f05a68ae1f366,87ad495aebc95832,2,ACCEPTED,Clean D40 pothole instance
rdd2022_india,India_002395.jpg,rdd_India_002395.jpg,train,b71c911fa5647cd6c5c7758eca228ac0,31fde7c2ae4148151313fe64b01e459be0804f43be5335f8949e26c515ec8782,ced2926e22e96917,3,ACCEPTED,Clean D40 pothole instance
rdd2022_india,India_009339.jpg,rdd_India_009339.jpg,train,5fdb6761fb9bf3c21229402e30fcb62d,3cda293e0fd32a20f8433848af67c8ddae9adeaeeb5c641a2b0ba7349153a84e,c1c5bdb037262e6a,1,ACCEPTED,Clean D40 pothole instance
rdd2022_india,India_002924.jpg,rdd_India_002924.jpg,train,e3cf8bfd4255ecf2c500f0f9966a0571,3456f3f28e6be8e751f8d2d0d28a2ef1b3ef3b6702c14afe844aa46d7543818e,9584a8e878f41f1f,4,ACCEPTED,Clean D40 pothole instance
rdd2022_india,India_003121.jpg,rdd_India_003121.jpg,train,d3f0a829e37b4744de03065210489790,06e8e0012812f0bdf83710a2ec81fc3605eab59491e9d10e2a9bef599f8135ce,8e87f54b2d87c071,1,ACCEPTED,Clean D40 pothole instance
rdd2022_india,India_008867.jpg,rdd_India_008867.jpg,train,110f351f4445f32fa6af373992e265f0,c9b56e1cff0e69730172edba4b34bf24d630e26e95f81f173ccda6c29b39d723,9b9ee46053912d3d,3,ACCEPTED,Clean D40 pothole instance
rdd2022_india,India_003406.jpg,rdd_India_003406.jpg,train,d2682f50282743e6e7512830f651d783,8bd1b55677b9307b1fc975bd804993c574e4bcdcde11aad3b95824c388fc43a7,d395f55c0bc4d425,1,ACCEPTED,Clean D40 pothole instance
rdd2022_india,India_006061.jpg,rdd_India_006061.jpg,train,3ee8991fe1663814bd7d1b99630cbbdc,c90e5abe3b8d557b5e825bb22eb5413623b866879b0368b10b82b37747f06c53,9f85f4703a2b8e16,2,ACCEPTED,Clean D40 pothole instance
rdd2022_india,India_004553.jpg,rdd_India_004553.jpg,train,61cd383382616947daca5bdda55666c0,df1bdb7fccb4f413e8ee10718cb3cf99e20c9e170654a15cbeb06d6d46d799d6,8192d6dd7932278d,1,ACCEPTED,Clean D40 pothole instance
rdd2022_india,India_004290.jpg,rdd_India_004290.jpg,train,e8b0af1754d31621c59ddbb0e93d8a94,b1ef6ed402cb54634b598d74d16b60d0c1246a19826372480c17c5ee68f2e73f,9b8f70523c3763a1,2,ACCEPTED,Clean D40 pothole instance
rdd2022_india,India_007310.jpg,rdd_India_007310.jpg,train,1c56686d733a09f2d0024f52fb839209,6bfa1a8d77eb49197bf9ad5b848aefadad69edb0b4198fc597c23e4efc598266,80a82fff7285c1ce,1,ACCEPTED,Clean D40 pothole instance
rdd2022_india,India_005595.jpg,rdd_India_005595.jpg,train,0ca93b38a9b37fd29ec86466c029928b,95dd7c61f9dc329922e43f6a5bfe019294834f830dbc14d7ef1b1bdae15f39f6,95a626d458bbb6c2,4,ACCEPTED,Clean D40 pothole instance
rdd2022_india,India_004441.jpg,rdd_India_004441.jpg,train,a420a6311df94c80fe6a8647266dc534,e251471fc8e30861be4741f0dc91eb0b12cbe87cfc9e69475bb9673277497cff,92a3ee5a4784e96a,2,ACCEPTED,Clean D40 pothole instance
rdd2022_india,India_007000.jpg,rdd_India_007000.jpg,train,0b337360ef8df3188f29ce3584a54d1a,e2423994747de8b89934e5f6311f8ba02fe0403500d2ad35edec8cc59a81a5b2,988ceee653d1ad28,1,ACCEPTED,Clean D40 pothole instance
rdd2022_india,India_007343.jpg,rdd_India_007343.jpg,train,306de4060c9e6dee836e3fd904956900,394aca20caaddf37e0d70a19a694763ec0bef75c23812e95c5b88f004a641e98,c4c4f72b0992f23e,5,ACCEPTED,Clean D40 pothole instance
rdd2022_india,India_009586.jpg,rdd_India_009586.jpg,train,8cce79b289f8fda35c57d397ecefb9a8,e36c5c28b42a6734b63d3c36bfc53b9d1a4aa81510055cf7b78935e59bc49d33,8f87e0c02d93eec5,3,ACCEPTED,Clean D40 pothole instance
rdd2022_india,India_009528.jpg,rdd_India_009528.jpg,train,8e67f791845bcdda259e976b39f85c61,663cbf71121cb391a7a2251af9bfa80be664c500d15db7b461b9963b75417a5f,92aa4f52a5f27217,2,ACCEPTED,Clean D40 pothole instance
rdd2022_india,India_007722.jpg,rdd_India_007722.jpg,train,814b22f48c71a1d351c684b9628b0cfa,d01bf104ed480c1f96ade1b9cf591087e684e196dd570a19b91e0a8dc4f7e48e,9d93b24a4d99d346,1,ACCEPTED,Clean D40 pothole instance
rdd2022_india,India_008752.jpg,rdd_India_008752.jpg,train,b3cedc7cc8bad2fa6329bbbf4b4697ca,574bd535184f4d92d5269168d7015b4cc509cc037306a794b6b8654c72ec0984,c0d0e77fbb90e40a,1,ACCEPTED,Clean D40 pothole instance
rdd2022_india,India_003936.jpg,rdd_India_003936.jpg,train,7a5b5ce5539e8bab3ab31dc5a23cf1a2,07a7a7a9c1d2b4c360c7de01dd45705b3cf0f3e8136d2c7d71ac94175eb9bc16,939b295d0bad424f,5,ACCEPTED,Clean D40 pothole instance
rdd2022_india,India_003051.jpg,rdd_India_003051.jpg,train,2f3f946bb9a173d67286ac778c65f0d0,9d0e01ff1973324029fb6ed8f25b03069f872ddad537dfe3fe54d46c63687d4f,9690adab1e1ed4c5,2,ACCEPTED,Clean D40 pothole instance
rdd2022_india,India_005348.jpg,rdd_India_005348.jpg,train,e4f622d18e12a2c84c3560d031f41ba4,e1e1ae03eb075fd8116e56433a9c46d7fb4796e52a075e8190570fa0140adcf5,8e87e36150b8ae57,1,ACCEPTED,Clean D40 pothole instance
rdd2022_india,India_002804.jpg,rdd_India_002804.jpg,train,969b941ea43d4d1dfdff259995acc62a,e9ebfbcc797f54e6ec1a80fd75b900d0223607e4a876544265e48512538e3e02,95a434d34bbce90d,1,ACCEPTED,Clean D40 pothole instance
rdd2022_india,India_003761.jpg,rdd_India_003761.jpg,train,8b19d7dc21fbed81e9a0d40971b17b8f,d2581842a25b00ec50e44b89e367d09e47d14cfced7e93a4b4d3c553e36d66df,8080923f2f6fda9b,1,ACCEPTED,Clean D40 pothole instance
rdd2022_india,India_001173.jpg,rdd_India_001173.jpg,train,ece92d052afd4829bda467c85824bac1,c18f0e0b4dc9c128fd0e34e62f639ed787ab93f224bee965f14013fee5654457,b4a46463b39bccc9,1,ACCEPTED,Clean D40 pothole instance
rdd2022_india,India_000301.jpg,rdd_India_000301.jpg,train,01ef84cd426b4216547ab5f73741b051,d54409b7578481e1d41719abc4fa0bb04bee40d7ce44ea9072e457e43df16bbd,9addc81bd5d02b91,2,ACCEPTED,Clean D40 pothole instance
rdd2022_india,India_005938.jpg,rdd_India_005938.jpg,train,75a13351bae64e7d0e1f3c1927a5b5c1,5151fc3f7d016bdc70e8eb6e1066113188141953dddfdec86c15ebcb8b823732,94aa37471e3996ca,2,ACCEPTED,Clean D40 pothole instance
rdd2022_india,India_006502.jpg,rdd_India_006502.jpg,train,b58a7bc5447314b9c1ec0447910b2669,7c4c2cd49ace1850ec38334d8af2402701513af11180891bfa51fead8313f94d,9587c66a3914e747,1,ACCEPTED,Clean D40 pothole instance
rdd2022_india,India_008544.jpg,rdd_India_008544.jpg,train,f78dfbe09396b8279a52b30e2d7beb0d,140769835e2ee856cdb8bb13ac22c91aa8cbb93030e61b42b97aa48dc78deaee,92ab4e5aa4fe7211,1,ACCEPTED,Clean D40 pothole instance
rdd2022_india,India_006328.jpg,rdd_India_006328.jpg,train,956787373ba18133097aaa4e588de2dc,ebf53d92e7c7ad6054c6b6e9063084b79e34baa97aebd77de2646e31c6ee4e18,9f8de0721e8d0573,1,ACCEPTED,Clean D40 pothole instance
rdd2022_india,India_003018.jpg,rdd_India_003018.jpg,train,3b7c34f014413d9e29f4117f8af6e5e0,2d9eba55cbe66ce181dcba21e181324ac07a2ac0199d6063f129fa9800334c8a,81ae67161ad75a39,2,ACCEPTED,Clean D40 pothole instance
rdd2022_india,India_007368.jpg,rdd_India_007368.jpg,train,d7a4413d051368253d6b7f2955f1bf3d,781ce3d0932833e9145696ca2da7c6bbbfedc53b2295de5bee58252f547fc03e,92d2ec69131fcd68,1,ACCEPTED,Clean D40 pothole instance
rdd2022_india,India_006469.jpg,rdd_India_006469.jpg,train,3757d08e4b1420221f9e3881792e0d35,57e3a9f380dd09b757505c6407d3d1952912bfadb2de7a7649073485fcd1e22f,8c833f7063ad185f,1,ACCEPTED,Clean D40 pothole instance
rdd2022_india,India_005373.jpg,rdd_India_005373.jpg,train,9314fdff5bd41db434babdf65531eb41,1fbe234d15b798dbd9f4be07511ccd549c5d4206364a5dc3fab9c86f234e651b,8387ed1386cc78f2,1,ACCEPTED,Clean D40 pothole instance
rdd2022_india,India_003029.jpg,rdd_India_003029.jpg,train,6da0ade174c6f8d89d972c23bfac7e64,81faceb0d19fe4c35d56c34c82b2710e3955458ac24b09e81818185eb6bce319,98d5582bd55cab15,1,ACCEPTED,Clean D40 pothole instance
rdd2022_india,India_001112.jpg,rdd_India_001112.jpg,train,860677587bcc06faf8163c18be096da0,920af5fe29655c68afdb594ae5b851434071b10d60dbe08f90c4570c0d0e69f9,dcd8a32307e4dc1b,3,ACCEPTED,Clean D40 pothole instance
rdd2022_india,India_002376.jpg,rdd_India_002376.jpg,train,c262e4d3f9a74c5d94db31e18b682ddd,fe284f51398063f7a9df4c2f1489aaae991c7c49d2f7be85bb611c120e352edc,97de4a8a0a8b0f97,4,ACCEPTED,Clean D40 pothole instance
rdd2022_india,India_006794.jpg,rdd_India_006794.jpg,train,e7036ab9c5664c20a8ca75088cde7485,d0e94c2b36266db60cf0bcb8f6d5233e26753efa02a40917ee71f0681ba9ceeb,91952ecc55faac1c,2,ACCEPTED,Clean D40 pothole instance
rdd2022_india,India_000147.jpg,rdd_India_000147.jpg,train,a9eacac756bded821d87aa5f2c84cf44,d97e7b396469ecb9615e7357374dbd66a837abbb0230af472951cd4d6cadaa89,8080f2f07cbed763,2,ACCEPTED,Clean D40 pothole instance
rdd2022_india,India_007371.jpg,rdd_India_007371.jpg,train,6a3684fb59076dd1bb4f0890e7850265,7be42023dde7a49cd7f0d7bf945458ac9e1bc550133400b9a71ed68271cad791,d1c183bf34214fad,1,ACCEPTED,Clean D40 pothole instance
rdd2022_india,India_003495.jpg,rdd_India_003495.jpg,train,47b50c658ff15602b308c3e11a58eef0,5b0231ebfd669048b7e53a5c6a0fa393e8ad34339c2d9d945546ceb26f8af011,d2d6e66539958263,2,ACCEPTED,Clean D40 pothole instance
rdd2022_india,India_007943.jpg,rdd_India_007943.jpg,train,efe0ffdfd07087f630fc55ca86240ecc,f7708f426e2f3cb0fa93ae72931f978b5802baf460b7768ddea64a00ea5a9770,98a5ab584696791f,1,ACCEPTED,Clean D40 pothole instance
rdd2022_india,India_003553.jpg,rdd_India_003553.jpg,train,fef44887d4cccac3f44e9b9dad20cab8,4e6ac03c3015dc35552bf7e22e2fcba53cacff45c5653f5b24ed29f112e6937a,86aca55b6a8d5c3a,5,ACCEPTED,Clean D40 pothole instance
rdd2022_india,India_004392.jpg,rdd_India_004392.jpg,train,3545ccea02f73c34bc6d5fad498ad143,fb3820123a58bc9dabc06280158d70f15f06b7af835985557f0101e1aff83723,9595e6631b98a4ea,3,ACCEPTED,Clean D40 pothole instance
rdd2022_india,India_003214.jpg,rdd_India_003214.jpg,train,79cde0b8abdc4a849dda75920c191da0,dfbe96a6067da75507d1e77f5bb4eba530afc9fa96ed0b586aeb44e8ea8a30e3,d0aaa7873990caeb,1,ACCEPTED,Clean D40 pothole instance
rdd2022_india,India_004606.jpg,rdd_India_004606.jpg,train,d32640f96e13a7af490c84896f31b15d,29195f426215bd2b22acfc5a8757c14e320dea72a69c102d375d43da735c6911,9797e4c07871f0b4,1,ACCEPTED,Clean D40 pothole instance
rdd2022_india,India_002681.jpg,rdd_India_002681.jpg,train,df0e8c8818c969d6f305a2c20d0ebcb5,ced65ab06e1da4871d1c287ecf22474a02b0552d7686053f50a8e98d4cde4f07,99b9d64709e9b03c,2,ACCEPTED,Clean D40 pothole instance
rdd2022_india,India_006465.jpg,rdd_India_006465.jpg,train,515d381e6456022a7b6f2c5d13923369,2993463ce888f629d5a5e59df28df38d5c92d1c0b31a399a4c14066b013f1c73,8480bff71e2997e0,6,ACCEPTED,Clean D40 pothole instance
rdd2022_india,India_009794.jpg,rdd_India_009794.jpg,train,e66e041ff10d399b0a10fbf4cbee258d,36e3002d561ff9238f0cfceb66efa0c7d86a494fce37df98a54ee49e174b8ad2,8c8f275618e3c778,3,ACCEPTED,Clean D40 pothole instance
rdd2022_india,India_004184.jpg,rdd_India_004184.jpg,train,0170e7dfac7dbec1766a7406c02990f8,c3952a720ac45d08506596b068c3e710bb2e10ac5290aaa36de941e4a68c540b,dbcaa6a53539c8c2,2,ACCEPTED,Clean D40 pothole instance
rdd2022_india,India_006535.jpg,rdd_India_006535.jpg,train,1ab40700e03b87c905282481b2519756,86021a0bd10c5a89ccd60b2c55a3dab8572c475667c73d492aaf8aca0537ab1b,c98ab44a4bd5b2ad,2,ACCEPTED,Clean D40 pothole instance
rdd2022_india,India_000466.jpg,rdd_India_000466.jpg,train,24226fad9e0a98fe0e5af406955cd459,bd8ca1b7238be0e2e60ab697705d9942d92e0c50dadcf803438fd5865e491867,87818f8f2b2b2717,4,ACCEPTED,Clean D40 pothole instance
rdd2022_india,India_004340.jpg,rdd_India_004340.jpg,train,4781b642b849b8b9c6405b5527d53fcc,8f21a35fbdfdbad606f5a1a496c99d4a5135557b19960dd4f6ec0f8d0f1e2599,8fae60150fb7d438,5,ACCEPTED,Clean D40 pothole instance
rdd2022_india,India_009742.jpg,rdd_India_009742.jpg,train,33a1ae1afb25ed51c43dfdbe9453f233,5d0587f2c3995dfb1729aac57af98503e52d8062e44f5f14072b11ee9311b8d5,d1d6b62da9c62619,2,ACCEPTED,Clean D40 pothole instance
rdd2022_india,India_008821.jpg,rdd_India_008821.jpg,train,c6c6ea74caf282b4548319158c03d08b,23950a15036a00fa6eeaafe8e9fe47f2b259b7fe452524f631b94b232c5ca5ad,9bbb234b4c84c64f,2,ACCEPTED,Clean D40 pothole instance
rdd2022_india,India_008094.jpg,rdd_India_008094.jpg,train,22d7ecc267bf252fb849c80874301834,969d022b36ca8731eed3142eb1b4e0db95d8a5c6939c3761b40b1280d28ab0e4,84aa7714b0d76a3d,5,ACCEPTED,Clean D40 pothole instance
rdd2022_india,India_007611.jpg,rdd_India_007611.jpg,train,5d65cff619d61842f7f1dd6dd7282a92,473bd97951584ae70215cf730a1c6600e05e2e2e29debf491229bf902907c7cd,93a5255b11fceb11,2,ACCEPTED,Clean D40 pothole instance
rdd2022_india,India_006201.jpg,rdd_India_006201.jpg,train,73331d2ac747cdddeb330fc2ed3e502b,c14733c92a4f1201dfd1bb0e79e7ad124051f4ac8c4449ce964b0009c42cc56f,dd9db0a62d69d242,5,ACCEPTED,Clean D40 pothole instance
rdd2022_india,India_003056.jpg,rdd_India_003056.jpg,train,310a8a43f8c6d1f1196457118d913675,cc03d4bd48ad4fd4ac2337ad975371ee00dbaf74d2241d27c7852932f5455817,84b0ef5f7384682d,6,ACCEPTED,Clean D40 pothole instance
rdd2022_india,India_005995.jpg,rdd_India_005995.jpg,train,1a8cbac17e3911cdafd3ba6dd30e22b4,4c3384065d29836914bbe9518a7aba38e928eca4bdd49e49a0103b4a3bdff880,9786856b746207af,1,ACCEPTED,Clean D40 pothole instance
rdd2022_india,India_003550.jpg,rdd_India_003550.jpg,train,4b7a4f6ef020fd556fca2187684847f1,8d5138a761c030673530b39de30d2b1d66ee7328df43c33b12df364f1da8295f,d5852fe04a7a3595,1,ACCEPTED,Clean D40 pothole instance
rdd2022_india,India_001121.jpg,rdd_India_001121.jpg,train,9698b8cb2586f4021da5ae48be054e2c,f05ab620fe5a8ea346d491a8c7db57550e1c8c38fae85378a46526376b089330,dcdae3613c9c4863,1,ACCEPTED,Clean D40 pothole instance
rdd2022_india,India_003065.jpg,rdd_India_003065.jpg,train,2113219f1acc8813ebdcf84bbb919e29,753cacc6dc301b40e6826c8b27fce627bd59e441b9db6c47c06834bfef72cf6d,8381e87a1cd5e73a,1,ACCEPTED,Clean D40 pothole instance
rdd2022_india,India_004143.jpg,rdd_India_004143.jpg,train,564ff1979ab920d6ac25676d00444396,2732f65d956a24ec4cc666b841ad4358ad48c8baa389d2e8a2c78f44c83c96d0,99ab4f18ccf77018,2,ACCEPTED,Clean D40 pothole instance
rdd2022_india,India_003368.jpg,rdd_India_003368.jpg,train,75720f7b3c6e12d341d59236d0e0eff8,52140d0f681bd8f1d1ffcbfc1085cbbdec7cfaaa422569a85b5405a7de5c89be,9595e36a3a9c6361,1,ACCEPTED,Clean D40 pothole instance
rdd2022_india,India_007890.jpg,rdd_India_007890.jpg,train,907cf1abf11bc03d0bcaf36f03128714,2eedf9149762ba73011f97265d04749edf1afa86528adf994b0f1c8b79cb1416,8986864b6bf4f629,1,ACCEPTED,Clean D40 pothole instance
rdd2022_india,India_005743.jpg,rdd_India_005743.jpg,train,7604e592924d9fe3a35526e141a66d05,1c7cdb33fd0ee349523a636149814756a0a6dd8588213badc9db0e5995ad06ed,968fb1c01ecbb5e0,7,ACCEPTED,Clean D40 pothole instance
rdd2022_india,India_009553.jpg,rdd_India_009553.jpg,train,521c2401eb61b7a2ea74b980807555b0,dccc92623e4e147818f422a6f551c990f9786c731a5fe60654b656aa2702386d,dad2d065093e9ee2,2,ACCEPTED,Clean D40 pothole instance
rdd2022_india,India_006406.jpg,rdd_India_006406.jpg,train,cb36c62b86c282b04b769a5ccb64344b,e8cf9e042b7aa7a4030b11989ecdf93922ab173b902b9e5f218c853374b8fa8c,8180f75f0d87e669,1,ACCEPTED,Clean D40 pothole instance
rdd2022_india,India_007147.jpg,rdd_India_007147.jpg,train,6520becf8c29b299f062cd38717ade46,8c090d84b56ec00afb2a336bf275613bc473788bd603e6560dab89c0bc1a88c3,83a9eccc16b1c5ce,7,ACCEPTED,Clean D40 pothole instance
rdd2022_india,India_008177.jpg,rdd_India_008177.jpg,train,836f396d3df9f814a7eb33bbef26cb23,4639ef4c8def4cd801c2d3d0bd34a4430589931420163a26b5e9db92d3c5893f,ccec9593537b8606,1,ACCEPTED,Clean D40 pothole instance
rdd2022_india,India_003391.jpg,rdd_India_003391.jpg,train,d7ab54dcca01c3288f426f5f4db7dfdc,b8431f1ae89b946a8e84e05b79845054351d91b68e03df9524ce7afe308a1c63,d7ae25170ff4420b,1,ACCEPTED,Clean D40 pothole instance
rdd2022_india,India_008620.jpg,rdd_India_008620.jpg,train,cd9ccf7fe20b5e85c725b1dbb9b42b95,59840f9669a57f2fe24854515b3f88739a1e8df7bbb4e60313933f649a74bf2e,95a6a2d619abe2ca,4,ACCEPTED,Clean D40 pothole instance
rdd2022_india,India_006896.jpg,rdd_India_006896.jpg,train,3869c4bde7bf958dcc65ed360eceec31,987ca5e2e51cabedb34c19bdd1fc9203178a21646d25f291882d1e63b2f27fee,dbdaf2300c0dc771,1,ACCEPTED,Clean D40 pothole instance
rdd2022_india,India_002119.jpg,rdd_India_002119.jpg,train,91fb740af6cbef105a920a03a37b556b,28c5792ee0b918309af24e59f6497cbabb3fe730020022b64a4087845d4e90b7,8b4f43d1f18326f8,1,ACCEPTED,Clean D40 pothole instance
rdd2022_india,India_005724.jpg,rdd_India_005724.jpg,train,946a823dd802c2a018492b8b358e3655,37b3e803202562ae99b82a1dcca2bb03f1a2bef03d4b241d5f3c93542eddf8f5,ca8ab5646dd15ab4,1,ACCEPTED,Clean D40 pothole instance
rdd2022_india,India_001877.jpg,rdd_India_001877.jpg,train,6eb4c72d4d9853ba0d884c972d50e3ad,cdc1e6e45d0432ee99258a216b2f98401beeafc467c9b8499d703af7f8174207,d29aa1ade5555e0a,2,ACCEPTED,Clean D40 pothole instance
rdd2022_india,India_006127.jpg,rdd_India_006127.jpg,train,bcc267b3f99044892c255ed9abf5b1f8,69770e9afd4f8366374e07f93e877fd006561efb70026da219821edca80810e0,ccccf1331ee1d849,2,ACCEPTED,Clean D40 pothole instance
rdd2022_india,India_008416.jpg,rdd_India_008416.jpg,train,f1a9ad5ec9dba78e0a8c3e965a2e0ea4,db6abdc0be662846cfc6a9e71ac87280df18d7417a75cbd729e955e709dfe967,838fae4079f98678,5,ACCEPTED,Clean D40 pothole instance
rdd2022_india,India_004701.jpg,rdd_India_004701.jpg,train,f879ae4a51714d65af0c3a8281a16781,9a1fcc22a36b7351e2a8f80f726d686e1b45a22b21cea6ce64ab05130cde0ec9,9080e74f18bcc75f,5,ACCEPTED,Clean D40 pothole instance
rdd2022_india,India_005704.jpg,rdd_India_005704.jpg,train,77477e8329cad6aeeaee19e60a0dc491,42667ce795f9a7a6a6c820e8e7d3c160b5830600ec5a91ac67341e614bc01513,da94b52d2ac25675,1,ACCEPTED,Clean D40 pothole instance
rdd2022_india,India_001287.jpg,rdd_India_001287.jpg,train,d043a6ae2c79d0bd2ef9f8faad856c41,bb1e0c45fe490536147aeba132655cbb91131f4bc8f6131a806a2e12a1cf6e46,d195b5ad09cad2aa,6,ACCEPTED,Clean D40 pothole instance
rdd2022_india,India_006476.jpg,rdd_India_006476.jpg,train,6b6130aca4e904bdfeea2d06c5c7c1f8,f8e519285ad129891586d779e739f6cc74b628603444170561b2bd2717bf9c42,b3824cc71bfcc44e,1,ACCEPTED,Clean D40 pothole instance
rdd2022_india,India_005543.jpg,rdd_India_005543.jpg,train,82b1c145788afb18c455839288146344,cce3fcf5d12fa6774a06a13a24c373612c0d86fb294052e1902fd647d36691b7,d494a0e36f2b1b1e,1,ACCEPTED,Clean D40 pothole instance
rdd2022_india,India_000193.jpg,rdd_India_000193.jpg,train,308bb54eb76fe04e047931033661eedb,240770b2831a0d6525057743c8203f0aa6a781fa9e9c4844a467f9ef08b5b620,999ceec6c3952362,2,ACCEPTED,Clean D40 pothole instance
rdd2022_india,India_004393.jpg,rdd_India_004393.jpg,train,7000c9e6891ac1c887e69b65f950d4df,0ecf853826c783e1f14d345d81f13e1f432a40590ddec6da73e420cd13988b46,8eafe0113cab5d38,1,ACCEPTED,Clean D40 pothole instance
rdd2022_india,India_008569.jpg,rdd_India_008569.jpg,train,fca8ed05d826ea111591948b1fd2bb23,923a59e4a45433ce782332c8d1e1e2bcada88def2c781997a36d1f8bf0f7e115,e6cc99915726a2e9,1,ACCEPTED,Clean D40 pothole instance
rdd2022_india,India_006670.jpg,rdd_India_006670.jpg,train,2607d1ff6851b7e0a8bef6876b63b5f8,649bbf71b51003e62cff6e803818937c81b8379ad3c179ba3d0124d3eee37f8d,9091d0ec672e2f8f,1,ACCEPTED,Clean D40 pothole instance
rdd2022_india,India_000923.jpg,rdd_India_000923.jpg,train,037cb3cf6ae4f20f10818586a327887d,61b54579108c2742e481a9c1d7077efe70c5474bcfd7bea6fefdd8563825bcb7,85ae7416b3d66a31,1,ACCEPTED,Clean D40 pothole instance
rdd2022_india,India_004828.jpg,rdd_India_004828.jpg,train,b0247c8a1360eac002fc0477b7e5c6e2,e34ead8e7bc4b6f17710848e4eaadddd42b386f128fe08b476e5847920e9c589,d189a64a4bd7b5a1,2,ACCEPTED,Clean D40 pothole instance
rdd2022_india,India_008728.jpg,rdd_India_008728.jpg,train,a739207a92a0da953f7e81f4b51e391b,e5fe24052423c43044703755f03738f7bdc410e1e153ab60be6e303bd41de5f8,de9aa0e76d21191e,3,ACCEPTED,Clean D40 pothole instance
rdd2022_india,India_009826.jpg,rdd_India_009826.jpg,train,5367834d3a8d359e660c2528dadab7b4,20040c712b65afe5650bded9f8b086abe597aafde46a7ca1983f61814fd0d71c,959ceeca1a15d4ca,1,ACCEPTED,Clean D40 pothole instance
rdd2022_india,India_007034.jpg,rdd_India_007034.jpg,train,77b540b731fdc50cfb25149f876dbaba,c280c2d3c441fa08727ff0b459cc5fcb24021c648908ed4f81ebfb0d6b4c5055,918020373f1f1e7f,1,ACCEPTED,Clean D40 pothole instance
rdd2022_india,India_004483.jpg,rdd_India_004483.jpg,train,ac019b9d430b71fa64a0a837cc59b5f7,5e6eb959bcbb80a5030e4ce7c92d145a68a1027d37ad06424abfd35004a11e51,8181fa7fbf826074,2,ACCEPTED,Clean D40 pothole instance
rdd2022_india,India_000614.jpg,rdd_India_000614.jpg,train,2a10eb841aabf40df7486fd0a0b0a7ff,da637ec43ed2611b53c86d5ba5d7593c13f47d77406dc54af49db4969d55671b,968a25a1c36bf3d2,2,ACCEPTED,Clean D40 pothole instance
rdd2022_india,India_007572.jpg,rdd_India_007572.jpg,train,74b04b9fc967446af2f3ac5ebb16f4cb,4abec0d780a1cb428f41b7ebed3c7391e051da9207686317d2e158ff178a51d0,93a1ee5a5584e1ea,2,ACCEPTED,Clean D40 pothole instance
rdd2022_india,India_001494.jpg,rdd_India_001494.jpg,train,8892c667965740afc3bfa1cd17233fba,462927208291401a9bd58921f0fd5f9391bda905ef88005cdf17c841e177188d,8180fc783bb5067f,2,ACCEPTED,Clean D40 pothole instance
rdd2022_india,India_007989.jpg,rdd_India_007989.jpg,train,3e053781d880cd30345ba5408770f24a,06e970c74dbabd449804f6db452c8e512b60891d0566226f32aad08acb0d5e4e,80a8fd5f3bc14837,1,ACCEPTED,Clean D40 pothole instance
rdd2022_india,India_009051.jpg,rdd_India_009051.jpg,train,22db5c1f87a28bac8c0acc37524cf8e0,555bce1967de4c75a255099609bfca022cc19f44bb4b6e3317f0220c67fdcce7,dd9da3e260041d5f,6,ACCEPTED,Clean D40 pothole instance
rdd2022_india,India_003879.jpg,rdd_India_003879.jpg,train,c2ae670d444c1d2408483e926fd01466,3acef26f498f2534de84aa1c5625a575c6d52d2171294ba3489a985df30dbcb6,8ca623153eb5533e,3,ACCEPTED,Clean D40 pothole instance
rdd2022_india,India_009205.jpg,rdd_India_009205.jpg,train,7802551cec76a4044ca8acc3a6699442,6a8999428bc6a60c00122321fe4a0d361b3322652f2f76c9d69261ce99d34ded,d395b4a80b1bd6e4,1,ACCEPTED,Clean D40 pothole instance
rdd2022_india,India_001247.jpg,rdd_India_001247.jpg,train,6222215cba21e8e3c954179cac6d94b3,24cbfd8047d959fbe9d154d93706b0896cf7684fbc2cdd835ce873619eaba7b4,d195b5a668cbd2a2,2,ACCEPTED,Clean D40 pothole instance
rdd2022_india,India_003048.jpg,rdd_India_003048.jpg,train,be5519ec23a5304c58419362a6350901,2e9787af5bd9b496402088aa6a370ed9f2693c9b6a74673b4e6a93229bcba13a,9a92e4ed7d034678,1,ACCEPTED,Clean D40 pothole instance
rdd2022_india,India_008297.jpg,rdd_India_008297.jpg,train,de00f3ee266c23b0ede1749f632dc817,e39dee0a4d26d68248434564163a04b3036216d8f7a35994c687a9dae00f711a,928e5d4ad4b97313,3,ACCEPTED,Clean D40 pothole instance
rdd2022_india,India_009142.jpg,rdd_India_009142.jpg,train,353090c4a8112b634e64dbe88d368ca5,c6bd32036a6a3a223f10c56deb9d3e23f5e1ce39979aeefa28cc97a2f48bc9c6,9bb3b644489bb364,2,ACCEPTED,Clean D40 pothole instance
rdd2022_india,India_009863.jpg,rdd_India_009863.jpg,train,97ab6f392eb0701ebe065ddfaa7051c7,794ccb375e830a130a7871d96e395b18139a9243391c50772e0e3808ec8eb5ea,d5d5aca82b29a2ba,2,ACCEPTED,Clean D40 pothole instance
rdd2022_india,India_000994.jpg,rdd_India_000994.jpg,train,29570e22f875ed0093b08c3bec877f7e,caad4aab601fb6ae89bb80af6916446292456edc4d947943a97e01f8ddd9e41b,978aec9536c9d906,7,ACCEPTED,Clean D40 pothole instance
rdd2022_india,India_002496.jpg,rdd_India_002496.jpg,train,9b41a7931ca594855913bf1e9c3ef2ea,5c8f6dd01b8dbf9f9d9902cb40f5f71a64672e09d55760bce3791c64ac45c80a,d696bda928eada40,2,ACCEPTED,Clean D40 pothole instance
rdd2022_india,India_005266.jpg,rdd_India_005266.jpg,train,e45caa13cf780b9cb6dbfb1adf474658,0a1143b84e1d03c90268d1c815fe21bf84c516009a3dad551ceabd36f0366318,da94a52d2aca5675,1,ACCEPTED,Clean D40 pothole instance
rdd2022_india,India_004887.jpg,rdd_India_004887.jpg,train,8be985044a390a81bea71daadc848813,190135008ccb53fc6d2d68c5df19b03343aee05f32dd1122d3a301e8d76ef505,c8c0e77f1a9f4324,3,ACCEPTED,Clean D40 pothole instance
rdd2022_india,India_008957.jpg,rdd_India_008957.jpg,train,f5bf1c20e48dd3cf64f35039e58d9034,b416a6302025c137feaebbe5bd10acea1401159e4658af3fb768ab85c045e6f9,908ded4b72e56863,4,ACCEPTED,Clean D40 pothole instance
rdd2022_india,India_007650.jpg,rdd_India_007650.jpg,train,5fe27b81e55612f5a0277401e2b9afe2,dd878b68c5eb2f2594828a1a5a737de28b24d502799aec1806bdf1dba8884376,db93b4943682ea69,3,ACCEPTED,Clean D40 pothole instance
rdd2022_india,India_004003.jpg,rdd_India_004003.jpg,train,566a6e971e056d0cea855015c75dea14,c9d5ce7c80009bb5f8a6b852a865c036ae201a59ead0e52ea61fcfaa1a910343,84ad8f50eadd583a,5,ACCEPTED,Clean D40 pothole instance
rdd2022_india,India_000431.jpg,rdd_India_000431.jpg,train,3f0a269459a7186a7d2696cbc63c4f13,131b6bc88ccc69640f48623fed1452c74ad228ab23287d5aa3437f87ed945aed,c893b7ac0bd3b22a,1,ACCEPTED,Clean D40 pothole instance
rdd2022_india,India_007706.jpg,rdd_India_007706.jpg,train,e629227a8e40c8c5e1a91d41f32221bb,451c39052562bf01d38841e39180812db799727dbc6d716ce37dec5d49361eee,cdd0f0b4298dcb1b,2,ACCEPTED,Clean D40 pothole instance
rdd2022_india,India_001320.jpg,rdd_India_001320.jpg,train,b4645decaf804515d0e037b232d8b49e,59a99af11dc36ea5f1ae1ecc887de6ca8e6f7e74d2c273024021d89b87814f0d,d9f1c7870858f463,1,ACCEPTED,Clean D40 pothole instance
rdd2022_india,India_003993.jpg,rdd_India_003993.jpg,train,367dd9fd3634cd9edadb4aef153695b3,fb79364e209e38cb0cb9adab6c75e200fdd21496a7cfd4c71c3d07b0b1cda023,d396a42d69c37634,2,ACCEPTED,Clean D40 pothole instance
rdd2022_india,India_002007.jpg,rdd_India_002007.jpg,train,4613ed38ecb42a36b26f128238375752,6c532ee05a18e1d7a39a80eca375c8401b25a5b7f1087400b3377a3c8283052e,d58d394a0eedb14a,2,ACCEPTED,Clean D40 pothole instance
rdd2022_india,India_009579.jpg,rdd_India_009579.jpg,train,6506e4bc20d0e06c1856d07863f4ca6a,7f73c0a4b2e3c9a8fcf68023c0b828e9020c9d3f29bd6d303350224b20297f81,8f8eb6b50d295ac2,1,ACCEPTED,Clean D40 pothole instance
rdd2022_india,India_009458.jpg,rdd_India_009458.jpg,train,1196675bdf92a0da9d2b14e4fe86958b,34f674e92478618c796dabd41a1dd06d326ef437410ecf4d514fc066fdd0d15f,d494beeb2d25c4c2,1,ACCEPTED,Clean D40 pothole instance
rdd2022_india,India_008034.jpg,rdd_India_008034.jpg,train,0ac3edcc48f7ece1599375b5c587a125,8e608690b4672566c58f25137c2487b0c20867d34b33a40befdb6d3d75bdb7af,b7b788c8c07c3707,2,ACCEPTED,Clean D40 pothole instance
rdd2022_india,India_008025.jpg,rdd_India_008025.jpg,train,9c28f40ec399981f5e42a84c6c6e511f,d51edf354f09ca4ec1297cb8e9e3339c5a789509741da02a25952e366265bffc,878fe0d019bd4f29,1,ACCEPTED,Clean D40 pothole instance
rdd2022_india,India_002063.jpg,rdd_India_002063.jpg,train,075bc512cc587d88bba4b42df26c666c,0a865e4c1050c9722c8553a58bfc5c0e9e2125dbdae9b507608217c339edca34,d1d2f67839b5c441,1,ACCEPTED,Clean D40 pothole instance
rdd2022_india,India_004779.jpg,rdd_India_004779.jpg,train,2235055a22fa5b9d16c395bb251d636b,a8b2f2fc29ddbd8741032a6c2188731947489f8f61b61b773012f37b37b0d68b,9d86e673098cc673,1,ACCEPTED,Clean D40 pothole instance
rdd2022_india,India_003172.jpg,rdd_India_003172.jpg,train,0b7b2245868491fca22a67f5ed78fda2,fef700647694af0bcd4e2ba76d087e3a1ecd44b5a88a14809bb9c986cada1104,858fb270c9c3637c,1,ACCEPTED,Clean D40 pothole instance
rdd2022_india,India_009245.jpg,rdd_India_009245.jpg,train,3924d093612aada0e32a0e66ffb055de,04e221efc3be6219c99c1d345cab74bab21dfb1a1f35052d29c339b875a312c3,81a82e6d1386bde7,1,ACCEPTED,Clean D40 pothole instance
rdd2022_india,India_006202.jpg,rdd_India_006202.jpg,train,bc1e9140abba678a64e4bad49e41059f,7367825076a5fee29e6ccad917ed75a02923660ad740797fadd2f4e0108fe935,d19cac2d49c656a7,2,ACCEPTED,Clean D40 pothole instance
rdd2022_india,India_002772.jpg,rdd_India_002772.jpg,train,97fbc21cf0f454ffab4b1559bb616c67,b851ee4a7f74306a913aedca68b4934b390e25c5369b3ad2acfede70d61a6fdf,8585e2e279d8dcac,3,ACCEPTED,Clean D40 pothole instance
rdd2022_india,India_009856.jpg,rdd_India_009856.jpg,train,0e23a4df9f878a3be6e03c4f610dce12,bf740a002a6286ea790ce517eaa806352c5d3931adf6c781d5e7b978b9074787,c9ad365b0991b64b,8,ACCEPTED,Clean D40 pothole instance
rdd2022_india,India_001424.jpg,rdd_India_001424.jpg,train,d6c87f3af9f73b66846424bcbbefb43e,aeff4c6ae6754c0e9328ebb3010e3719b58f48be7fc47944caa71541158fa18d,9191adb9b9c82ba5,1,ACCEPTED,Clean D40 pothole instance
rdd2022_india,India_008860.jpg,rdd_India_008860.jpg,train,ea23d1e1ecbf158891d2f3a781b69c97,3e1815c85e0f6b6fbc343e870d449eece6589cadc9dcb88cb9dcc6f5b1d7120b,d898a54d4ad6f6a1,13,ACCEPTED,Clean D40 pothole instance
rdd2022_india,India_006318.jpg,rdd_India_006318.jpg,train,e8d683a6ccdef34a019d789c4f5071a4,378bcbe928d81c74ba08c18fd53bd4b21edcbc89c88fdd0f79ee22c5c90e3ab0,85ad495a6acd593a,2,ACCEPTED,Clean D40 pothole instance
rdd2022_india,India_001552.jpg,rdd_India_001552.jpg,train,618dda04766077eabab18a632c2b6a97,49508de7207a74c8afd2a6311a6468c4e0c59f67293c6e00d9f709baef039213,d191bee84a55d4e4,5,ACCEPTED,Clean D40 pothole instance
rdd2022_india,India_003006.jpg,rdd_India_003006.jpg,train,73f67259409829d6afa8ca87ec401838,fa46f36b95decab1143e7bb007269e37ccffbde4b64719b7c1e67eef6d3d8188,d595a6c63a21bcca,1,ACCEPTED,Clean D40 pothole instance
rdd2022_india,India_001872.jpg,rdd_India_001872.jpg,train,01e0c6810a8aedb708cb3937407e8cf7,8ef5a7243dabf117725efa9c31501e7e05777dc75c2654dbaab420e6fcdad90f,9191cd46b6ae5c78,1,ACCEPTED,Clean D40 pothole instance
rdd2022_india,India_008244.jpg,rdd_India_008244.jpg,train,1903cc5762b03344c50414669f968366,0cb452a9ff5d60e7834aca9ab4308a37f565565d1f67cb590745e620babd9853,d594aa692dd75268,2,ACCEPTED,Clean D40 pothole instance
rdd2022_india,India_000361.jpg,rdd_India_000361.jpg,train,bf393897ca26ac64f83381ec6eff519c,7af7ba53947893bdef0077ed2e75ac84bcee4b38c433de59c7ef1c6ca5c7f2e0,d095a7ed2953cac2,3,ACCEPTED,Clean D40 pothole instance
rdd2022_india,India_002498.jpg,rdd_India_002498.jpg,train,68848659358486931d9dc620ce17611d,b73d0d96bc2bc9c6eb42cdfdeaf0e95441e0348654223bd579bd2ea2555565ec,9383e67479b8c44e,3,ACCEPTED,Clean D40 pothole instance
rdd2022_india,India_003087.jpg,rdd_India_003087.jpg,train,724e81bb32c3b061688727688a235e60,ed9b7514279f7286390a0716fd579b132ae986ceb835a09189699f1c576ea2f6,8190f67e7938960f,1,ACCEPTED,Clean D40 pothole instance
rdd2022_india,India_000486.jpg,rdd_India_000486.jpg,train,a4d48427ede9ad2b568c36fd60d361e4,c8cc4da14d8bec94c8851a3c6843241f8bf31c44da62aa35d0b32b7c3f05c98a,818a4f438efe4e35,1,ACCEPTED,Clean D40 pothole instance
rdd2022_india,India_000596.jpg,rdd_India_000596.jpg,train,802b962920ee2582a612e36da4f4630d,d5eeeed1509b2af3feabff6f95894b0d4470c4c9811911167ae2f303013251e7,a781bc70534f89b3,1,ACCEPTED,Clean D40 pothole instance
rdd2022_india,India_008632.jpg,rdd_India_008632.jpg,train,30b30ca88ca645823a0ab110d067fcee,34fb1e254f6173592c4a5cbea5f3686cb0e2be507e64f845da10c5e6cd825cd2,989cec73339c0ce3,2,ACCEPTED,Clean D40 pothole instance
rdd2022_india,India_000921.jpg,rdd_India_000921.jpg,train,ca9826d14cedd06f96b2f87bd50d35d5,ca0e12384b93677b323a1bead05fa3c9749df4b509da880cd20b2bf8049feafd,8687f0702c9f5f23,1,ACCEPTED,Clean D40 pothole instance
rdd2022_india,India_008618.jpg,rdd_India_008618.jpg,train,d234750d5d8c8c11fe23d497e648e878,d6ed05bc46b338eb6d5eb482d3122a5a8f79b81c0a46e433e9429dbc165e5e98,9c9cf0961ce447b9,1,ACCEPTED,Clean D40 pothole instance
rdd2022_india,India_002854.jpg,rdd_India_002854.jpg,train,301be2c67148104d99c7dd6d6f2950d8,e5019d0e34b11c6487096a85ed7eafdddc314f7bdba5f2aeb4ce69fd7188ee9a,82aa2d0d34aff556,1,ACCEPTED,Clean D40 pothole instance
rdd2022_india,India_004524.jpg,rdd_India_004524.jpg,train,b1c2657664d71c14ff30ad09a2e0d9a4,fe817b728c22e7ccb743d1188f3236ffeb99118071dcc604e5a6b71c3e325ce4,83d0743f2b80d87f,1,ACCEPTED,Clean D40 pothole instance
rdd2022_india,India_000732.jpg,rdd_India_000732.jpg,train,64ea91d0353f0908a8000aab9baaaa42,f2a76d852599264f7236d180cc6cbc6f5bbf77d4ba0b1f360c87d5995f1f639b,cce4b1bd9c8dc191,1,ACCEPTED,Clean D40 pothole instance
rdd2022_india,India_007155.jpg,rdd_India_007155.jpg,train,f3a0f0d0969f1683e1b5be7e967dc2f5,ec40c3710397574506d7a8cd15cf09214aea77baa40c9b3763b3ed2753e2592a,8381ce7ab1c84cdf,1,ACCEPTED,Clean D40 pothole instance
rdd2022_india,India_000323.jpg,rdd_India_000323.jpg,train,e8f0646f7440e5817f4ce58fbcb5c97e,fa0503c6c1f2a84225a27318d516341e41e443cf0aa15d8c5c4913100b54aac7,db92b42d0bd25635,3,ACCEPTED,Clean D40 pothole instance
rdd2022_india,India_006290.jpg,rdd_India_006290.jpg,train,f050a0bf5878c77c63c85ec30395d794,3f07fd27a6beeb5cf595a67e7cd44ba8308b6e8f7f0210350df2cea658e6b467,948622df5cccf163,7,ACCEPTED,Clean D40 pothole instance
rdd2022_india,India_001053.jpg,rdd_India_001053.jpg,train,87538834ef4569b5b420ee3ec188e424,c4e54d29062d5bd9e1736a382c08ccc145b6f7e85cafb4c95d121c0da7856b9b,d1b1b58dcecc4c1a,1,ACCEPTED,Clean D40 pothole instance
rdd2022_india,India_003126.jpg,rdd_India_003126.jpg,train,a2de067d8214ba506d6156c3c8b89f88,acb0b25085b4c9d7e3bb74f602d5d082692dd1e76d246424326914ad1100619a,c89aa7c67f2949a8,1,ACCEPTED,Clean D40 pothole instance
rdd2022_india,India_005547.jpg,rdd_India_005547.jpg,train,154d8c8e53e32542f3bcd3fdfa7072b2,30be352ab3d6c72eb4a6fa2c64b646a6788050f5c9a71bea1bdcea54790f6be5,87af60541787d2ea,2,ACCEPTED,Clean D40 pothole instance
rdd2022_india,India_003542.jpg,rdd_India_003542.jpg,train,b14e5fab427df462a59201cdaea4275e,9cba1ecf9a8bce21ebb329208fe5528060878ca5d78eb5dae9d7abedac4aedea,90daef271b90d84e,3,ACCEPTED,Clean D40 pothole instance
rdd2022_india,India_009782.jpg,rdd_India_009782.jpg,train,320b7de855f12c3f7ff1837dff5dd825,6c5fc7d1309ad00cbe741d40b36f1bf133523203b100da78ab5feecb3b977fd8,91b34e4c85f66e8a,1,ACCEPTED,Clean D40 pothole instance
rdd2022_india,India_004345.jpg,rdd_India_004345.jpg,train,deae0c3b45fe7aac965905ce0eac5f5d,e40a5d9dba3a34116aa758571a389a68bb5f724ba5bf0fe6a8546198c6e2f0c7,da9ab4e5053d85c5,7,ACCEPTED,Clean D40 pothole instance
rdd2022_india,India_004209.jpg,rdd_India_004209.jpg,train,68721e4efb7adc06da925e30379e3026,7c69dd5748d163b7df991c1eeadcb9d46ae79db54e561f2e7ef588cff47ebf01,8995b6463dc98ad3,2,ACCEPTED,Clean D40 pothole instance
rdd2022_india,India_006087.jpg,rdd_India_006087.jpg,train,c79a9bd2b7ec453dcaaf16d448903ece,46e1d78c5ff64e0431a729c6dd34aa4e604552dbebef7f6230f1a97e9da50c7e,85bb530fd3c37083,1,ACCEPTED,Clean D40 pothole instance
rdd2022_india,India_002679.jpg,rdd_India_002679.jpg,train,eb80ebc25efcf9483dbf6cc6f3cf8da7,a40e807322b8f4c3a2cb9b599d376fce735ae19bb1f1a40e8332c95b08ae469e,bea5e0703e9ec462,2,ACCEPTED,Clean D40 pothole instance
rdd2022_india,India_004226.jpg,rdd_India_004226.jpg,train,0f254885ad44be301bea2bbcbf14118a,5e06ca888cd1a7c8ebec4c3140cf7a3c3225d2089ee0fbf9856a60cbac09be33,8181e373589eb763,2,ACCEPTED,Clean D40 pothole instance
rdd2022_india,India_004958.jpg,rdd_India_004958.jpg,train,004976923fecb7d3c229a5ed1624b3b8,2fbc553e1862f261c9753b013623a7abff924ebf34872a88b7e92d7d49349cee,8ca136f41e3b8ed2,5,ACCEPTED,Clean D40 pothole instance
rdd2022_india,India_003231.jpg,rdd_India_003231.jpg,train,cd0bd0e949fba05550a9904358602635,8d4921bf7b086fbd01828943a7596c3f65737560b117497e561c80e49064d949,d494eda923a7e129,4,ACCEPTED,Clean D40 pothole instance
rdd2022_india,India_000718.jpg,rdd_India_000718.jpg,train,a48e7c354fce31f67c69b8eafaf1a4ee,68785eed1f732b5799f07657fa73c54fd8eb14cc4cd60a19b9be9da207d7acdd,dadaf2300c0ccfd3,2,ACCEPTED,Clean D40 pothole instance
rdd2022_india,India_002207.jpg,rdd_India_002207.jpg,train,be4e3c986b17aef7fae47bd4a3baf48c,7161ad37b5cd0f67ac792ba01df91fa39dac73acd897ca859a6c8c7a9aa74caf,c2cabb9032a6e66d,1,ACCEPTED,Clean D40 pothole instance
rdd2022_india,India_006160.jpg,rdd_India_006160.jpg,train,cc411af848de31d6bfab63bfef9adf42,86a2f5453809cab51b2e980e6d2bd71769478474af46aec2464f797826cb7629,909c7c861cf9c75c,1,ACCEPTED,Clean D40 pothole instance
rdd2022_india,India_001684.jpg,rdd_India_001684.jpg,train,3c19ea74aaa9aa6ec2e257d1fb22dad1,8f821c9ceb49c7e10e5e4d9d7ce2739ed4ba06f51425fb793ef289dd57c55b4b,89a6767981c6743b,2,ACCEPTED,Clean D40 pothole instance
rdd2022_india,India_005643.jpg,rdd_India_005643.jpg,train,ed5aed6a958df70cbb0218a30ecccf3f,18af64fb122d964478d7add4d4f340e465894df9563825d034e83ce4770bc33e,cdcf078e0a9455d5,1,ACCEPTED,Clean D40 pothole instance
rdd2022_india,India_008505.jpg,rdd_India_008505.jpg,train,f998176b33e1946821c3e0950cb6fbaf,d9e9b0d53c81e005c5c0f49fa8c59af4c0eb5998508d0f4dfc2576a016c6afeb,87d3a38caca165ce,1,ACCEPTED,Clean D40 pothole instance
rdd2022_india,India_001088.jpg,rdd_India_001088.jpg,train,48cd759adb1a457ad8ba0f9c8085d00e,b92136b5326b262c572df151965fe4d972f624b7b62ffce195a167f59028df33,dc9ce0e1393587e8,1,ACCEPTED,Clean D40 pothole instance
rdd2022_india,India_009869.jpg,rdd_India_009869.jpg,train,05b567f45d056c50dfa74ef6352e2a72,e16a0fc6bc8fb6ab1a4a6641aa7a0db00a31862584ba3de8f8df3597b8ac7707,c3c3f8787ec68921,1,ACCEPTED,Clean D40 pothole instance
rdd2022_india,India_008749.jpg,rdd_India_008749.jpg,train,3adc80559d8ba7a99c6db0d4f7986771,0ba03e6e7c4a923dab9811033efb08fda43a644e51e0fbf7d49738b8a53f1065,9494e6eb2ba9ae06,5,ACCEPTED,Clean D40 pothole instance
rdd2022_india,India_007529.jpg,rdd_India_007529.jpg,train,94dcb4aedb3e446db3224c40ebfd7ddc,caf661489a6d8489911bb3d24897ebc9a8335060be9c77bfb8a6ae8e2616129b,9191ee6e5891d5a6,1,ACCEPTED,Clean D40 pothole instance
rdd2022_india,India_007883.jpg,rdd_India_007883.jpg,train,2e79e748ac2879e2600b8f478683b363,e3cc37f58f3d3bd99c4cec2a6ef9e92b6b81ce4fe73744de34be0b6771d1f4fc,9485e3e2709cec7a,1,ACCEPTED,Clean D40 pothole instance
rdd2022_india,India_005219.jpg,rdd_India_005219.jpg,train,d4f37289fbccda74d585958a4378952c,4edd4ee747e5234037716de7115af09df83bfbf47393f7bc9c60d7312ddcff79,d996b4a52989caea,4,ACCEPTED,Clean D40 pothole instance
rdd2022_india,India_000440.jpg,rdd_India_000440.jpg,train,e6d1685097f8844c55bd7b33b8f31069,08856b76cd90200135a02575b1b4aefd2511b5e7cc99d8b4a6a4366fc21a6ab5,81a0eece3315faca,1,ACCEPTED,Clean D40 pothole instance
rdd2022_india,India_007051.jpg,rdd_India_007051.jpg,train,8133c731ffc312f642c35af7c68128a7,5f66abdf0e77d09725e7f70609fac270fccf947660cd8586be19096ff2914be0,d9d94e0eb1b3524a,1,ACCEPTED,Clean D40 pothole instance
rdd2022_india,India_008250.jpg,rdd_India_008250.jpg,train,533b005dbc3243052ea21cc5d5dffced,67d1298e8328bff4ae69df7eba58e3f017e69074b8924700fa7d8300513d8bb3,dfaca0480bd3f0e9,1,ACCEPTED,Clean D40 pothole instance
rdd2022_india,India_001168.jpg,rdd_India_001168.jpg,val,fca688c4ae87d46e9bba67b4a3fdb4db,4293e49d8119514563086f0b8be44c20a50253ec84bec7ccd03b67efd6301421,99b3e66659990d26,1,ACCEPTED,Clean D40 pothole instance
rdd2022_india,India_002973.jpg,rdd_India_002973.jpg,val,b0fc3993d6ce9d2215deeccbe46cbb0f,92b73be45e2de1984a874ef17bec86da78f5beab0e9ced55e069a7f0364da803,838282e5d53e753d,2,ACCEPTED,Clean D40 pothole instance
rdd2022_india,India_009392.jpg,rdd_India_009392.jpg,val,e37bebfa6aeca41fc548c619e11d885b,44c3807ea784693c55a850974acac3fade67ce95bffbbfe4fc07ed82d728d7fc,9395ad2b4accf425,1,ACCEPTED,Clean D40 pothole instance
rdd2022_india,India_006214.jpg,rdd_India_006214.jpg,val,4a0e42356a220bef386ca5d2f0f18865,8416f48bf01f2be3c83dc39344df3ef3d070a852038b86c40fea78dc31c012d6,cdcbe3121cc9c972,2,ACCEPTED,Clean D40 pothole instance
rdd2022_india,India_007007.jpg,rdd_India_007007.jpg,val,d22c5158811edbe65f9466cbf2a7f408,eeacac1fcd3b500d4f0598fe46a55976c752db6f790bedddbbd9b21f5026c9a6,f2b90c4473bb4c5c,1,ACCEPTED,Clean D40 pothole instance
rdd2022_india,India_001588.jpg,rdd_India_001588.jpg,val,c9c6aec36691c2fa3c46de9bb7c9b58b,61ba54d99efd4ad610298edc95cf68d831eb79709cada3a1c6aef0a238bda0a0,d5ab2c5e198bb44a,6,ACCEPTED,Clean D40 pothole instance
rdd2022_india,India_008926.jpg,rdd_India_008926.jpg,val,b08791a8b8581932cdebc59fd6b73412,b0135a29ec0cee79bf22c1536f8de6c5bfe2bafcfbd4e60bd83314514e2893ab,c9a4b6f10d2d9ae2,1,ACCEPTED,Clean D40 pothole instance
rdd2022_india,India_009817.jpg,rdd_India_009817.jpg,val,c30b0d94e46a27e38bd3c424acbc2731,2d201f0161d24bd0cd98511fc36b3633a16734001a16e1ae1f294065fc50b7d8,85ab7a5f03a2713a,3,ACCEPTED,Clean D40 pothole instance
rdd2022_india,India_000979.jpg,rdd_India_000979.jpg,val,0afb194787689e92196c52b551f2825a,5673285a00a690229be54ce2bc0b51b9152f0010a78ab427b5d80e4bc6e1d154,8f83a03c6f01daf6,2,ACCEPTED,Clean D40 pothole instance
rdd2022_india,India_004196.jpg,rdd_India_004196.jpg,val,ab630cd878eb0318ba096b42e1c73c95,a0efd9df7492779595fc71ce6c14eacf74deb857443e7146bdeee8452862afc6,92af4e51a47313cd,2,ACCEPTED,Clean D40 pothole instance
rdd2022_india,India_000848.jpg,rdd_India_000848.jpg,val,048752c67785b2a92d4d89f54fe9c325,05d87bcb76ee55c205659e4f1a4ab4e0bed199cd6a766ee0ad38c71addd820da,88804b7333ff70ad,1,ACCEPTED,Clean D40 pothole instance
rdd2022_india,India_007390.jpg,rdd_India_007390.jpg,val,0a0fc18c14a9dd277cf68259e9eed5c8,a13ed19d1aafb971674683fbb5a667472a4d34a9f510f7f7078f54aa6bc68d9c,818166e2693997fe,1,ACCEPTED,Clean D40 pothole instance
rdd2022_india,India_000017.jpg,rdd_India_000017.jpg,val,85cf0fa93308ec703ba480a6785ffc60,1cbcfb1417189c12958d6999b27d15e63b1b20258082a198fe675f49a1a6206f,d9dde42419195e66,4,ACCEPTED,Clean D40 pothole instance
rdd2022_india,India_000128.jpg,rdd_India_000128.jpg,val,31c7a2c597f7470371ae4f31e749c59d,5bdcf97eac748c47d99ae51db2038ae397516df8dd84558ff20816df09f55fc2,90d0e2e70b9ebc78,1,ACCEPTED,Clean D40 pothole instance
rdd2022_india,India_008249.jpg,rdd_India_008249.jpg,val,2ee78dd8ed2d522eb5b4fb1432512709,a5b7e081bd9868e7edfb740906627dd0a97d836df7bf6bce1639c42003461208,d296a52d09d2f62d,1,ACCEPTED,Clean D40 pothole instance
rdd2022_india,India_008296.jpg,rdd_India_008296.jpg,val,07a9f5ed5d409c335947824cd0f4e38d,4497b806123c531839e56d96d052b0bc0835f853cd9f581298142b6b8c69ebf8,c488be5307ec9f0b,1,ACCEPTED,Clean D40 pothole instance
rdd2022_india,India_009071.jpg,rdd_India_009071.jpg,val,0d1dccf3bb5a6423b566fb773b73c034,b568ef949397c4464fbba2aea84e0993872e5c49755adfca8b37d62ed946b9ea,d9c29adab2802d7d,2,ACCEPTED,Clean D40 pothole instance
rdd2022_india,India_005397.jpg,rdd_India_005397.jpg,val,8e462fb33deb0bebfc3f18d69ff333ff,5029b4bf7353ec034142a370814f393365460381429d14566635281ff06a2899,8293254d4afeb5a5,2,ACCEPTED,Clean D40 pothole instance
rdd2022_india,India_000735.jpg,rdd_India_000735.jpg,val,0ee5b0b29a1a1cd7982f2ca81c6a836b,7e077b56219d7bd2afc977cdbc444cdd04fcc8a501691283bfe0284149f48f61,9bbb60cc9ce2629c,1,ACCEPTED,Clean D40 pothole instance
rdd2022_india,India_004070.jpg,rdd_India_004070.jpg,val,7ea604c18cbb5b19f04e1894a3f56063,f27d49231a2ffc987e88434808d934d8a12ae8fbac0b87196a061c750784d79f,80b6671f90c757b1,1,ACCEPTED,Clean D40 pothole instance
rdd2022_india,India_007053.jpg,rdd_India_007053.jpg,val,846b6f5f3f4519c4d8fa19382c360f09,1e7c0ebe1692f4ce4352ac690a3388c8f20b414c6dbece48c7ba74f09310ad25,998f43199ac771b1,3,ACCEPTED,Clean D40 pothole instance
rdd2022_india,India_008037.jpg,rdd_India_008037.jpg,val,bb4ab2baaf57f2f48be7d836e794ec54,0b56460a0041591bf8830f1db40f3deb9f9d4e83a32289223e28f86aebc0aaa5,d0d4b7252dce621b,1,ACCEPTED,Clean D40 pothole instance
rdd2022_india,India_008695.jpg,rdd_India_008695.jpg,val,efb0957580c9e4d2e5bc9927f3e91044,58b7b0860419fe5e947059ed1a978d511ab33919ed116c4e06f987af0c483405,9e8fcf6732898906,1,ACCEPTED,Clean D40 pothole instance
rdd2022_india,India_003042.jpg,rdd_India_003042.jpg,val,b344890fee993304897fc94c6ad220d6,17e183c157d38d312f25c3e44811322c64c04aa6dc36885a26b9d63d3988e271,cec2f0680d9f7334,1,ACCEPTED,Clean D40 pothole instance
rdd2022_india,India_008712.jpg,rdd_India_008712.jpg,val,ab39006a5526af0d2b1f08b561bcd7a3,39ed79ef28774d66b28f5b41f5bcec428cc89fc18aef17d4d81274cabfe5734e,8996434b34f9572d,2,ACCEPTED,Clean D40 pothole instance
rdd2022_india,India_001673.jpg,rdd_India_001673.jpg,val,ed5c027f9a9da5a9ea16c4035887dbac,b989cb8a2fc49edaaea25a0e7bbe77724b81767decce394a0b8b47ba125c6f65,95873b74c5bb2807,1,ACCEPTED,Clean D40 pothole instance
rdd2022_india,India_003228.jpg,rdd_India_003228.jpg,val,396532e8cb1547af89952017087e2307,dabc69a483a3bf4534dde4900b420e2ab6a5fad0fd2232373d6443864c17e76a,9786e9ed17c2c0a9,2,ACCEPTED,Clean D40 pothole instance
rdd2022_india,India_008535.jpg,rdd_India_008535.jpg,val,a0dcdccbd12f3c258f620083ea35a680,465f37dad6495676d34668fc5ac67be9f19469906b04b9621da7af4f9c58a47c,95bcea0e1cd6c0f8,1,ACCEPTED,Clean D40 pothole instance
rdd2022_india,India_008557.jpg,rdd_India_008557.jpg,val,a5bfeeb1c4361551133dbe45946b8008,41087f60ddd5a7da6aedbe936794401d5879ab321df39c13c50855d023cad92a,9999684c8cfe6917,1,ACCEPTED,Clean D40 pothole instance
rdd2022_india,India_007720.jpg,rdd_India_007720.jpg,val,123e426a1c4ee1ef969cdfd3159bb3b7,f5575d3b127345c7099ac1842d3cb7ecf433f3de646b86c0291773e9fb80e6a7,9886c7473bbfc403,2,ACCEPTED,Clean D40 pothole instance
rdd2022_india,India_006633.jpg,rdd_India_006633.jpg,val,89d25b5c52d314b7fc412c7c27652e5b,8c8a448ad0a9d5017f048118b5d348a482ca568b361fb2c5b4ce4a1e4e532032,cc8f3b7004e9b31e,2,ACCEPTED,Clean D40 pothole instance
rdd2022_india,India_007322.jpg,rdd_India_007322.jpg,val,5722a16e039ad60006c851fc284ac1b4,077715cb6b0b037ac70fc0d74090a4d1754d2e1af1419688ea9ef88d460f66f9,849cfd1e1ec3c45a,1,ACCEPTED,Clean D40 pothole instance
rdd2022_india,India_009281.jpg,rdd_India_009281.jpg,val,bb7c8124f737765fbacfb73f379a93a2,47ca7a527bbc79fb543752adea3f583c5d9a2e4d16e6bad520f9d390ce10b942,9a9ba5c54ad2c3a5,1,ACCEPTED,Clean D40 pothole instance
rdd2022_india,India_002784.jpg,rdd_India_002784.jpg,val,f419db36cc354eafe7c033815dd5b986,e356b34053c88e9fff3dbcec2df91ba8250c5a8b5f728524754658d3079f2dca,95a6624b1dd4ea27,5,ACCEPTED,Clean D40 pothole instance
rdd2022_india,India_000893.jpg,rdd_India_000893.jpg,val,b958e2d1c0a8b50c50436ab778cf4e26,8a010d23a1daf222973503304df68141cdb86d07b938298412bb0a273bdd64ff,c9cbf3301c8ec3aa,1,ACCEPTED,Clean D40 pothole instance
rdd2022_india,India_000710.jpg,rdd_India_000710.jpg,val,33b4a1df502136854797dab77662dcbf,9060882069f9765fe079073a223d098bb7db8016311675071211d1c0355159c2,84a725432ad5eb6d,2,ACCEPTED,Clean D40 pothole instance
rdd2022_india,India_003872.jpg,rdd_India_003872.jpg,val,b054dbabdf9bb1ed4136874ece7fd94d,7d329d557be5a9429d78cdbe3d6be1a0dc08d1646dd89d2ec62c6b5d7bda530c,9286735e9c2947f2,1,ACCEPTED,Clean D40 pothole instance
rdd2022_india,India_002832.jpg,rdd_India_002832.jpg,val,066e6b75e99e833f32d2e679ba4aafd7,e26bb97704fb4e563c34763dad3f984f087410c9d3413df5f562601656a8794d,859caada0ac7c5d5,2,ACCEPTED,Clean D40 pothole instance
rdd2022_india,India_006237.jpg,rdd_India_006237.jpg,val,3767cd3574524a15a7c5d5d0e8e49e70,71f1db14733a1af005a46142d5fe56e5c3b6de209ab9c2d8cb67fcc4409b6e27,91ada74630b9cf4a,1,ACCEPTED,Clean D40 pothole instance
rdd2022_india,India_008064.jpg,rdd_India_008064.jpg,val,27a03a077ed60f78d08e5d08bc3993be,98afa1ad60e746e18bd4fcc1e6a1d87d301d470e6e5c6b87d3c22254b2b0c8ff,999ab626669995e4,1,ACCEPTED,Clean D40 pothole instance
rdd2022_india,India_000439.jpg,rdd_India_000439.jpg,val,44e2595ed5a62e44525e7f933e215ba3,a081ecf4cc18b81e370b899ef859f0c4c9121c226f780758655524e0aa0f9a21,d196acad6dca5216,6,ACCEPTED,Clean D40 pothole instance
rdd2022_india,India_002948.jpg,rdd_India_002948.jpg,val,14379762c294d54b06649a84cec473f0,e7881aaa56cf21d9c8dc3419bd63d6e23a8df6ea047fd055042fc9c6b0456f85,dfec7323040eed12,1,ACCEPTED,Clean D40 pothole instance
rdd2022_india,India_008807.jpg,rdd_India_008807.jpg,val,37f0fb2a959f20eb58fc2e630c9ff256,b584b0358bd7442af3c31ef1ed6d44e34e14a35acea8df3d8d68523e3a3c1f37,c485bcb0b3272f6c,1,ACCEPTED,Clean D40 pothole instance
rdd2022_india,India_002318.jpg,rdd_India_002318.jpg,val,feebd5cd738379f169d7828ef105e4b9,ae286239de6aa1ca5e8a867524a4afe9e8cd59eeb70a493a817984f7025ef7b6,d1b5a48a0ad2f5ad,3,ACCEPTED,Clean D40 pothole instance
rdd2022_india,India_008988.jpg,rdd_India_008988.jpg,val,7b21d637620daed938a83bdcd4b6a6b9,d7f57f62107831374e869dfb5bc38538202e53eccb0ed94f66fde3ea804c6ced,9899e6d2d8a5634e,3,ACCEPTED,Clean D40 pothole instance
rdd2022_india,India_001808.jpg,rdd_India_001808.jpg,val,9199980fa2eb81401873d1d87bf5a913,8a8fd8a8143b87d5ae9b0bdd0a8f85ad1688035ded993092a07dd7ebc03cb449,94bf231612b95b1b,2,ACCEPTED,Clean D40 pothole instance
rdd2022_india,India_008285.jpg,rdd_India_008285.jpg,val,431f75dd690038b264fe6d9249e8eab8,9029991fcac876b7788ab0695cd47f49251c1cec6171a61104129e4329eb1e2b,98a4e7df18a445d9,3,ACCEPTED,Clean D40 pothole instance
rdd2022_india,India_007418.jpg,rdd_India_007418.jpg,val,fe8bf28d8876295539974b085ff4519e,9674d14e43897a2dc340707c22750519c27029ac612501634bef8a68ae8079cf,8084e6a379d89ef5,1,ACCEPTED,Clean D40 pothole instance
rdd2022_india,India_000729.jpg,rdd_India_000729.jpg,val,ca594917e4203d221a3a4eafa1efb6ee,9058ed3a96326dbea4d2b01235aa7f9863605f8d1f48a17f06cc73900136f214,9c88e3610cbefb61,6,ACCEPTED,Clean D40 pothole instance
rdd2022_india,India_002124.jpg,rdd_India_002124.jpg,val,52e286c5cc7966d31d911e06759aecd1,6dd2bc18697700641e8bfa58ec5ad0653cf12e145d4fffdebd957bc9c75ce684,8fae60153e9fd02a,5,ACCEPTED,Clean D40 pothole instance
rdd2022_india,India_009123.jpg,rdd_India_009123.jpg,val,a3001379137a0b069b244054fb4e6582,0a2336497adc0067284c6016bc081f8ae72d7c17ea3ac1b777077a504c76f12f,ce8bb5641c5387ac,2,ACCEPTED,Clean D40 pothole instance
rdd2022_india,India_008969.jpg,rdd_India_008969.jpg,val,1d1341752a42e61173b068ab042221f3,8cde30904cdf0e8be8c9f87295f6020628a549d0683d4d56c64ba19e4d1cfcfd,8081ff5e1eb7413c,1,ACCEPTED,Clean D40 pothole instance
rdd2022_india,India_004815.jpg,rdd_India_004815.jpg,val,2335399c0fe1776375f6d146adf88055,8e3007dc056f92474dd7c7b579f5ad04e70dc12aef6b9d85245831d9337b6696,b9b1676c8c995362,1,ACCEPTED,Clean D40 pothole instance
rdd2022_india,India_009836.jpg,rdd_India_009836.jpg,val,fe7659834c1516317774fc13ca6000a1,56921b2591ac3fae84ba2399205ddb9bcc6119e787ff3024a53f5902163d044f,b5b428ca12b0edeb,1,ACCEPTED,Clean D40 pothole instance
rdd2022_india,India_001809.jpg,rdd_India_001809.jpg,val,56867fc60d3ba5e298ff2a10ae4df196,e9602bd46204490c41bd88502c70a4935ff244df91f22d5f1d9629cec0e0bf1c,93ad0f5a469c6a1e,1,ACCEPTED,Clean D40 pothole instance
rdd2022_india,India_006114.jpg,rdd_India_006114.jpg,val,1882f6f21a037e405b4d362da9f92a23,af08e182f7d00f91f935a6ce87c2e0acf482efbdcc2eaf422a58bb7b0d6f0cc3,9c8f71669ee16518,4,ACCEPTED,Clean D40 pothole instance
rdd2022_india,India_001932.jpg,rdd_India_001932.jpg,val,b96278fcfe53c09e32ad39dfa5c3bfab,6a5754048eae7be94846689a4600bb3fccf29d52d0a5cc059e2bde5b796a6b66,888cb6f7690bd686,3,ACCEPTED,Clean D40 pothole instance
rdd2022_india,India_002121.jpg,rdd_India_002121.jpg,val,e7763d9c02c5b2d6830c00b4269c6042,50763d91cdca5f4ed6705f8d85b2c141c1c4f58891bd264cf2ac5797da99d502,9a9a936767d89a12,2,ACCEPTED,Clean D40 pothole instance
rdd2022_india,India_002066.jpg,rdd_India_002066.jpg,val,197c93e96b954e564e7de3a3f7a1fa87,83f2d57007ac23eade5f9cab46bbcc99b78a357ec4f4f7a01460bf964a29dc70,8386f47ab5872f12,1,ACCEPTED,Clean D40 pothole instance
rdd2022_india,India_000383.jpg,rdd_India_000383.jpg,val,7a6b2c1a77bd53b9c722a397b7406ee1,ad00c9e0845a8c2608f6d2fa02723a105352aae572dba483dc7abf1c3883a227,998bb4d4433b2ec6,5,ACCEPTED,Clean D40 pothole instance
rdd2022_india,India_003096.jpg,rdd_India_003096.jpg,val,b321a40a5c258408d703b662311e6518,e7b504f9470b97ea4ddd47e445e513b058703d64bbbce893d84572b385db4e0b,d4d7901c2b616dcd,1,ACCEPTED,Clean D40 pothole instance
rdd2022_india,India_003535.jpg,rdd_India_003535.jpg,val,60b69446878e0fb6d0a30892a81e21f5,25c5aa94a6f777326a94b8bfb1ef1cae971d6e51b255cbc1b2f98118bb51cb6d,d0a7a74f08d0e567,5,ACCEPTED,Clean D40 pothole instance
rdd2022_india,India_004592.jpg,rdd_India_004592.jpg,val,f35699f621e645d5626f9711b349df0f,744f8d22804c2ba035f472a3d70b4ee07330f74c56c45d3e64ccc1e6e0f5be13,868f70433d1b3e55,2,ACCEPTED,Clean D40 pothole instance
rdd2022_india,India_005824.jpg,rdd_India_005824.jpg,val,c70f07c0630108f0be2b3c65a8e6407b,3d710df87feff4fb48e82658af19b53e88d1d690bbd2e7e603c3f394eac5b5c9,97823dc965ce81f8,4,ACCEPTED,Clean D40 pothole instance
rdd2022_india,India_003704.jpg,rdd_India_003704.jpg,val,4861183fe76500b394b2418937556b17,b85a267e2c7a83f63316783dd2b77e77e5ca2031af4b57aced9ef9799ac332f4,8787a370789e9761,2,ACCEPTED,Clean D40 pothole instance
rdd2022_india,India_006874.jpg,rdd_India_006874.jpg,val,14530d94ede5752895f9e38a24604220,fff1b1d0db462a09ce758b53776091a09b77987e3a6c98a267c48ff6d54555d2,c881f77e1ca94317,1,ACCEPTED,Clean D40 pothole instance
rdd2022_india,India_001585.jpg,rdd_India_001585.jpg,val,528daf4ea4f3958f77abe3b9f9e7e31f,e63a3d7f46da29121b1efd0d3db600538aa185040a8ce1a856bd29a6e4ce07df,cf8793f3242de901,2,ACCEPTED,Clean D40 pothole instance
rdd2022_india,India_002549.jpg,rdd_India_002549.jpg,val,5b2d843ce95e5e004e12370a24bc89d5,99b9c8bb06d7be095e59fee513e600371e3840fbc7e5999baa570ca8883e1d72,d195b4ad68cab2b4,2,ACCEPTED,Clean D40 pothole instance
rdd2022_india,India_000997.jpg,rdd_India_000997.jpg,val,cef2c16d5123c4576ecf113760642eda,d2a06d062635e98d66368971af0d86fad693c7d412f1e4b67dbe6444c8042233,83824cebc38c7e5e,1,ACCEPTED,Clean D40 pothole instance
rdd2022_india,India_001058.jpg,rdd_India_001058.jpg,val,5ad7ff5a0baeb0ddeebba5da547d2f9d,39ec1a7260ab0856b4ee6556f2f486f53dec8f191848299685a6bf958f3c8bb7,9c8ee3e391a1c45e,1,ACCEPTED,Clean D40 pothole instance
rdd2022_india,India_000261.jpg,rdd_India_000261.jpg,val,5cd2a11226d0f6c2fe710939e4435d85,5263253b3c5b55a2f2d29f48ce0f2b3232049591dcd0a2c2e68a7a598fcd9d28,95d47a6a81a96a97,1,ACCEPTED,Clean D40 pothole instance
rdd2022_india,India_006450.jpg,rdd_India_006450.jpg,val,551bc0489256ae7dc60291c0ab776316,74628bb793a41afe223089fd3c8fd93d12b54a057ec795fc73595d3a0f09e40b,848e694b389b7e56,1,ACCEPTED,Clean D40 pothole instance
rdd2022_india,India_001114.jpg,rdd_India_001114.jpg,val,b4448f6091c522879c25d790620a06c4,2a0fbd96ece64d5aa7f42c01c6d2bea3604e466cc33e6d46885933d5f1e709d0,9e9637726931856c,2,ACCEPTED,Clean D40 pothole instance
rdd2022_india,India_009890.jpg,rdd_India_009890.jpg,val,b0dc163ea17f7ccab221b9a8a3ddb984,6e726368db5ff73a7370e934e52caf8cc8fc3509b21e53dc3e4cc1449c67e362,99846748c2f3ed1d,2,ACCEPTED,Clean D40 pothole instance
rdd2022_india,India_007530.jpg,rdd_India_007530.jpg,val,31caf2dcca65db9a9b3c581a6e2efd3a,b05b0c9fa8a56dc4e319f57c2f400862b45cab599513082b065d891fd66c7d1b,c3daf82c2782d83e,1,ACCEPTED,Clean D40 pothole instance
rdd2022_india,India_004512.jpg,rdd_India_004512.jpg,val,ce9f5762895096086c3af841dff8fb8b,84636970ccfb2c8fe18d689a800ff44c737b2074329f150d063557a10cb4d098,d5d0f868098daf69,3,ACCEPTED,Clean D40 pothole instance
rdd2022_india,India_001527.jpg,rdd_India_001527.jpg,val,01974be10d3dfdd18886dcc99747e068,6994c61cf0af74b2f0049d852bfb8b2543ebf82de9af2f7bf00d0d3a757a0402,da94a56d4ad67429,1,ACCEPTED,Clean D40 pothole instance
rdd2022_india,India_001134.jpg,rdd_India_001134.jpg,val,73550edec40107fefaa016bbfe33f148,a8ce407c9dfae3c38f76926b22ce706460c7c14618f6b0c317aae16b117a810e,92abed524e85e86a,2,ACCEPTED,Clean D40 pothole instance
rdd2022_india,India_001524.jpg,rdd_India_001524.jpg,val,bc598cd2241ce63a6150ebcee20831c2,bb4e3f153930d7a4a117c922ca5f81878937892eeb4c6a7a20f38212612e779d,8c9c9a7165c68af9,1,ACCEPTED,Clean D40 pothole instance
rdd2022_india,India_009381.jpg,rdd_India_009381.jpg,val,6c30e9fb69352a110c8cdce6a3fc1314,ce6a2231da5a29f7040bbcc7671a6eaa363bb0094252e44d7ad72c8e71b9154d,84a9375f09d15e39,3,ACCEPTED,Clean D40 pothole instance
rdd2022_india,India_000317.jpg,rdd_India_000317.jpg,val,91086f6ae9ca1981bd4f7b6ade81818a,ebdf201f25b1c207b0131110f4fe93c665d37c4865bb4f6fb10b2914bfe0ca33,80d062ff1f19ece2,1,ACCEPTED,Clean D40 pothole instance
rdd2022_india,India_007627.jpg,rdd_India_007627.jpg,val,027bde33593815eb6c4797008441206b,e3d7830e501210e3b43a8ef3a66f08fbe85e58bdbecee9814c730ab407f89c9e,988411536fb952fe,1,ACCEPTED,Clean D40 pothole instance
rdd2022_india,India_003624.jpg,rdd_India_003624.jpg,val,4bdcdd006686457d1f568781f287f802,da580db599b7b709018c5c71b4b69023b4751d62c9ba439958269874a3aec6e5,cdcd95b435252dc8,4,ACCEPTED,Clean D40 pothole instance
rdd2022_india,India_006033.jpg,rdd_India_006033.jpg,val,1b3bd23ac9e55888554e95432e13c777,fe66f0385c0cb1136401872d767142856abed16641d7e9ebf2647b8207d2380a,8a9ab5b50f4ad26a,1,ACCEPTED,Clean D40 pothole instance
rdd2022_india,India_006518.jpg,rdd_India_006518.jpg,val,88ae67365acda8269acb2439ee4ae9e9,44fc21d96bbb1c764e4a4b26183aad8f9ba278da6723778e8a78935bd5f300f4,9191240e6e3bb377,1,ACCEPTED,Clean D40 pothole instance
rdd2022_india,India_007474.jpg,rdd_India_007474.jpg,val,b032e61152478dabd78646cb7517d920,cc217db419c37fced1352cbddd05c16922b558cbd65d91b3de2cbf40cad1642f,9999b7475898a327,3,ACCEPTED,Clean D40 pothole instance
rdd2022_india,India_006883.jpg,rdd_India_006883.jpg,val,7db6d02471e02b0e2bb12018157156ea,6a142f52f02ae8bed6a26e93bc36dfc7d108fb1474faffc5de76c3aaf2969ce9,8181e77658bce762,2,ACCEPTED,Clean D40 pothole instance
rdd2022_india,India_004414.jpg,rdd_India_004414.jpg,val,03f49218585ea6f80341c717090d4a83,4676368a1effeaaf6de3b913f8b28e5a8765599621aa4f9c57d31dff3e0418b7,9585ae2a43d5f52a,1,ACCEPTED,Clean D40 pothole instance
rdd2022_india,India_001242.jpg,rdd_India_001242.jpg,val,a615d306fbf5001635bef0edfaf20002,b9230677dc9b39f38d4b4ac94d79192647b75a57fb5cf43cc235d38a32a79ce4,9f8fe0e028d4d60f,1,ACCEPTED,Clean D40 pothole instance
rdd2022_india,India_002877.jpg,rdd_India_002877.jpg,val,734b8b11345b226651c4d523330b4fef,536fc922e072200b4fa9a1043753380153ca7d2460fe52ef9ec58f383185bf4d,81ad2c651ba3d4fa,2,ACCEPTED,Clean D40 pothole instance
rdd2022_india,India_002133.jpg,rdd_India_002133.jpg,val,83e2b84a872b90a4911d3e99adf7e098,19a45ff9ce104b67d8ca56a7cb1e42d63feef24b97c6244b4a125cbb946c93b0,92d2e66d51118ee7,1,ACCEPTED,Clean D40 pothole instance
rdd2022_india,India_005467.jpg,rdd_India_005467.jpg,val,00cce7ffc00711bb795cfa07c12efc2e,5a87c457f3c5868013c1a2c88613bb3e1cd53b1bd4df5ad8acc09c95c90ebf84,8e8786879793b133,1,ACCEPTED,Clean D40 pothole instance
rdd2022_india,India_000822.jpg,rdd_India_000822.jpg,val,f12d2d906e4359e2c8aad8b060aa2180,4c3b13c84500a3cc96532151a9da6ab04beb492fa3358abc47df79614cb71a9f,82f17e47398266d9,2,ACCEPTED,Clean D40 pothole instance
rdd2022_india,India_006614.jpg,rdd_India_006614.jpg,val,0109c7ac75dd35508ab5a12d806abe67,f5e0fe420de158eb052f95b335421941286969a1a278537577981792c1853592,c8c1f27e788c9e62,3,ACCEPTED,Clean D40 pothole instance
rdd2022_india,India_005350.jpg,rdd_India_005350.jpg,val,964f0b4ae3d7fcf56bc9d5a3d53b6253,05c8041d7bbcb054a47f55732af10a05e8df09f972789dece239bc9de53329a9,8284f4de3ba7c683,2,ACCEPTED,Clean D40 pothole instance
rdd2022_india,India_007983.jpg,rdd_India_007983.jpg,val,00957e1c368d3beaa0d3302c3e0fd6a1,cb8b5c19eabcd4065084236beb4c78cb9ccc4f5e3481d442438df7c9467b13d2,8888b7e5694bd3c6,2,ACCEPTED,Clean D40 pothole instance
rdd2022_india,India_007293.jpg,rdd_India_007293.jpg,val,8f8af6d63123a8d245758e6225b868bf,8e2855de4946a607db954dd53071c85995701a2e2afe656154918ea209650eed,d390ad0b0bd5742f,1,ACCEPTED,Clean D40 pothole instance
rdd2022_india,India_008389.jpg,rdd_India_008389.jpg,val,8ffab74a3e695edc0b8cc7ebeeb81e9f,a13635548888b4b98e0aaf89d14d0f46233a97694532c42be5b5738ca4be9bc3,deaee0812796caca,1,ACCEPTED,Clean D40 pothole instance
rdd2022_india,India_003709.jpg,rdd_India_003709.jpg,val,8f67b1237c9225453ff09caeec68a6ad,c70fece90ba96e9c60f4dab8175fafb8ff75336ce42fd701b2d803516cb4e103,96ada95a148dea5c,1,ACCEPTED,Clean D40 pothole instance
rdd2022_india,India_008301.jpg,rdd_India_008301.jpg,val,0c5ca0f9816dd957a07f68e852787653,b91ea6d159cefa0add1076f88cbb8cdc383efd33ca9ca1e6e79784667bb89538,d594b52d49d272a5,2,ACCEPTED,Clean D40 pothole instance
rdd2022_india,India_009752.jpg,rdd_India_009752.jpg,val,e6bead34bf666b95e3ade257c7d392ec,c19edf43f1567afa90b7e0e39d0d3f277f5643636161012e88b5de934dc62999,c7f7a80842d7b50d,1,ACCEPTED,Clean D40 pothole instance
rdd2022_india,India_009436.jpg,rdd_India_009436.jpg,val,1742cb5e00dad5b64fdc537cc275c9ff,8d94b00ea86836b2318e9fcfd137f7b5687510e1604815e3a39856d6a63f6980,928ced4b72e4686b,7,ACCEPTED,Clean D40 pothole instance
rdd2022_india,India_000970.jpg,rdd_India_000970.jpg,val,ac3b5fa6a0b5565b43d8d3f0711f55df,8fc9e73f37e9eba7cb747b003bc04c860daee00b083a1544f2374fce3fc5717b,c383ace0687ad7d4,1,ACCEPTED,Clean D40 pothole instance
rdd2022_india,India_009581.jpg,rdd_India_009581.jpg,val,ac2960945b236fbc93c8228eeebe4cbb,c77b4e53663df669609eb81a458a619cbe6537ff8ffb67da6b84c0647c200ae9,91824e598fce7996,1,ACCEPTED,Clean D40 pothole instance
rdd2022_india,India_001516.jpg,rdd_India_001516.jpg,val,357699c2487656787db95d12d395b4dd,c1dbfaec238ec11d6f0b148ae46a5bbaf8b422dfd51538322d04abaf9e5010bb,898fe662591987e6,2,ACCEPTED,Clean D40 pothole instance
rdd2022_india,India_002735.jpg,rdd_India_002735.jpg,val,8f9e7d5fd789dd74b63d1b6be87d5edd,85e8e53443895fc958d9705fead453b4dac7bbfd4b735c9ae735c17a5866ec93,81823ecd2dc2be7a,1,ACCEPTED,Clean D40 pothole instance
rdd2022_india,India_005081.jpg,rdd_India_005081.jpg,val,39a8e1a1a685fea47e924484567abc47,d76af8a084d62e1a7c9797ef84ab649cdfe24d0f2c447f31700b575c0dfdb391,848fb7c510daf3c1,3,ACCEPTED,Clean D40 pothole instance
rdd2022_india,India_007766.jpg,rdd_India_007766.jpg,val,edf0b8afb09d93eddcebf5e7cd4c250d,8b5bc4120c79e54f4cfb8d7365d1153df0bcb693ec4ce3cf651436833e790886,878beccc17a4c9cc,6,ACCEPTED,Clean D40 pothole instance
rdd2022_india,India_000392.jpg,rdd_India_000392.jpg,val,8ec61ea8aa6422ac77232652fc82f84a,cd02b50eae35273a47119fa48fffea522eda803bdae30629cca4e6a41a245d6c,c40e7ae2c3ebb1b0,1,ACCEPTED,Clean D40 pothole instance
rdd2022_india,India_008971.jpg,rdd_India_008971.jpg,val,4ef1910250928b14b6438ffc02f0bae2,eabe5559f2291b9e3d97317e68120f2faa59d4c83b69aaebe88b71e432e09243,86aab542e9bc1e0f,3,ACCEPTED,Clean D40 pothole instance
rdd2022_india,India_001939.jpg,rdd_India_001939.jpg,val,48ed5bd514b13fff82feabccc5da733d,74fff1e9c69355061bf4ac78766dbb1f0b7b787ea021641aef42f2909b569da3,9181e4e05851f77f,2,ACCEPTED,Clean D40 pothole instance
rdd2022_india,India_000173.jpg,rdd_India_000173.jpg,val,81e342108605ece60abb1875b2975e31,34872459786deb4cd841a77860828fdfeaca0fecf7ddb9cdcdc487f3e462f885,85ac775630944aef,2,ACCEPTED,Clean D40 pothole instance
rdd2022_india,India_002591.jpg,rdd_India_002591.jpg,val,d40286b8507f1f03a6edea54b38b7faa,36347d2eeeb7e3c7257614d6afba51c6b58bc35df5b2db680de999f25ef1a98e,da94e56f58d8a426,1,ACCEPTED,Clean D40 pothole instance
rdd2022_india,India_000043.jpg,rdd_India_000043.jpg,val,13c179305501fe246c1bba3c2f18de7c,366f7a652c058c922a588df0cba6ba3aef1b7b0af6d1af0071a7759c14768733,90a526d21ba5c6ef,6,ACCEPTED,Clean D40 pothole instance
rdd2022_india,India_004629.jpg,rdd_India_004629.jpg,val,41e89043d4afe723a9b165f4d406c12c,7543f81d25f1951fc790304195853ca608035affc1fd01e731cfb3a0af417414,9195ffce2b2981c2,2,ACCEPTED,Clean D40 pothole instance
rdd2022_india,India_002404.jpg,rdd_India_002404.jpg,val,50e2d0c9d1683fc4ac6a87af867e9a4a,35333c38c37eb0d37aa3ace319d1a82126b2f4eebabacb71a5a4036e12d41575,9cace3c319bce229,5,ACCEPTED,Clean D40 pothole instance
rdd2022_india,India_008925.jpg,rdd_India_008925.jpg,val,aaa6e11df12256440137b766d6cae1b1,01db02bfdc75311a9e677b980fd3a8d07985eed15316bae61baf841bee897e59,d8a8264b4b9cb4eb,1,ACCEPTED,Clean D40 pothole instance
rdd2022_india,India_008512.jpg,rdd_India_008512.jpg,val,5d9a5d7c6498935c14bc53f5ff965494,b08f6a32f54408e88eb1bb49df7a2a523ae4a9d5dd7392ad2b44178bd864c652,9a9c84e5eb7a9894,1,ACCEPTED,Clean D40 pothole instance
rdd2022_india,India_007342.jpg,rdd_India_007342.jpg,val,710f16ac2d0af3d4e96c91b44a1e3a81,e4acb4bdea8c2c10dcd546824678add83538a69baf11883b7e739f6966aa289a,8894f08b9ef0e37a,1,ACCEPTED,Clean D40 pothole instance
rdd2022_india,India_004633.jpg,rdd_India_004633.jpg,val,4a9f3731ebb02550605c93f116c6c0d7,d20857c1def10e5f05123b55f571f18c4e57d451d2f131c77d82887cd79f495f,95a64759b8cc4f31,1,ACCEPTED,Clean D40 pothole instance
rdd2022_india,India_001649.jpg,rdd_India_001649.jpg,val,c620517c9389c68c803d7b38cac58f35,b5c205688c33b4ae11e8f5b45dc531b17b9003de5a021d19f8e471c80a5b0e8f,8787868292d6daee,2,ACCEPTED,Clean D40 pothole instance
rdd2022_india,India_005962.jpg,rdd_India_005962.jpg,val,d35bc0d1506540847f44a22259823416,87fcb03c31064b38e67775fa9fb6486f3cbc4b1e06bebffaf9178d8304912b47,9991e363cc98b07e,1,ACCEPTED,Clean D40 pothole instance
rdd2022_india,India_000873.jpg,rdd_India_000873.jpg,val,9a7aed6b306a201cb0cb4e195ba0eac6,7624a1de696d2e3886b40f06147aad9a57f30d809d77d3fc96f2b4bff892ba1f,808bef74209bc767,2,ACCEPTED,Clean D40 pothole instance
rdd2022_india,India_008733.jpg,rdd_India_008733.jpg,val,348575dacd697f45e419592086d66aa5,37505afe5d70e1cafdd895e47c33c03cbe1a28a04147a405f81f6b3357f3b983,828fe55f2a87c171,1,ACCEPTED,Clean D40 pothole instance
rdd2022_india,India_002426.jpg,rdd_India_002426.jpg,val,c17ab917a10d695e8b720fec98ab84f0,d983f291d9d5f649d2fb5bf40ac6a94d1f4b49d2c9c82684286ac0f04cb64d2a,89ae6e499696781b,3,ACCEPTED,Clean D40 pothole instance
rdd2022_india,India_005550.jpg,rdd_India_005550.jpg,val,94a4ba81cb996628f1611d3032b75a5f,f49c7b69377b99eb31a39e5e2e4f92ff9331fd3618d5b3e1737035f922df1232,9b8ee5c51b8ac465,5,ACCEPTED,Clean D40 pothole instance
rdd2022_india,India_001640.jpg,rdd_India_001640.jpg,val,aa42b970860718865eba4204940bd354,a4e2f356cad8c78db65db86c30f8bd6527f2295db54fac229793aa4e8b851eda,968ead6853d64c69,3,ACCEPTED,Clean D40 pothole instance
rdd2022_india,India_007002.jpg,rdd_India_007002.jpg,val,e88d5f9960b0f1c34bca0cb511e00639,cf007b98947c803478e3d4e772f62110a3d44652d553efea009e419a6d314683,dcd8d2d2e361053d,4,ACCEPTED,Clean D40 pothole instance
rdd2022_india,India_005258.jpg,rdd_India_005258.jpg,val,8fa53757458715244990f70b90754238,125fdf0139754f04b8a60e0632b78836347f44a2dbf71b102757b52cef4719e1,9ce9c3bb5e324185,3,ACCEPTED,Clean D40 pothole instance
rdd2022_india,India_002345.jpg,rdd_India_002345.jpg,val,0acb95f1a14610432223500c6d26f856,a3d16b369aaf7c5610c2e5a89f22e3c1b4c21af0b8c9ee7ca634ffa876a65c3b,9e8b69671ee1611c,1,ACCEPTED,Clean D40 pothole instance
rdd2022_india,India_005420.jpg,rdd_India_005420.jpg,val,9fcbf40a2066e8d786cd41a4da359d34,b53d95b34c770886ce067556f080f342ba9e47b916c98ba4a8f6477acd305e13,91a9264e1991fe4f,4,ACCEPTED,Clean D40 pothole instance
rdd2022_india,India_008801.jpg,rdd_India_008801.jpg,val,ce9957b654a9dbb12c529a3f3f8f0b9f,f3a305eae501045665ce0fcce9ce6d11b3f24b0d7329842f56b3cfa275c744fc,8180d4eaf7793b1c,1,ACCEPTED,Clean D40 pothole instance
rdd2022_india,India_005469.jpg,rdd_India_005469.jpg,val,c835333793331591c7325d8c9b603635,907d091edc4b6b6504a78596dc8c73e284d5032aa967267f796ca1d55d1cad44,dba426494ed2ed86,4,ACCEPTED,Clean D40 pothole instance
rdd2022_india,India_002200.jpg,rdd_India_002200.jpg,val,722918c8d38e686ccaf5e952539c6dc6,e1eed80e4605fca5f2aee0a354e382ff6c13c1f17e318dddb593155df27cf20c,dbdb689413b2d21a,1,ACCEPTED,Clean D40 pothole instance
rdd2022_india,India_002064.jpg,rdd_India_002064.jpg,val,b69a02a978491e9185f2812efc45cdb3,dea8b83a031b93da5c8af6df7c6a828a05fde3c7cef773127548ee1434c2485f,d795ac8c4ad3d505,4,ACCEPTED,Clean D40 pothole instance
rdd2022_india,India_000472.jpg,rdd_India_000472.jpg,val,f1d9b16837338a7c1cbbbb24cb292942,bc71720bedfd55d514890281f84ab250ae92f47cdaf746ac1eb59d54787c8dad,d8d2b425a5f4f229,2,ACCEPTED,Clean D40 pothole instance
rdd2022_india,India_009251.jpg,rdd_India_009251.jpg,val,cf0852574354437391ccc713c5beab10,15eaed7d056d1c48c79ead17717ca14e49472d77b927d7d26a17a04f9813962e,c3b02c4ee351bd4e,2,ACCEPTED,Clean D40 pothole instance
rdd2022_india,India_006768.jpg,rdd_India_006768.jpg,val,5f4e176580685343c3fbf5fc2e2bbab7,40a202a7c950267649e262fb2e052ca9f0d4db3226c09302d123da17f8f8d691,928aa4e53d3b1ec6,5,ACCEPTED,Clean D40 pothole instance
rdd2022_india,India_001704.jpg,rdd_India_001704.jpg,val,d3f55f692e59fe11ee5196f2d9cb2323,90086892e3491eb624951822707984635e11e48f8ed5955fe83c59cd72d481f6,8caa6bfd2ca0d11d,6,ACCEPTED,Clean D40 pothole instance
rdd2022_india,India_009013.jpg,rdd_India_009013.jpg,val,d8ec900a4cd0fdf75b4454e6e49629df,2ad68de012b146f105f8432d52eea0fc7dc79b7fbb5226b041ddd1f08bdf18f2,860e6fdf979380c2,1,ACCEPTED,Clean D40 pothole instance
rdd2022_india,India_000316.jpg,rdd_India_000316.jpg,val,4796a944e90581bcdc08d0a3b9c6ab58,b976354c17e00ca2d4bd013316bf17e2e9ab3b878d72c94def8a18a0031b6b7e,81adfe4b01dc7a31,5,ACCEPTED,Clean D40 pothole instance
rdd2022_india,India_007723.jpg,rdd_India_007723.jpg,val,104eca3b1af621b9e3b1aaeac7f08e3e,cecf6d759ec5adbe9730e90ba2c7abbbf2ea166aa5bf9907cbeed12f5b800ab9,959daa4245159f2f,3,ACCEPTED,Clean D40 pothole instance
rdd2022_india,India_006368.jpg,rdd_India_006368.jpg,val,ee6ff96ee0caf10da889da10cbb11896,835378a02da31a156e8c597da7e5276fafb7a18cce0ecdfb91a1b80c04752683,8583e2d029b5fe47,5,ACCEPTED,Clean D40 pothole instance
rdd2022_india,India_002570.jpg,rdd_India_002570.jpg,val,92b823e2413e090c4441b7ebd0fb73c8,3f4daaaf520cd031d2c93a0519e1dff9a923798fd7459a2f0a4b75b357da86df,93b7e4e91bc2642c,1,ACCEPTED,Clean D40 pothole instance
rdd2022_india,India_004705.jpg,rdd_India_004705.jpg,val,9d88edea05f34a0b9ea10f067db5121f,06ff08ac9a6be6de54c5923294598483f0e6d5423d1ecc1445634928e0b80c30,d7cf4b8b8a89e0d0,1,ACCEPTED,Clean D40 pothole instance
rdd2022_india,India_000724.jpg,rdd_India_000724.jpg,val,9f17d499d181d430b561ba5d9dcf100c,432b0c88c13ca5fecf919b8d8b7020c6144a8076fa718b59ca350a0fd50c29d7,ccc8f3b54a0acdb2,1,ACCEPTED,Clean D40 pothole instance
rdd2022_india,India_009426.jpg,rdd_India_009426.jpg,val,2035fd2e525882f34d4659ce7e238f22,a5c094edd1037948c4f616d164902da4726c41d9cf292e7c60a9149f5b552892,998a264f4ba5664f,1,ACCEPTED,Clean D40 pothole instance
rdd2022_india,India_001817.jpg,rdd_India_001817.jpg,val,d41b97f69d714692aea723ad6b43c47e,59ab246942f46eeff5e34bc4b1bd5cc82f3435b941f5547d3ab40b85fa6fd472,928dcd5e3285e857,4,ACCEPTED,Clean D40 pothole instance
rdd2022_india,India_004208.jpg,rdd_India_004208.jpg,val,bb3de73390b041524886e0b7ce8ffc43,01787e7143b536faabb8d3009a6a94abcad520457e1badd74fcea846d00bc552,83a4f45b0b85f879,5,ACCEPTED,Clean D40 pothole instance
rdd2022_india,India_008015.jpg,rdd_India_008015.jpg,val,2cb6a5cf9710d14fb9c5c7f421669531,ca065afc1c7457030015b75ca6237f19e84ad65d4852f167f3b137bed18dbf2f,9988e6c664b1f9c9,1,ACCEPTED,Clean D40 pothole instance
rdd2022_india,India_008563.jpg,rdd_India_008563.jpg,val,ad2500a77ba41444c16105ef159652a3,00242732e063e13a8207f7664bc300ae208c891e2cfa0607bae7ef354c103006,838d3f6249b1307f,1,ACCEPTED,Clean D40 pothole instance
rdd2022_india,India_008271.jpg,rdd_India_008271.jpg,val,922e51cfa7c2f458a0294a833dff29bd,991b3f496dd0032f98da0015e63af44c9beefa1e39b2ca92edf4a698ebc902f2,c3a0f47b0ba0f43d,1,ACCEPTED,Clean D40 pothole instance
rdd2022_india,India_002087.jpg,rdd_India_002087.jpg,val,516839cdd7dd21a87660f7b25a4ae8df,864100b15cc155c17f6b5de20ebc26e0ba08a6da045445d68b1d97a9fb5ddda8,93bd7c0b01cc7e13,3,ACCEPTED,Clean D40 pothole instance
rdd2022_india,India_007172.jpg,rdd_India_007172.jpg,val,715477616b26a60d7024467c41cde962,298828e80c34e462b8097f33d7bb6ff98ec42a45bac1fd79a90534aa78134d63,9595ae5e4a88a7c6,1,ACCEPTED,Clean D40 pothole instance
rdd2022_india,India_006177.jpg,rdd_India_006177.jpg,val,5cee6bbbae95850c50d1f49fe9c83de4,f54d4dc171c9c40f3cf267633ae3f8ed80acd7d70003d9db15adcb22acc5c0b2,8c81e3e02cbcde4f,6,ACCEPTED,Clean D40 pothole instance
rdd2022_india,India_001925.jpg,rdd_India_001925.jpg,val,3d2387861a52d7776d5d31cc3636913c,f8f159a2b4a79b9e96c5daa7a96c73afe894fefe096e8bf2e14f79d1760e88b8,c387e0e81e9705fa,2,ACCEPTED,Clean D40 pothole instance
rdd2022_india,India_008698.jpg,rdd_India_008698.jpg,val,69b0fb71ca94795b0344bd708a220c3d,7f027bb9b1514f8b03354d1df5438ab0641bf2bbe99a987998a4e8225bdd77bc,8d9cb6b65551e06a,1,ACCEPTED,Clean D40 pothole instance
rdd2022_india,India_005774.jpg,rdd_India_005774.jpg,val,fa9a4148a0ea472571e5ffd839576fec,b6ef5ddcb85b023ba82c723ded29bfcf2912829b4c3885996dc16d6e5fcfbb68,9c8fe3403cb74339,2,ACCEPTED,Clean D40 pothole instance
rdd2022_india,India_006962.jpg,rdd_India_006962.jpg,val,7a7f74e0ff404a304168a05d300044fe,6f2df0b5fe55c42be76277a1cff2ccc14805c73bd89663204aceb537d8d46546,c5d39ada22a6e4e8,1,ACCEPTED,Clean D40 pothole instance
rdd2022_india,India_009249.jpg,rdd_India_009249.jpg,val,4715005a6d68ec1eef817d7292e81f35,344747ffb9e21ad08b1e45fc77b0a799729460a85d45fe0df52b431c3e6825d5,8d82e2653d9f8e64,2,ACCEPTED,Clean D40 pothole instance
rdd2022_india,India_004551.jpg,rdd_India_004551.jpg,val,dd487dda9f2e31c5255ca3868260f3f3,e20e044dd742603f167332317a2839a19323610cf66d4a7bb83dafda089d37c5,d0d6f4302999ca3f,1,ACCEPTED,Clean D40 pothole instance
rdd2022_india,India_004321.jpg,rdd_India_004321.jpg,val,9132cc56a40d055e85dcb226763de39d,36b7b4fa01c3ffb13e9634e447a3aa7507a18989156884449cb89555106549b6,9a9aade579521cc4,5,ACCEPTED,Clean D40 pothole instance
rdd2022_india,India_006378.jpg,rdd_India_006378.jpg,val,ce8fb30450b6e1ade90e5446ddb6e068,1c877b5d4100a733d8368b4f86dabdd864a32f2f0b8529f5bb436f8e85064615,8eabe1141a85d3fa,1,ACCEPTED,Clean D40 pothole instance
rdd2022_india,India_007697.jpg,rdd_India_007697.jpg,val,a39bc104a78c6e8fe08354725d7e80e7,4ca382d7dafbea855c00005956f1e47f3b029e4a23d41e45011bcd89cdaaa7f6,d595a5c64e0a2bba,2,ACCEPTED,Clean D40 pothole instance
rdd2022_india,India_009337.jpg,rdd_India_009337.jpg,val,c5f95d7b1ea01819e4e7429ad5da8027,d588c8a82ed349dc8499efc44d3211eeeeffa8682e7947d40ba947de94072189,a080d0c34f3f7ff0,1,ACCEPTED,Clean D40 pothole instance
rdd2022_india,India_005887.jpg,rdd_India_005887.jpg,val,8045e9bdefa706c32d8a4c9a93acf362,424072d59ff4376197784d56ac0db371c95bf8e83ef8474dead2cb8e384f4705,c8c8e0373d0dc6f3,3,ACCEPTED,Clean D40 pothole instance
rdd2022_india,India_001254.jpg,rdd_India_001254.jpg,val,90bfb04fca1890a798a732cb73218dda,445c91fd5ec49cb03c82508e850e4d661d67873df181d709cd4ff0c8251dddae,d591aa285ad7a56c,1,ACCEPTED,Clean D40 pothole instance
rdd2022_india,India_002428.jpg,rdd_India_002428.jpg,val,fd7af35244bafcc045a7e51893ca539c,3e0a573fbff66597a8ff3ee263b061e7fa41f67b557f6947c7949a1836b9537f,ccccf9191928c57b,1,ACCEPTED,Clean D40 pothole instance
rdd2022_india,India_004327.jpg,rdd_India_004327.jpg,val,189df6f57fd4f1dcb978d7a21778e57c,6454c6f3687f51e396db81f2c8749d06e4f7f7c7a023b696654959ab9b7b1c22,91a25e7981ce74b3,2,ACCEPTED,Clean D40 pothole instance
rdd2022_india,India_001722.jpg,rdd_India_001722.jpg,val,bda2db7852cde555d6bc643015aed2be,5ba3d1b3f52ea9e41896be591ca8390002cf886c2201c9dc6aa5d52df959fcd5,c9c9f27cac8b6522,7,ACCEPTED,Clean D40 pothole instance
rdd2022_india,India_005760.jpg,rdd_India_005760.jpg,val,f47cbdbb01d7176a5b4856f5b8fbb9b6,4241a570fe81d0f647cbdd1e178e97f8bb1111f1d69835967876106ceae8a0ca,9684e172be8d1f16,1,ACCEPTED,Clean D40 pothole instance
rdd2022_india,India_003424.jpg,rdd_India_003424.jpg,val,4d1f27ce09d88068dae288782bf2bfc9,0e0f46fa4e4c228807d8872d345d14fee43dc749792c2e17d6c8fc340e1bbe91,dbd9a1b612b6e019,4,ACCEPTED,Clean D40 pothole instance
rdd2022_india,India_008944.jpg,rdd_India_008944.jpg,val,f9961e9b5cccc95058f3e5f57291566b,0348ce315889a6aaf8bcc23e616f3975a316f40c563f52ce243cbdcb61ae327d,87adb8f6178462aa,1,ACCEPTED,Clean D40 pothole instance
rdd2022_india,India_004444.jpg,rdd_India_004444.jpg,val,d7798b832f1b26ed3123b57019dc2268,613a571a26c43138e35f7955faaefef868a3812973fe345acd8b154082a9abff,913564ed9992a6bc,1,ACCEPTED,Clean D40 pothole instance
rdd2022_india,India_003660.jpg,rdd_India_003660.jpg,val,b2ce2c978a834cdac3f38f011cbd174d,32ef64f6217f872a09222e40795ae5bfcc7c39c6efdbc98d5f7a687324ad615d,c082e0e57998debe,2,ACCEPTED,Clean D40 pothole instance
rdd2022_india,India_002894.jpg,rdd_India_002894.jpg,val,3edde422fc947ba4d9e4227b36e59353,dec0321c8bb417e5e2ff7894de639d50e571dc82721fb99e0ab75271605b5f15,9595ab6ab28aec43,2,ACCEPTED,Clean D40 pothole instance
rdd2022_india,India_009785.jpg,rdd_India_009785.jpg,val,82bdaed6cde827ff16e4d65a7a3acbfe,cd57f6a3df3a43d6565dfcf16e1a44d463745e535e2363fe0ae2e42a138e9314,8f8f70d80f974235,1,ACCEPTED,Clean D40 pothole instance
rdd2022_india,India_000831.jpg,rdd_India_000831.jpg,val,ce3924076f9759b5ce523a5e3935e7f9,2e8f45a1b2caa4fb839157e6a2c3db5ca904805d6afa52c69b39916e5ecdb030,9d948584d5f3f1e0,1,ACCEPTED,Clean D40 pothole instance
rdd2022_india,India_002429.jpg,rdd_India_002429.jpg,val,aff6c7fb0931b88c011f63f6f6e0cf14,b3b33afa744a2ca08b30c54a9c6e9efa73d1b16d706679ebcf0963309722052f,d8c8b3d5420d7df0,2,ACCEPTED,Clean D40 pothole instance
rdd2022_india,India_005285.jpg,rdd_India_005285.jpg,val,1f982c9dc14c34fb2db2167ba0dae9e7,9716bda216563f9bc4a4b88c9f4fe2e47a0c1de4e182d5da90dcce1a6a1da3f9,85ab26d7038fc2cb,1,ACCEPTED,Clean D40 pothole instance
rdd2022_india,India_003658.jpg,rdd_India_003658.jpg,val,f4bdb4c3d7a391b37971e75d612315f5,c5957ec5f49cd72016e391d2e7ffa1b61c539385ce34497f400d95a729b73c20,d994a54a4ad5f529,1,ACCEPTED,Clean D40 pothole instance
rdd2022_india,India_005124.jpg,rdd_India_005124.jpg,val,9daea91ce8bc03bf56cb81cbb89c545a,9e24e6e314ca1e33decf0e10987c4f9cd99a0c5201bf747acffe6b362af5b56f,858a3a516fb053fc,2,ACCEPTED,Clean D40 pothole instance
rdd2022_india,India_005878.jpg,rdd_India_005878.jpg,val,6ccc09fa4b66db7bcb3eba44c0c4e4d6,89f48e42972ab695dabeb786a7628fdcfad2eaa244e22f798e3d108f69e803b9,9999c2e64c35972e,3,ACCEPTED,Clean D40 pothole instance
rdd2022_india,India_008142.jpg,rdd_India_008142.jpg,val,32c1e6908abbea95416c583e153e6fe7,df8ef57186b5c812abc678d4ad483a1b2470004a9ec034350210842a0aa74489,c9e8b25455ada35a,1,ACCEPTED,Clean D40 pothole instance
rdd2022_india,India_006873.jpg,rdd_India_006873.jpg,val,c6a8f8224a40904d199605b713338316,e91a5ed0150207a2773f8d69b759be46c6226f7113b00c9414b4c7594c4c2e33,99ad274619b1e24f,1,ACCEPTED,Clean D40 pothole instance
rdd2022_india,India_002946.jpg,rdd_India_002946.jpg,val,e2158875e7cf9a7d370b088203782407,4fc01457f6b466957a8870c46ccbd65ea3c17f1a16956bd1bce658f5cc8239a0,d696c1e1433e9c59,1,ACCEPTED,Clean D40 pothole instance
rdd2022_india,India_003161.jpg,rdd_India_003161.jpg,val,1d1af3a837e8943d3faf947623b28a86,c22a9395ac072c851117bd97c39de833c3c5b909268c3b0f0077adb9971235e7,9586e2ea1d95e2c3,3,ACCEPTED,Clean D40 pothole instance
rdd2022_india,India_009100.jpg,rdd_India_009100.jpg,val,c9922f400303734d0c1836345150a53d,1c455c9dea2e159f0a94d4f6b017b10abac6b3452b77b0af873b017af41eb499,de8ea4f1734c48d8,1,ACCEPTED,Clean D40 pothole instance
rdd2022_india,India_009723.jpg,rdd_India_009723.jpg,val,7b36b9f3240acde70f705e93cb029fbe,261f77f4f13cc6cb6e2af92a54d8385c88fccdfb89a458b5bc171ad801178a8e,c98937c609c9b756,1,ACCEPTED,Clean D40 pothole instance
rdd2022_india,India_000103.jpg,rdd_India_000103.jpg,val,fd1c821e644ef7cc5934d66dddbf7c61,02cfee47e17991fcb3b2657da2c8ebfe4ab6151a68148a8b2b8e116b6095688c,81af3e76038772ca,1,ACCEPTED,Clean D40 pothole instance
rdd2022_india,India_001491.jpg,rdd_India_001491.jpg,val,3a898b4830d604106fb10e9197a9eae0,38b1ac0ff953afdd0fac6803bc558ec8e8aa4d7bd97b17eb272883e6908a8f07,95b7e0101fdf5231,2,ACCEPTED,Clean D40 pothole instance
rdd2022_india,India_009430.jpg,rdd_India_009430.jpg,val,ed5a5ea5c6dfa6dfc3760dac2460c100,b3ffc71e7f2810d34c89e2acf9a329035a315ecbea0d12f5efb342978b1f481a,d295ad2505ed6a1b,3,ACCEPTED,Clean D40 pothole instance
rdd2022_india,India_009138.jpg,rdd_India_009138.jpg,val,8a38dc50348e5bb3cf26984064252878,3514543d6f8a265053cab8bc20bdbfa5140c7faf3fb1ce904b833e56528b70c2,979768720bafc612,3,ACCEPTED,Clean D40 pothole instance
rdd2022_india,India_001049.jpg,rdd_India_001049.jpg,val,ba8595e0d72f4b8b66304acfeeec0efe,65d9a44b47bbabca1778c6e5e979ee425c36a503dcdc88e66a22d834715fe99c,8381b13c6cc2dbf5,2,ACCEPTED,Clean D40 pothole instance
rdd2022_india,India_009348.jpg,rdd_India_009348.jpg,val,422ed52c748f2b7e2f32645daa3c0161,9e6e215dad7058485a86f82231be2e2eeea670d63b93f8530b55b14ac8df705f,85ae25563a96d26b,1,ACCEPTED,Clean D40 pothole instance
rdd2022_india,India_007991.jpg,rdd_India_007991.jpg,val,0b461273ac32b09e842be467a54ad6dc,661deb94666366a8ca558a069cb045135b3a4a1fb9d3876b94a4f6d0da1c2ca1,8789288417febd47,2,ACCEPTED,Clean D40 pothole instance
rdd2022_india,India_004657.jpg,rdd_India_004657.jpg,val,e09c2076ee7cbc59658cb715fa6d403d,632f05028b03f04c24c15ea819ce536ae3bfa766b4b364c2a8541b898413b07e,d495a7cb2a0afac2,1,ACCEPTED,Clean D40 pothole instance
rdd2022_india,India_002708.jpg,rdd_India_002708.jpg,val,31fead57a1bf7a561dae26769106a6b2,3156abeaee3a1bcce07dad91d3381478ab53193576a04e32d6dc3f7383463aba,9c83e3741cb7433c,2,ACCEPTED,Clean D40 pothole instance
rdd2022_india,India_001392.jpg,rdd_India_001392.jpg,val,1edf09a6375f735f2f651d05c386d300,799902f360262f3168ddff99e49e4b850a2d12bdd47af89da1d93a410ca6e150,858ee35d2d87c329,1,ACCEPTED,Clean D40 pothole instance
rdd2022_india,India_004613.jpg,rdd_India_004613.jpg,val,acc5f64a04b2fc7cea3434cf073a6847,3a4ecb5575acf42b668275d0f27ee3f779390346da442b7ace49b5ee2810762b,8d87e672798fc602,1,ACCEPTED,Clean D40 pothole instance
rdd2022_india,India_001736.jpg,rdd_India_001736.jpg,val,c0d3238dd20a27e0f2e361b7278bfd29,7c0f67d63fe68410f989c9d3a127686ee6efa3d18f805b7ae60c1f5c1b4fc27a,d9ab24560b96f24b,3,ACCEPTED,Clean D40 pothole instance
rdd2022_india,India_007240.jpg,rdd_India_007240.jpg,val,141540c5547a169e6899eff4e2fafd89,ad1816be9d408b5836d2a868d07e6d547322703a7326b97c597be31391ec0e97,8caa63212f9ff1a1,1,ACCEPTED,Clean D40 pothole instance
rdd2022_india,India_005138.jpg,rdd_India_005138.jpg,val,8f6514aa849bca0dfb63d1cfe86ddee4,be3920788659ab37ee1db165b4ecfd80f85fae0aec713f1cfb5d5d765ce7bc9d,e58c9a532dec541b,1,ACCEPTED,Clean D40 pothole instance
rdd2022_india,India_007185.jpg,rdd_India_007185.jpg,val,b5df19e8fe9d7cb070431c58066c026f,a941c33135cd89c369ea1bc019b0975a61833e5a2d5307b9be23408ba72f54a8,cde4b21a6ce79930,1,ACCEPTED,Clean D40 pothole instance
rdd2022_india,India_001275.jpg,rdd_India_001275.jpg,val,c391d8510e2db706743e9a6e662d2a9a,68474982d8b355a2cf68685c4af24b0ec83f72c154e99272355e25a6f4c74b52,b6b6ae8b5a02c4e5,1,ACCEPTED,Clean D40 pothole instance
rdd2022_india,India_009311.jpg,rdd_India_009311.jpg,val,fd9f0081e34d3bedc0196a480a98a912,26e7f6ca0d46718b1bd2ac6e3bd042b315b52fcaabc17e153b026da0dab93ab2,8383ee785b8f8561,1,ACCEPTED,Clean D40 pothole instance
rdd2022_india,India_002247.jpg,rdd_India_002247.jpg,val,3d59b31538e2b272a04f390a6ed04438,4375a6699da14790c3b17a818eb00190c2e553a3619387ab9f276d06e311cc5b,c0c0e46d3b9fc663,1,ACCEPTED,Clean D40 pothole instance
rdd2022_india,India_006665.jpg,rdd_India_006665.jpg,val,5fa888520d9d3da3c5b8d7aaa927fc51,5f86a497af11d11f07374a773ffa1f389b37844dc88fdfad703a1e65203709ef,80ab2f173395d63a,2,ACCEPTED,Clean D40 pothole instance
rdd2022_india,India_007205.jpg,rdd_India_007205.jpg,val,3722c3fdb721a58782b5ddfd61043944,b34ce19d4b5fdde80ce1ddc14c1200aa1812f9689c02041f8b78d49a8d501fc2,819fee6479b13268,1,ACCEPTED,Clean D40 pothole instance
rdd2022_india,India_001737.jpg,rdd_India_001737.jpg,val,858847ee0f132db7eefdb13bca0f35ac,b523ff1d551b3850a0daa904a6c24cc957fff7a11a1bf3cf351635870517bcce,cdcdadb081b95d0a,2,ACCEPTED,Clean D40 pothole instance
rdd2022_india,India_005269.jpg,rdd_India_005269.jpg,val,a908a086399eefc38440876c5d904e3d,effde30a10350455266dc5bdbf87c69677d5ac33960a43557f1f6f824ddd50ef,93afc7452be2c505,1,ACCEPTED,Clean D40 pothole instance
rdd2022_india,India_007791.jpg,rdd_India_007791.jpg,val,32078496f43f2caf9977d21f0e4d5df4,ccdeb2bdbe6b939b2eab5a964cce35bc84ef44e3a099d981f1dbe2c7a37501fd,d2d6b4ad291983ea,3,ACCEPTED,Clean D40 pothole instance
rdd2022_india,India_001135.jpg,rdd_India_001135.jpg,val,da0079992943347c8b4131b5c659b95b,878699956357cce172b10a591dc3aba048841087267c577f4ccf94c3fdb829df,918ae6599ce2791d,2,ACCEPTED,Clean D40 pothole instance
rdd2022_india,India_005059.jpg,rdd_India_005059.jpg,val,8bb5c7a0f2744d3e60873e08028046e9,3f601084356be95a1599c525808252f7e0c8bdf8695572071c7a1095ee62f654,81abf95b03c1783d,2,ACCEPTED,Clean D40 pothole instance
rdd2022_india,India_005717.jpg,rdd_India_005717.jpg,val,86289d0a6e76b647e2e4b4d7d6526d99,82e4f813e02cb41dab358e96e59ec54127dc2a54f4e357f0e11f6b99cc307464,d4a9ab9b1494e4cb,3,ACCEPTED,Clean D40 pothole instance
rdd2022_india,India_001246.jpg,rdd_India_001246.jpg,val,f62fda34123dbc2873f4c12426a6b57c,6c92660f73cbf91b3e9019b084f4584b430403c60d132be55d117329e479cedd,c48b7b6404bbf354,1,ACCEPTED,Clean D40 pothole instance
rdd2022_india,India_001902.jpg,rdd_India_001902.jpg,val,e8aea2055cf878b3bddd2920fbc10bb6,5194dc0a4206cf189a924e36436587ee586888eed0d869a547f4ea1fa80734fb,85abae5542f96929,5,ACCEPTED,Clean D40 pothole instance
rdd2022_india,India_004121.jpg,rdd_India_004121.jpg,val,7165eb5efe260c080ae1dc7f0197d423,2b551f5160dc1357b66c6f44ba18e627c31080b4f225bf32b5ec97a0aa452447,848e1f0765e0f69b,1,ACCEPTED,Clean D40 pothole instance
rdd2022_india,India_006362.jpg,rdd_India_006362.jpg,val,57d6cea0f14484b74ea95e684fba6da2,283be3034f4a26e572c4c312af9292f755cdc3a2c37e30007607464a7b3ee3e5,d994a56c4bd256a5,2,ACCEPTED,Clean D40 pothole instance
rdd2022_india,India_003774.jpg,rdd_India_003774.jpg,val,c89c0b2c8753da098c07266ace4330c7,987e1d5eefaed9522d39b4185982052034271bd7086e6c0a413d760714b9c1c8,d191ae4b4296f5a9,4,ACCEPTED,Clean D40 pothole instance
rdd2022_india,India_005612.jpg,rdd_India_005612.jpg,val,e6dd208853295ad833b143e7b3115c83,40c43ec9b038c83c607b7267bafb6e6d4c7912276f3bf2eb496c41db09f116fc,d194b42b6ad2f625,1,ACCEPTED,Clean D40 pothole instance
rdd2022_india,India_006325.jpg,rdd_India_006325.jpg,val,c5c0581e241ae99b36aa6992d692504a,f55ef4537f67e3a53e4f0820a2f64ed7811f8f02be960417e98dc240e2a756fa,81ad27563196d66b,2,ACCEPTED,Clean D40 pothole instance
rdd2022_india,India_005047.jpg,rdd_India_005047.jpg,val,2e147edb0187c0bfb555b49654946dd2,65a87236cd7dce547224abb45fcd184387f7656b1f5124693af5b66c3d7dca6b,c2c0e9394786f9e9,1,ACCEPTED,Clean D40 pothole instance
rdd2022_india,India_009221.jpg,rdd_India_009221.jpg,val,9704e1b0c66b1a3a75faa14131e313d2,1842bb460a97fd4b17fefc680cd7dc5d4c62fba6378c3439fb5d0d1c214a89e1,858582e27a398fcf,1,ACCEPTED,Clean D40 pothole instance
rdd2022_india,India_006808.jpg,rdd_India_006808.jpg,val,5876f1d7c981ff7953a834794b5f3dd3,d3a4b3b34b6b3cfadb1fe0287fe51f7857eb3cf24e784ec83bd51b74629ba024,978fb0e01e0b97e2,1,ACCEPTED,Clean D40 pothole instance
rdd2022_india,India_002968.jpg,rdd_India_002968.jpg,val,5179c5a57738006fd87bd097546c07e2,4c4eeacdb74868156a90a5d67bc319d485a7a8d788ef352e6f6fd1712be94438,8d80e2e279f8965e,1,ACCEPTED,Clean D40 pothole instance
rdd2022_india,India_009377.jpg,rdd_India_009377.jpg,val,43b13d63d56c05ef47a802ee85463aa3,54a0b55f6e606f32333bbf9929a9321e90404e29ab1845fcd9d2b90d0186e31f,8f9b5840839f6ee4,1,ACCEPTED,Clean D40 pothole instance
rdd2022_india,India_003926.jpg,rdd_India_003926.jpg,val,ccd8f585e1f6fa45d5f12c2918378e45,41881e6f45189d71261b7de28b0c169cbaddc65ca891e05345358b522a964a72,d6d6e260b01d5d2e,2,ACCEPTED,Clean D40 pothole instance
rdd2022_india,India_002759.jpg,rdd_India_002759.jpg,val,2988ee5dbfe471428b21ba2047574200,db4834f9fe2949f1bef4d01573780bc17c603b63134c0ce9f25154faa9f1f378,99986a5c9c2f3b94,1,ACCEPTED,Clean D40 pothole instance
