filename,source,split,boxes,width,height
andrew_potholes0.png,andrewmvd,train,12,450,300
andrew_potholes1.png,andrewmvd,train,2,400,300
andrew_potholes10.png,andrewmvd,train,2,400,400
andrew_potholes100.png,andrewmvd,val,1,400,300
andrew_potholes101.png,andrewmvd,train,2,530,300
andrew_potholes102.png,andrewmvd,train,1,400,300
andrew_potholes103.png,andrewmvd,test,3,467,300
andrew_potholes104.png,andrewmvd,train,2,480,300
andrew_potholes105.png,andrewmvd,train,8,400,300
andrew_potholes106.png,andrewmvd,train,1,300,400
andrew_potholes107.png,andrewmvd,train,2,534,300
andrew_potholes108.png,andrewmvd,val,13,442,300
andrew_potholes109.png,andrewmvd,train,3,400,176
andrew_potholes11.png,andrewmvd,train,2,400,400
andrew_potholes110.png,andrewmvd,train,2,400,300
andrew_potholes111.png,andrewmvd,train,1,400,400
andrew_potholes112.png,andrewmvd,train,1,485,300
andrew_potholes113.png,andrewmvd,train,3,506,300
andrew_potholes114.png,andrewmvd,train,3,400,400
andrew_potholes115.png,andrewmvd,train,1,400,400
andrew_potholes116.png,andrewmvd,train,2,400,400
andrew_potholes117.png,andrewmvd,train,2,400,400
andrew_potholes118.png,andrewmvd,train,1,400,400
andrew_potholes119.png,andrewmvd,train,1,400,400
andrew_potholes12.png,andrewmvd,train,5,450,300
andrew_potholes120.png,andrewmvd,test,3,400,400
andrew_potholes121.png,andrewmvd,train,15,533,300
andrew_potholes122.png,andrewmvd,test,2,400,400
andrew_potholes123.png,andrewmvd,train,3,400,400
andrew_potholes124.png,andrewmvd,train,1,406,300
andrew_potholes125.png,andrewmvd,test,2,533,300
andrew_potholes126.png,andrewmvd,train,5,533,300
andrew_potholes127.png,andrewmvd,test,3,400,400
andrew_potholes128.png,andrewmvd,train,1,400,400
andrew_potholes129.png,andrewmvd,train,1,544,300
andrew_potholes13.png,andrewmvd,train,2,474,300
andrew_potholes130.png,andrewmvd,train,1,450,300
andrew_potholes131.png,andrewmvd,train,1,400,400
andrew_potholes132.png,andrewmvd,train,2,400,400
andrew_potholes133.png,andrewmvd,train,1,400,400
andrew_potholes134.png,andrewmvd,train,1,400,400
andrew_potholes135.png,andrewmvd,train,2,400,400
andrew_potholes136.png,andrewmvd,train,3,400,400
andrew_potholes137.png,andrewmvd,train,1,534,300
andrew_potholes138.png,andrewmvd,test,1,421,300
andrew_potholes139.png,andrewmvd,train,2,400,400
andrew_potholes14.png,andrewmvd,test,5,400,400
andrew_potholes140.png,andrewmvd,train,1,400,400
andrew_potholes141.png,andrewmvd,val,1,437,300
andrew_potholes142.png,andrewmvd,train,6,452,300
andrew_potholes143.png,andrewmvd,train,1,533,300
andrew_potholes144.png,andrewmvd,train,9,400,300
andrew_potholes145.png,andrewmvd,train,3,533,300
andrew_potholes146.png,andrewmvd,train,2,450,300
andrew_potholes147.png,andrewmvd,train,2,450,300
andrew_potholes148.png,andrewmvd,train,3,383,300
andrew_potholes149.png,andrewmvd,train,7,300,442
andrew_potholes15.png,andrewmvd,val,1,447,300
andrew_potholes150.png,andrewmvd,train,1,454,300
andrew_potholes151.png,andrewmvd,train,1,362,300
andrew_potholes152.png,andrewmvd,train,2,400,400
andrew_potholes153.png,andrewmvd,train,4,300,400
andrew_potholes154.png,andrewmvd,train,9,445,300
andrew_potholes155.png,andrewmvd,train,1,400,400
andrew_potholes156.png,andrewmvd,train,1,533,300
andrew_potholes157.png,andrewmvd,val,1,400,400
andrew_potholes158.png,andrewmvd,train,2,400,400
andrew_potholes159.png,andrewmvd,val,1,400,400
andrew_potholes16.png,andrewmvd,train,1,449,300
andrew_potholes160.png,andrewmvd,train,1,400,400
andrew_potholes161.png,andrewmvd,train,3,400,400
andrew_potholes162.png,andrewmvd,test,10,438,300
andrew_potholes163.png,andrewmvd,train,4,400,400
andrew_potholes164.png,andrewmvd,val,1,400,400
andrew_potholes165.png,andrewmvd,train,3,533,300
andrew_potholes166.png,andrewmvd,train,1,400,400
andrew_potholes167.png,andrewmvd,train,12,533,300
andrew_potholes168.png,andrewmvd,train,2,449,300
andrew_potholes169.png,andrewmvd,train,2,400,400
andrew_potholes17.png,andrewmvd,train,1,451,300
andrew_potholes170.png,andrewmvd,test,1,449,300
andrew_potholes171.png,andrewmvd,test,3,450,300
andrew_potholes172.png,andrewmvd,train,4,400,400
andrew_potholes173.png,andrewmvd,train,1,400,400
andrew_potholes174.png,andrewmvd,train,4,450,300
andrew_potholes175.png,andrewmvd,train,3,400,400
andrew_potholes176.png,andrewmvd,train,1,400,400
andrew_potholes177.png,andrewmvd,train,10,335,300
andrew_potholes178.png,andrewmvd,train,2,400,400
andrew_potholes179.png,andrewmvd,test,3,400,400
andrew_potholes18.png,andrewmvd,train,1,400,173
andrew_potholes180.png,andrewmvd,train,1,400,400
andrew_potholes181.png,andrewmvd,train,1,571,300
andrew_potholes182.png,andrewmvd,val,1,463,300
andrew_potholes183.png,andrewmvd,test,1,460,300
andrew_potholes184.png,andrewmvd,test,2,400,300
andrew_potholes185.png,andrewmvd,train,4,557,300
andrew_potholes186.png,andrewmvd,train,3,435,300
andrew_potholes187.png,andrewmvd,train,3,401,300
andrew_potholes188.png,andrewmvd,test,1,533,300
andrew_potholes189.png,andrewmvd,train,2,533,300
andrew_potholes19.png,andrewmvd,train,2,461,300
andrew_potholes190.png,andrewmvd,train,2,451,300
andrew_potholes191.png,andrewmvd,test,1,400,400
andrew_potholes192.png,andrewmvd,test,2,400,400
andrew_potholes193.png,andrewmvd,train,5,452,300
andrew_potholes194.png,andrewmvd,train,2,400,400
andrew_potholes195.png,andrewmvd,train,1,400,400
andrew_potholes196.png,andrewmvd,train,2,400,400
andrew_potholes197.png,andrewmvd,train,1,450,300
andrew_potholes198.png,andrewmvd,train,2,300,451
andrew_potholes199.png,andrewmvd,train,3,400,400
andrew_potholes2.png,andrewmvd,val,2,400,400
andrew_potholes20.png,andrewmvd,train,2,400,300
andrew_potholes200.png,andrewmvd,test,2,400,400
andrew_potholes201.png,andrewmvd,train,2,400,400
andrew_potholes202.png,andrewmvd,train,6,300,397
andrew_potholes203.png,andrewmvd,val,3,453,300
andrew_potholes204.png,andrewmvd,train,1,400,400
andrew_potholes205.png,andrewmvd,train,6,450,300
andrew_potholes206.png,andrewmvd,train,4,453,300
andrew_potholes207.png,andrewmvd,train,2,400,400
andrew_potholes208.png,andrewmvd,train,1,400,400
andrew_potholes209.png,andrewmvd,train,3,400,400
andrew_potholes21.png,andrewmvd,train,3,450,300
andrew_potholes210.png,andrewmvd,train,5,400,400
andrew_potholes211.png,andrewmvd,train,1,400,400
andrew_potholes212.png,andrewmvd,test,2,400,400
andrew_potholes213.png,andrewmvd,train,1,450,300
andrew_potholes214.png,andrewmvd,train,12,400,148
andrew_potholes215.png,andrewmvd,train,2,300,300
andrew_potholes216.png,andrewmvd,train,3,451,300
andrew_potholes217.png,andrewmvd,train,4,450,300
andrew_potholes218.png,andrewmvd,train,1,425,300
andrew_potholes219.png,andrewmvd,train,2,503,300
andrew_potholes22.png,andrewmvd,train,1,600,300
andrew_potholes220.png,andrewmvd,train,1,400,300
andrew_potholes221.png,andrewmvd,train,1,553,300
andrew_potholes222.png,andrewmvd,train,1,370,300
andrew_potholes223.png,andrewmvd,train,2,574,300
andrew_potholes224.png,andrewmvd,train,1,450,300
andrew_potholes225.png,andrewmvd,val,3,400,300
andrew_potholes226.png,andrewmvd,test,2,400,300
andrew_potholes227.png,andrewmvd,train,2,532,300
andrew_potholes228.png,andrewmvd,train,1,400,400
andrew_potholes229.png,andrewmvd,train,1,533,300
andrew_potholes23.png,andrewmvd,val,1,480,300
andrew_potholes230.png,andrewmvd,train,1,400,400
andrew_potholes231.png,andrewmvd,train,1,400,400
andrew_potholes232.png,andrewmvd,train,1,400,400
andrew_potholes233.png,andrewmvd,train,2,400,400
andrew_potholes234.png,andrewmvd,train,2,533,300
andrew_potholes235.png,andrewmvd,train,1,400,400
andrew_potholes236.png,andrewmvd,train,1,400,400
andrew_potholes237.png,andrewmvd,train,3,400,400
andrew_potholes238.png,andrewmvd,train,1,600,300
andrew_potholes239.png,andrewmvd,val,1,400,400
andrew_potholes24.png,andrewmvd,train,1,527,300
andrew_potholes240.png,andrewmvd,train,7,373,300
andrew_potholes241.png,andrewmvd,test,1,400,400
andrew_potholes242.png,andrewmvd,train,2,400,400
andrew_potholes243.png,andrewmvd,val,1,400,400
andrew_potholes244.png,andrewmvd,train,1,400,300
andrew_potholes245.png,andrewmvd,test,2,400,400
andrew_potholes246.png,andrewmvd,train,2,400,400
andrew_potholes247.png,andrewmvd,train,1,533,300
andrew_potholes248.png,andrewmvd,test,2,400,400
andrew_potholes249.png,andrewmvd,val,1,452,300
andrew_potholes25.png,andrewmvd,train,4,571,300
andrew_potholes250.png,andrewmvd,train,1,400,400
andrew_potholes251.png,andrewmvd,train,5,453,300
andrew_potholes252.png,andrewmvd,train,6,400,180
andrew_potholes253.png,andrewmvd,train,1,400,300
andrew_potholes254.png,andrewmvd,train,5,450,300
andrew_potholes255.png,andrewmvd,train,5,534,300
andrew_potholes256.png,andrewmvd,val,1,400,168
andrew_potholes257.png,andrewmvd,train,4,300,300
andrew_potholes258.png,andrewmvd,train,1,382,300
andrew_potholes259.png,andrewmvd,train,1,506,300
andrew_potholes26.png,andrewmvd,train,1,400,300
andrew_potholes260.png,andrewmvd,train,1,450,300
andrew_potholes261.png,andrewmvd,train,4,418,300
andrew_potholes262.png,andrewmvd,val,1,400,300
andrew_potholes263.png,andrewmvd,train,1,400,300
andrew_potholes264.png,andrewmvd,train,1,400,400
andrew_potholes265.png,andrewmvd,train,2,400,400
andrew_potholes266.png,andrewmvd,train,4,300,400
andrew_potholes267.png,andrewmvd,train,1,400,400
andrew_potholes268.png,andrewmvd,train,2,400,400
andrew_potholes269.png,andrewmvd,train,3,400,400
andrew_potholes27.png,andrewmvd,train,1,486,300
andrew_potholes270.png,andrewmvd,train,5,400,300
andrew_potholes271.png,andrewmvd,train,1,520,300
andrew_potholes272.png,andrewmvd,train,1,400,400
andrew_potholes273.png,andrewmvd,train,1,400,400
andrew_potholes274.png,andrewmvd,train,3,400,400
andrew_potholes275.png,andrewmvd,test,1,300,442
andrew_potholes276.png,andrewmvd,train,1,450,300
andrew_potholes277.png,andrewmvd,train,17,583,300
andrew_potholes278.png,andrewmvd,train,1,400,400
andrew_potholes279.png,andrewmvd,train,1,400,400
andrew_potholes28.png,andrewmvd,train,2,400,400
andrew_potholes280.png,andrewmvd,train,2,400,400
andrew_potholes281.png,andrewmvd,test,3,460,300
andrew_potholes282.png,andrewmvd,train,1,400,400
andrew_potholes283.png,andrewmvd,train,1,400,400
andrew_potholes284.png,andrewmvd,train,2,400,400
andrew_potholes285.png,andrewmvd,train,1,400,400
andrew_potholes286.png,andrewmvd,train,1,400,400
andrew_potholes287.png,andrewmvd,train,1,400,400
andrew_potholes288.png,andrewmvd,train,1,481,300
andrew_potholes289.png,andrewmvd,train,1,400,174
andrew_potholes29.png,andrewmvd,train,3,400,400
andrew_potholes290.png,andrewmvd,train,1,400,300
andrew_potholes291.png,andrewmvd,val,1,458,300
andrew_potholes292.png,andrewmvd,train,1,459,300
andrew_potholes293.png,andrewmvd,val,1,450,300
andrew_potholes294.png,andrewmvd,val,18,400,300
andrew_potholes295.png,andrewmvd,train,3,510,300
andrew_potholes296.png,andrewmvd,train,2,456,300
andrew_potholes297.png,andrewmvd,test,2,533,300
andrew_potholes298.png,andrewmvd,train,1,400,400
andrew_potholes299.png,andrewmvd,train,2,400,400
andrew_potholes3.png,andrewmvd,test,2,400,400
andrew_potholes30.png,andrewmvd,val,2,450,300
andrew_potholes300.png,andrewmvd,test,2,400,400
andrew_potholes301.png,andrewmvd,train,5,400,400
andrew_potholes302.png,andrewmvd,train,3,400,400
andrew_potholes303.png,andrewmvd,test,2,400,400
andrew_potholes304.png,andrewmvd,train,1,400,400
andrew_potholes305.png,andrewmvd,train,1,400,400
andrew_potholes306.png,andrewmvd,train,1,571,300
andrew_potholes307.png,andrewmvd,train,1,451,300
andrew_potholes308.png,andrewmvd,test,1,400,400
andrew_potholes309.png,andrewmvd,val,4,450,300
andrew_potholes31.png,andrewmvd,train,4,400,400
andrew_potholes310.png,andrewmvd,train,5,533,300
andrew_potholes311.png,andrewmvd,train,1,536,300
andrew_potholes312.png,andrewmvd,test,1,400,400
andrew_potholes313.png,andrewmvd,train,3,400,400
andrew_potholes314.png,andrewmvd,train,5,400,300
andrew_potholes315.png,andrewmvd,train,1,400,140
andrew_potholes316.png,andrewmvd,train,2,400,400
andrew_potholes317.png,andrewmvd,train,10,533,300
andrew_potholes318.png,andrewmvd,train,2,400,400
andrew_potholes319.png,andrewmvd,train,1,400,400
andrew_potholes32.png,andrewmvd,train,2,400,400
andrew_potholes320.png,andrewmvd,train,3,300,400
andrew_potholes321.png,andrewmvd,train,7,400,400
andrew_potholes322.png,andrewmvd,train,2,400,400
andrew_potholes323.png,andrewmvd,test,2,300,440
andrew_potholes324.png,andrewmvd,train,1,400,400
andrew_potholes325.png,andrewmvd,val,1,400,300
andrew_potholes326.png,andrewmvd,train,1,450,300
andrew_potholes327.png,andrewmvd,train,1,442,300
andrew_potholes328.png,andrewmvd,train,1,533,300
andrew_potholes329.png,andrewmvd,train,4,381,300
andrew_potholes33.png,andrewmvd,val,2,400,400
andrew_potholes330.png,andrewmvd,train,5,480,300
andrew_potholes331.png,andrewmvd,train,1,401,300
andrew_potholes332.png,andrewmvd,train,3,450,300
andrew_potholes333.png,andrewmvd,train,1,455,300
andrew_potholes334.png,andrewmvd,train,4,451,300
andrew_potholes335.png,andrewmvd,train,2,600,300
andrew_potholes336.png,andrewmvd,train,3,533,300
andrew_potholes337.png,andrewmvd,train,1,465,300
andrew_potholes338.png,andrewmvd,train,4,571,300
andrew_potholes339.png,andrewmvd,train,2,400,400
andrew_potholes34.png,andrewmvd,train,2,400,400
andrew_potholes340.png,andrewmvd,val,1,400,400
andrew_potholes341.png,andrewmvd,test,1,400,300
andrew_potholes342.png,andrewmvd,val,1,400,300
andrew_potholes343.png,andrewmvd,train,3,400,400
andrew_potholes344.png,andrewmvd,val,2,400,400
andrew_potholes345.png,andrewmvd,val,4,400,400
andrew_potholes346.png,andrewmvd,train,9,533,300
andrew_potholes347.png,andrewmvd,val,1,450,300
andrew_potholes348.png,andrewmvd,train,1,400,400
andrew_potholes349.png,andrewmvd,train,1,400,400
andrew_potholes35.png,andrewmvd,train,2,400,400
andrew_potholes350.png,andrewmvd,train,5,449,300
andrew_potholes351.png,andrewmvd,test,2,400,400
andrew_potholes352.png,andrewmvd,train,1,533,300
andrew_potholes353.png,andrewmvd,train,3,400,300
andrew_potholes354.png,andrewmvd,test,3,300,444
andrew_potholes355.png,andrewmvd,train,2,400,400
andrew_potholes356.png,andrewmvd,train,2,400,300
andrew_potholes357.png,andrewmvd,train,1,400,300
andrew_potholes358.png,andrewmvd,train,1,400,400
andrew_potholes359.png,andrewmvd,train,1,400,400
andrew_potholes36.png,andrewmvd,train,1,400,400
andrew_potholes360.png,andrewmvd,train,2,400,400
andrew_potholes361.png,andrewmvd,train,1,400,400
andrew_potholes362.png,andrewmvd,train,8,534,300
andrew_potholes363.png,andrewmvd,train,1,400,400
andrew_potholes364.png,andrewmvd,train,3,400,400
andrew_potholes365.png,andrewmvd,test,1,464,300
andrew_potholes366.png,andrewmvd,train,4,400,300
andrew_potholes367.png,andrewmvd,train,3,450,300
andrew_potholes368.png,andrewmvd,train,13,366,300
andrew_potholes369.png,andrewmvd,test,3,400,300
andrew_potholes37.png,andrewmvd,train,2,400,400
andrew_potholes370.png,andrewmvd,train,5,533,300
andrew_potholes371.png,andrewmvd,train,6,533,300
andrew_potholes372.png,andrewmvd,train,1,300,369
andrew_potholes373.png,andrewmvd,train,1,489,300
andrew_potholes374.png,andrewmvd,train,1,450,300
andrew_potholes375.png,andrewmvd,train,1,450,300
andrew_potholes376.png,andrewmvd,train,2,300,400
andrew_potholes377.png,andrewmvd,train,1,533,300
andrew_potholes378.png,andrewmvd,train,1,533,300
andrew_potholes379.png,andrewmvd,train,1,544,300
andrew_potholes38.png,andrewmvd,train,2,533,300
andrew_potholes380.png,andrewmvd,train,3,400,400
andrew_potholes381.png,andrewmvd,train,1,400,300
andrew_potholes382.png,andrewmvd,train,3,450,300
andrew_potholes383.png,andrewmvd,train,2,400,400
andrew_potholes384.png,andrewmvd,train,2,400,400
andrew_potholes385.png,andrewmvd,train,2,400,400
andrew_potholes386.png,andrewmvd,train,2,400,400
andrew_potholes387.png,andrewmvd,train,1,533,300
andrew_potholes388.png,andrewmvd,train,1,400,400
andrew_potholes389.png,andrewmvd,val,2,400,400
andrew_potholes39.png,andrewmvd,val,14,480,300
andrew_potholes390.png,andrewmvd,train,3,450,300
andrew_potholes391.png,andrewmvd,train,4,400,300
andrew_potholes392.png,andrewmvd,train,1,401,300
andrew_potholes393.png,andrewmvd,train,3,400,400
andrew_potholes394.png,andrewmvd,train,5,533,300
andrew_potholes395.png,andrewmvd,train,1,400,400
andrew_potholes396.png,andrewmvd,train,10,407,300
andrew_potholes397.png,andrewmvd,train,4,400,400
andrew_potholes398.png,andrewmvd,val,1,400,400
andrew_potholes399.png,andrewmvd,train,2,517,300
andrew_potholes4.png,andrewmvd,train,2,400,300
andrew_potholes40.png,andrewmvd,train,1,400,400
andrew_potholes400.png,andrewmvd,train,4,400,400
andrew_potholes401.png,andrewmvd,train,1,400,400
andrew_potholes402.png,andrewmvd,train,2,435,300
andrew_potholes403.png,andrewmvd,train,3,300,399
andrew_potholes404.png,andrewmvd,train,1,400,400
andrew_potholes405.png,andrewmvd,train,2,480,300
andrew_potholes406.png,andrewmvd,train,1,534,300
andrew_potholes407.png,andrewmvd,train,1,400,300
andrew_potholes408.png,andrewmvd,test,1,400,199
andrew_potholes409.png,andrewmvd,train,4,536,300
andrew_potholes41.png,andrewmvd,train,1,491,300
andrew_potholes410.png,andrewmvd,train,2,400,175
andrew_potholes411.png,andrewmvd,test,8,396,300
andrew_potholes412.png,andrewmvd,train,1,300,300
andrew_potholes413.png,andrewmvd,train,1,534,300
andrew_potholes414.png,andrewmvd,train,1,450,300
andrew_potholes415.png,andrewmvd,test,5,400,300
andrew_potholes416.png,andrewmvd,train,1,533,300
andrew_potholes417.png,andrewmvd,train,5,450,300
andrew_potholes418.png,andrewmvd,train,4,533,300
andrew_potholes419.png,andrewmvd,train,1,451,300
andrew_potholes42.png,andrewmvd,train,9,400,300
andrew_potholes420.png,andrewmvd,train,1,400,400
andrew_potholes421.png,andrewmvd,train,1,400,400
andrew_potholes422.png,andrewmvd,train,1,400,300
andrew_potholes423.png,andrewmvd,train,1,400,400
andrew_potholes424.png,andrewmvd,train,1,400,400
andrew_potholes425.png,andrewmvd,val,3,451,300
andrew_potholes426.png,andrewmvd,train,1,450,300
andrew_potholes427.png,andrewmvd,train,7,400,400
andrew_potholes428.png,andrewmvd,train,2,400,400
andrew_potholes429.png,andrewmvd,test,1,544,300
andrew_potholes43.png,andrewmvd,train,2,400,400
andrew_potholes430.png,andrewmvd,train,2,400,400
andrew_potholes431.png,andrewmvd,test,4,534,300
andrew_potholes432.png,andrewmvd,train,1,400,400
andrew_potholes433.png,andrewmvd,train,8,300,450
andrew_potholes434.png,andrewmvd,test,9,400,300
andrew_potholes435.png,andrewmvd,train,2,400,400
andrew_potholes436.png,andrewmvd,train,1,400,400
andrew_potholes437.png,andrewmvd,train,4,400,300
andrew_potholes438.png,andrewmvd,train,1,400,400
andrew_potholes439.png,andrewmvd,train,2,400,400
andrew_potholes44.png,andrewmvd,val,1,400,400
andrew_potholes440.png,andrewmvd,train,3,400,400
andrew_potholes441.png,andrewmvd,train,3,400,400
andrew_potholes442.png,andrewmvd,train,1,533,300
andrew_potholes443.png,andrewmvd,train,3,450,300
andrew_potholes444.png,andrewmvd,train,4,400,400
andrew_potholes445.png,andrewmvd,train,6,400,300
andrew_potholes446.png,andrewmvd,train,5,300,400
andrew_potholes447.png,andrewmvd,test,1,400,156
andrew_potholes448.png,andrewmvd,val,2,401,300
andrew_potholes449.png,andrewmvd,test,5,426,300
andrew_potholes45.png,andrewmvd,val,5,409,300
andrew_potholes450.png,andrewmvd,train,1,482,300
andrew_potholes451.png,andrewmvd,train,3,470,300
andrew_potholes452.png,andrewmvd,train,3,300,403
andrew_potholes453.png,andrewmvd,val,1,400,300
andrew_potholes454.png,andrewmvd,train,8,458,300
andrew_potholes455.png,andrewmvd,train,1,453,300
andrew_potholes456.png,andrewmvd,train,2,427,300
andrew_potholes457.png,andrewmvd,train,16,300,400
andrew_potholes458.png,andrewmvd,train,2,533,300
andrew_potholes459.png,andrewmvd,train,3,450,300
andrew_potholes46.png,andrewmvd,train,2,400,300
andrew_potholes460.png,andrewmvd,train,2,400,400
andrew_potholes461.png,andrewmvd,train,1,400,400
andrew_potholes462.png,andrewmvd,train,1,534,300
andrew_potholes463.png,andrewmvd,val,5,400,400
andrew_potholes464.png,andrewmvd,train,1,400,400
andrew_potholes465.png,andrewmvd,train,1,400,400
andrew_potholes466.png,andrewmvd,val,1,400,400
andrew_potholes467.png,andrewmvd,train,5,533,300
andrew_potholes468.png,andrewmvd,val,8,509,300
andrew_potholes469.png,andrewmvd,train,2,400,400
andrew_potholes47.png,andrewmvd,train,3,400,400
andrew_potholes470.png,andrewmvd,train,1,533,300
andrew_potholes471.png,andrewmvd,train,1,400,400
andrew_potholes472.png,andrewmvd,train,1,533,300
andrew_potholes473.png,andrewmvd,train,6,457,300
andrew_potholes474.png,andrewmvd,train,3,535,300
andrew_potholes475.png,andrewmvd,train,1,400,300
andrew_potholes476.png,andrewmvd,train,2,400,400
andrew_potholes477.png,andrewmvd,train,4,400,400
andrew_potholes478.png,andrewmvd,train,2,360,300
andrew_potholes479.png,andrewmvd,train,1,400,400
andrew_potholes48.png,andrewmvd,train,1,400,400
andrew_potholes480.png,andrewmvd,train,2,400,400
andrew_potholes481.png,andrewmvd,train,2,400,400
andrew_potholes482.png,andrewmvd,train,2,400,400
andrew_potholes483.png,andrewmvd,train,11,400,400
andrew_potholes484.png,andrewmvd,train,2,400,400
andrew_potholes485.png,andrewmvd,test,2,400,400
andrew_potholes486.png,andrewmvd,train,6,303,300
andrew_potholes487.png,andrewmvd,train,1,300,300
andrew_potholes488.png,andrewmvd,test,1,400,400
andrew_potholes489.png,andrewmvd,train,5,400,300
andrew_potholes49.png,andrewmvd,train,2,400,400
andrew_potholes490.png,andrewmvd,train,1,494,300
andrew_potholes491.png,andrewmvd,train,2,449,300
andrew_potholes492.png,andrewmvd,train,1,443,300
andrew_potholes493.png,andrewmvd,val,2,514,300
andrew_potholes494.png,andrewmvd,train,1,533,300
andrew_potholes495.png,andrewmvd,train,1,533,300
andrew_potholes496.png,andrewmvd,train,1,425,300
andrew_potholes497.png,andrewmvd,train,1,400,300
andrew_potholes498.png,andrewmvd,train,5,452,300
andrew_potholes499.png,andrewmvd,train,7,534,300
andrew_potholes5.png,andrewmvd,val,1,400,400
andrew_potholes50.png,andrewmvd,train,1,400,400
andrew_potholes500.png,andrewmvd,train,1,450,300
andrew_potholes501.png,andrewmvd,train,5,449,300
andrew_potholes502.png,andrewmvd,train,2,450,300
andrew_potholes503.png,andrewmvd,train,2,401,300
andrew_potholes504.png,andrewmvd,train,1,300,357
andrew_potholes505.png,andrewmvd,train,13,450,300
andrew_potholes506.png,andrewmvd,train,5,400,400
andrew_potholes507.png,andrewmvd,train,1,400,400
andrew_potholes508.png,andrewmvd,train,2,571,300
andrew_potholes509.png,andrewmvd,train,3,400,400
andrew_potholes51.png,andrewmvd,train,1,400,400
andrew_potholes510.png,andrewmvd,train,1,400,400
andrew_potholes511.png,andrewmvd,test,4,400,400
andrew_potholes512.png,andrewmvd,train,1,400,400
andrew_potholes513.png,andrewmvd,train,1,400,400
andrew_potholes514.png,andrewmvd,train,2,400,400
andrew_potholes515.png,andrewmvd,train,1,400,400
andrew_potholes516.png,andrewmvd,test,2,404,300
andrew_potholes517.png,andrewmvd,train,3,400,300
andrew_potholes518.png,andrewmvd,train,3,400,400
andrew_potholes519.png,andrewmvd,train,6,447,300
andrew_potholes52.png,andrewmvd,train,1,400,400
andrew_potholes520.png,andrewmvd,val,19,300,300
andrew_potholes521.png,andrewmvd,test,1,533,300
andrew_potholes522.png,andrewmvd,train,2,450,300
andrew_potholes523.png,andrewmvd,train,2,450,300
andrew_potholes524.png,andrewmvd,val,1,400,400
andrew_potholes525.png,andrewmvd,train,4,400,400
andrew_potholes526.png,andrewmvd,train,7,532,300
andrew_potholes527.png,andrewmvd,train,2,400,300
andrew_potholes528.png,andrewmvd,train,2,400,400
andrew_potholes529.png,andrewmvd,train,1,400,400
andrew_potholes53.png,andrewmvd,val,5,450,300
andrew_potholes530.png,andrewmvd,train,1,400,400
andrew_potholes531.png,andrewmvd,train,2,400,400
andrew_potholes532.png,andrewmvd,train,1,400,400
andrew_potholes533.png,andrewmvd,train,1,400,400
andrew_potholes534.png,andrewmvd,train,7,450,300
andrew_potholes535.png,andrewmvd,train,8,400,184
andrew_potholes536.png,andrewmvd,train,2,400,400
andrew_potholes537.png,andrewmvd,train,3,400,400
andrew_potholes538.png,andrewmvd,train,5,400,300
andrew_potholes539.png,andrewmvd,train,1,457,300
andrew_potholes54.png,andrewmvd,train,1,300,533
andrew_potholes540.png,andrewmvd,train,1,450,300
andrew_potholes541.png,andrewmvd,train,2,400,300
andrew_potholes542.png,andrewmvd,train,4,345,300
andrew_potholes543.png,andrewmvd,train,1,450,300
andrew_potholes544.png,andrewmvd,train,3,450,300
andrew_potholes545.png,andrewmvd,train,3,455,300
andrew_potholes546.png,andrewmvd,train,1,400,300
andrew_potholes547.png,andrewmvd,train,4,533,300
andrew_potholes548.png,andrewmvd,train,1,400,200
andrew_potholes549.png,andrewmvd,train,3,400,300
andrew_potholes55.png,andrewmvd,train,1,400,400
andrew_potholes550.png,andrewmvd,train,2,402,300
andrew_potholes551.png,andrewmvd,train,1,300,400
andrew_potholes552.png,andrewmvd,train,5,400,400
andrew_potholes553.png,andrewmvd,val,1,534,300
andrew_potholes554.png,andrewmvd,train,1,400,400
andrew_potholes555.png,andrewmvd,train,1,400,400
andrew_potholes556.png,andrewmvd,train,2,464,300
andrew_potholes557.png,andrewmvd,train,2,400,400
andrew_potholes558.png,andrewmvd,train,1,400,400
andrew_potholes559.png,andrewmvd,val,2,400,400
andrew_potholes56.png,andrewmvd,val,3,400,400
andrew_potholes560.png,andrewmvd,train,1,400,400
andrew_potholes561.png,andrewmvd,train,2,400,400
andrew_potholes562.png,andrewmvd,train,2,400,300
andrew_potholes563.png,andrewmvd,train,2,400,400
andrew_potholes564.png,andrewmvd,test,1,400,300
andrew_potholes565.png,andrewmvd,train,1,450,300
andrew_potholes566.png,andrewmvd,train,2,400,400
andrew_potholes567.png,andrewmvd,train,1,450,300
andrew_potholes568.png,andrewmvd,val,1,481,300
andrew_potholes569.png,andrewmvd,train,1,400,300
andrew_potholes57.png,andrewmvd,train,1,400,176
andrew_potholes570.png,andrewmvd,train,3,336,300
andrew_potholes571.png,andrewmvd,train,1,400,300
andrew_potholes572.png,andrewmvd,train,1,400,400
andrew_potholes573.png,andrewmvd,train,2,400,178
andrew_potholes574.png,andrewmvd,train,7,527,300
andrew_potholes575.png,andrewmvd,train,5,400,400
andrew_potholes576.png,andrewmvd,train,2,400,400
andrew_potholes577.png,andrewmvd,train,1,400,400
andrew_potholes578.png,andrewmvd,train,3,400,400
andrew_potholes579.png,andrewmvd,train,3,400,400
andrew_potholes58.png,andrewmvd,train,2,400,300
andrew_potholes580.png,andrewmvd,train,3,400,400
andrew_potholes581.png,andrewmvd,train,1,400,400
andrew_potholes582.png,andrewmvd,train,1,399,300
andrew_potholes583.png,andrewmvd,train,3,400,400
andrew_potholes584.png,andrewmvd,train,4,400,400
andrew_potholes585.png,andrewmvd,train,2,600,300
andrew_potholes586.png,andrewmvd,val,2,450,300
andrew_potholes587.png,andrewmvd,train,1,450,300
andrew_potholes588.png,andrewmvd,train,2,451,300
andrew_potholes589.png,andrewmvd,train,1,453,300
andrew_potholes59.png,andrewmvd,train,1,450,300
andrew_potholes590.png,andrewmvd,val,4,533,300
andrew_potholes591.png,andrewmvd,train,2,400,300
andrew_potholes592.png,andrewmvd,train,1,540,300
andrew_potholes593.png,andrewmvd,test,1,533,300
andrew_potholes594.png,andrewmvd,train,1,450,300
andrew_potholes595.png,andrewmvd,val,1,533,300
andrew_potholes596.png,andrewmvd,train,2,451,300
andrew_potholes597.png,andrewmvd,train,7,450,300
andrew_potholes598.png,andrewmvd,train,1,300,400
andrew_potholes599.png,andrewmvd,train,3,451,300
andrew_potholes6.png,andrewmvd,train,1,400,400
andrew_potholes60.png,andrewmvd,train,1,449,300
andrew_potholes600.png,andrewmvd,test,2,400,400
andrew_potholes601.png,andrewmvd,train,2,450,300
andrew_potholes602.png,andrewmvd,train,1,450,300
andrew_potholes603.png,andrewmvd,train,1,400,400
andrew_potholes604.png,andrewmvd,train,2,400,400
andrew_potholes605.png,andrewmvd,train,1,400,400
andrew_potholes606.png,andrewmvd,val,3,400,400
andrew_potholes607.png,andrewmvd,test,2,400,400
andrew_potholes608.png,andrewmvd,train,1,400,400
andrew_potholes609.png,andrewmvd,train,2,400,400
andrew_potholes61.png,andrewmvd,train,1,533,300
andrew_potholes610.png,andrewmvd,train,7,400,300
andrew_potholes611.png,andrewmvd,val,3,400,400
andrew_potholes612.png,andrewmvd,train,1,400,400
andrew_potholes613.png,andrewmvd,train,2,400,300
andrew_potholes614.png,andrewmvd,train,1,449,300
andrew_potholes615.png,andrewmvd,test,3,521,300
andrew_potholes616.png,andrewmvd,train,2,503,300
andrew_potholes617.png,andrewmvd,train,2,540,300
andrew_potholes618.png,andrewmvd,train,5,450,300
andrew_potholes619.png,andrewmvd,train,3,400,400
andrew_potholes62.png,andrewmvd,train,2,533,300
andrew_potholes620.png,andrewmvd,train,1,400,400
andrew_potholes621.png,andrewmvd,train,17,400,300
andrew_potholes622.png,andrewmvd,train,1,464,300
andrew_potholes623.png,andrewmvd,train,2,400,400
andrew_potholes624.png,andrewmvd,val,4,400,400
andrew_potholes625.png,andrewmvd,train,3,400,400
andrew_potholes626.png,andrewmvd,train,2,400,400
andrew_potholes627.png,andrewmvd,train,1,400,400
andrew_potholes628.png,andrewmvd,train,2,400,400
andrew_potholes629.png,andrewmvd,train,7,533,300
andrew_potholes63.png,andrewmvd,train,6,300,356
andrew_potholes630.png,andrewmvd,test,11,427,300
andrew_potholes631.png,andrewmvd,train,1,400,400
andrew_potholes632.png,andrewmvd,train,2,400,400
andrew_potholes633.png,andrewmvd,val,2,450,300
andrew_potholes634.png,andrewmvd,train,7,425,300
andrew_potholes635.png,andrewmvd,train,3,533,300
andrew_potholes636.png,andrewmvd,train,5,533,300
andrew_potholes637.png,andrewmvd,train,2,450,300
andrew_potholes638.png,andrewmvd,train,1,600,300
andrew_potholes639.png,andrewmvd,val,1,482,300
andrew_potholes64.png,andrewmvd,train,1,462,300
andrew_potholes640.png,andrewmvd,train,5,400,300
andrew_potholes641.png,andrewmvd,test,2,400,300
andrew_potholes642.png,andrewmvd,test,1,300,400
andrew_potholes643.png,andrewmvd,train,3,453,300
andrew_potholes644.png,andrewmvd,train,1,300,300
andrew_potholes645.png,andrewmvd,train,1,533,300
andrew_potholes646.png,andrewmvd,train,1,533,300
andrew_potholes647.png,andrewmvd,train,3,451,300
andrew_potholes648.png,andrewmvd,train,2,400,400
andrew_potholes649.png,andrewmvd,train,3,452,300
andrew_potholes65.png,andrewmvd,val,1,533,300
andrew_potholes650.png,andrewmvd,val,3,533,300
andrew_potholes651.png,andrewmvd,train,1,400,400
andrew_potholes652.png,andrewmvd,train,1,472,300
andrew_potholes653.png,andrewmvd,test,1,400,400
andrew_potholes654.png,andrewmvd,train,1,400,400
andrew_potholes655.png,andrewmvd,test,1,400,400
andrew_potholes656.png,andrewmvd,train,6,400,400
andrew_potholes657.png,andrewmvd,train,1,400,400
andrew_potholes658.png,andrewmvd,train,3,300,400
andrew_potholes659.png,andrewmvd,train,2,400,400
andrew_potholes66.png,andrewmvd,train,1,439,300
andrew_potholes660.png,andrewmvd,train,1,400,400
andrew_potholes661.png,andrewmvd,train,2,455,300
andrew_potholes662.png,andrewmvd,test,1,400,400
andrew_potholes663.png,andrewmvd,train,2,459,300
andrew_potholes664.png,andrewmvd,train,1,534,300
andrew_potholes67.png,andrewmvd,train,1,479,300
andrew_potholes68.png,andrewmvd,train,14,447,300
andrew_potholes69.png,andrewmvd,train,2,400,400
andrew_potholes7.png,andrewmvd,test,1,400,400
andrew_potholes70.png,andrewmvd,val,1,529,300
andrew_potholes71.png,andrewmvd,val,1,400,400
andrew_potholes72.png,andrewmvd,val,2,400,400
andrew_potholes73.png,andrewmvd,train,5,451,300
andrew_potholes74.png,andrewmvd,test,2,400,400
andrew_potholes75.png,andrewmvd,train,5,400,400
andrew_potholes76.png,andrewmvd,train,2,400,400
andrew_potholes77.png,andrewmvd,train,2,400,400
andrew_potholes78.png,andrewmvd,train,1,400,400
andrew_potholes79.png,andrewmvd,train,2,451,300
andrew_potholes8.png,andrewmvd,train,3,400,400
andrew_potholes80.png,andrewmvd,train,1,400,400
andrew_potholes81.png,andrewmvd,train,9,498,300
andrew_potholes82.png,andrewmvd,train,4,450,300
andrew_potholes83.png,andrewmvd,train,2,400,400
andrew_potholes84.png,andrewmvd,test,3,400,300
andrew_potholes85.png,andrewmvd,train,7,400,400
andrew_potholes86.png,andrewmvd,train,5,400,300
andrew_potholes87.png,andrewmvd,train,5,533,300
andrew_potholes88.png,andrewmvd,val,3,400,400
andrew_potholes89.png,andrewmvd,test,1,400,400
andrew_potholes9.png,andrewmvd,test,1,400,400
andrew_potholes90.png,andrewmvd,train,2,400,400
andrew_potholes91.png,andrewmvd,test,2,400,400
andrew_potholes92.png,andrewmvd,test,1,400,400
andrew_potholes93.png,andrewmvd,val,1,400,400
andrew_potholes94.png,andrewmvd,train,2,400,400
andrew_potholes95.png,andrewmvd,val,4,400,300
andrew_potholes96.png,andrewmvd,train,1,400,400
andrew_potholes97.png,andrewmvd,train,4,400,400
andrew_potholes98.png,andrewmvd,val,1,600,300
andrew_potholes99.png,andrewmvd,train,5,480,300
rdd_India_003431.jpg,rdd2022_india,train,2,720,720
rdd_India_001526.jpg,rdd2022_india,train,1,720,720
rdd_India_003150.jpg,rdd2022_india,train,2,720,720
rdd_India_000618.jpg,rdd2022_india,train,2,720,720
rdd_India_001180.jpg,rdd2022_india,train,1,720,720
rdd_India_003975.jpg,rdd2022_india,train,2,720,720
rdd_India_005152.jpg,rdd2022_india,train,1,720,720
rdd_India_001842.jpg,rdd2022_india,train,1,720,720
rdd_India_008013.jpg,rdd2022_india,train,1,720,720
rdd_India_001007.jpg,rdd2022_india,train,1,720,720
rdd_India_002499.jpg,rdd2022_india,train,3,720,720
rdd_India_008367.jpg,rdd2022_india,train,5,720,720
rdd_India_006369.jpg,rdd2022_india,train,2,720,720
rdd_India_002994.jpg,rdd2022_india,train,1,720,720
rdd_India_000127.jpg,rdd2022_india,train,1,720,720
rdd_India_008327.jpg,rdd2022_india,train,1,720,720
rdd_India_000652.jpg,rdd2022_india,train,4,720,720
rdd_India_000052.jpg,rdd2022_india,train,6,720,720
rdd_India_006295.jpg,rdd2022_india,train,3,720,720
rdd_India_005715.jpg,rdd2022_india,train,1,720,720
rdd_India_002411.jpg,rdd2022_india,train,1,720,720
rdd_India_002771.jpg,rdd2022_india,train,1,720,720
rdd_India_001012.jpg,rdd2022_india,train,1,720,720
rdd_India_000081.jpg,rdd2022_india,train,1,720,720
rdd_India_005016.jpg,rdd2022_india,train,4,720,720
rdd_India_005412.jpg,rdd2022_india,train,1,720,720
rdd_India_001222.jpg,rdd2022_india,train,3,720,720
rdd_India_000071.jpg,rdd2022_india,train,2,720,720
rdd_India_007399.jpg,rdd2022_india,train,1,720,720
rdd_India_004108.jpg,rdd2022_india,train,1,720,720
rdd_India_002925.jpg,rdd2022_india,train,1,720,720
rdd_India_004403.jpg,rdd2022_india,train,1,720,720
rdd_India_001266.jpg,rdd2022_india,train,2,720,720
rdd_India_003186.jpg,rdd2022_india,train,2,720,720
rdd_India_007712.jpg,rdd2022_india,train,1,720,720
rdd_India_000005.jpg,rdd2022_india,train,1,720,720
rdd_India_001314.jpg,rdd2022_india,train,4,720,720
rdd_India_003262.jpg,rdd2022_india,train,2,720,720
rdd_India_007707.jpg,rdd2022_india,train,1,720,720
rdd_India_008282.jpg,rdd2022_india,train,1,720,720
rdd_India_006137.jpg,rdd2022_india,train,1,720,720
rdd_India_009346.jpg,rdd2022_india,train,2,720,720
rdd_India_001534.jpg,rdd2022_india,train,2,720,720
rdd_India_005399.jpg,rdd2022_india,train,1,720,720
rdd_India_000274.jpg,rdd2022_india,train,3,720,720
rdd_India_009478.jpg,rdd2022_india,train,1,720,720
rdd_India_006889.jpg,rdd2022_india,train,1,720,720
rdd_India_008750.jpg,rdd2022_india,train,1,720,720
rdd_India_000174.jpg,rdd2022_india,train,4,720,720
rdd_India_006977.jpg,rdd2022_india,train,5,720,720
rdd_India_003171.jpg,rdd2022_india,train,1,720,720
rdd_India_004899.jpg,rdd2022_india,train,1,720,720
rdd_India_000946.jpg,rdd2022_india,train,1,720,720
rdd_India_006995.jpg,rdd2022_india,train,3,720,720
rdd_India_002419.jpg,rdd2022_india,train,5,720,720
rdd_India_003366.jpg,rdd2022_india,train,1,720,720
rdd_India_001690.jpg,rdd2022_india,train,1,720,720
rdd_India_002667.jpg,rdd2022_india,train,1,720,720
rdd_India_004600.jpg,rdd2022_india,train,2,720,720
rdd_India_000853.jpg,rdd2022_india,train,2,720,720
rdd_India_006998.jpg,rdd2022_india,train,1,720,720
rdd_India_006322.jpg,rdd2022_india,train,1,720,720
rdd_India_005191.jpg,rdd2022_india,train,1,720,720
rdd_India_002106.jpg,rdd2022_india,train,2,720,720
rdd_India_002085.jpg,rdd2022_india,train,1,720,720
rdd_India_006326.jpg,rdd2022_india,train,1,720,720
rdd_India_003274.jpg,rdd2022_india,train,2,720,720
rdd_India_009633.jpg,rdd2022_india,train,1,720,720
rdd_India_007066.jpg,rdd2022_india,train,5,720,720
rdd_India_008263.jpg,rdd2022_india,train,3,720,720
rdd_India_000576.jpg,rdd2022_india,train,1,720,720
rdd_India_003079.jpg,rdd2022_india,train,2,720,720
rdd_India_004724.jpg,rdd2022_india,train,2,720,720
rdd_India_001037.jpg,rdd2022_india,train,1,720,720
rdd_India_005900.jpg,rdd2022_india,train,1,720,720
rdd_India_007863.jpg,rdd2022_india,train,2,720,720
rdd_India_006462.jpg,rdd2022_india,train,1,720,720
rdd_India_003446.jpg,rdd2022_india,train,2,720,720
rdd_India_004801.jpg,rdd2022_india,train,2,720,720
rdd_India_000797.jpg,rdd2022_india,train,1,720,720
rdd_India_001174.jpg,rdd2022_india,train,1,720,720
rdd_India_002052.jpg,rdd2022_india,train,1,720,720
rdd_India_006112.jpg,rdd2022_india,train,2,720,720
rdd_India_000223.jpg,rdd2022_india,train,6,720,720
rdd_India_009406.jpg,rdd2022_india,train,2,720,720
rdd_India_000105.jpg,rdd2022_india,train,3,720,720
rdd_India_007101.jpg,rdd2022_india,train,2,720,720
rdd_India_001907.jpg,rdd2022_india,train,1,720,720
rdd_India_008304.jpg,rdd2022_india,train,1,720,720
rdd_India_004755.jpg,rdd2022_india,train,4,720,720
rdd_India_001349.jpg,rdd2022_india,train,1,720,720
rdd_India_009841.jpg,rdd2022_india,train,3,720,720
rdd_India_003251.jpg,rdd2022_india,train,2,720,720
rdd_India_003191.jpg,rdd2022_india,train,1,720,720
rdd_India_000915.jpg,rdd2022_india,train,1,720,720
rdd_India_004338.jpg,rdd2022_india,train,3,720,720
rdd_India_008207.jpg,rdd2022_india,train,1,720,720
rdd_India_002585.jpg,rdd2022_india,train,1,720,720
rdd_India_009638.jpg,rdd2022_india,train,2,720,720
rdd_India_001580.jpg,rdd2022_india,train,1,720,720
rdd_India_008163.jpg,rdd2022_india,train,1,720,720
rdd_India_004256.jpg,rdd2022_india,train,6,720,720
rdd_India_004739.jpg,rdd2022_india,train,1,720,720
rdd_India_001493.jpg,rdd2022_india,train,2,720,720
rdd_India_001967.jpg,rdd2022_india,train,1,720,720
rdd_India_003412.jpg,rdd2022_india,train,1,720,720
rdd_India_005289.jpg,rdd2022_india,train,1,720,720
rdd_India_002342.jpg,rdd2022_india,train,2,720,720
rdd_India_006707.jpg,rdd2022_india,train,6,720,720
rdd_India_009792.jpg,rdd2022_india,train,3,720,720
rdd_India_006293.jpg,rdd2022_india,train,3,720,720
rdd_India_007745.jpg,rdd2022_india,train,1,720,720
rdd_India_007281.jpg,rdd2022_india,train,1,720,720
rdd_India_001551.jpg,rdd2022_india,train,2,720,720
rdd_India_001186.jpg,rdd2022_india,train,2,720,720
rdd_India_004627.jpg,rdd2022_india,train,3,720,720
rdd_India_003033.jpg,rdd2022_india,train,1,720,720
rdd_India_007277.jpg,rdd2022_india,train,1,720,720
rdd_India_002976.jpg,rdd2022_india,train,1,720,720
rdd_India_005496.jpg,rdd2022_india,train,3,720,720
rdd_India_008950.jpg,rdd2022_india,train,2,720,720
rdd_India_005611.jpg,rdd2022_india,train,4,720,720
rdd_India_005603.jpg,rdd2022_india,train,4,720,720
rdd_India_009303.jpg,rdd2022_india,train,1,720,720
rdd_India_008772.jpg,rdd2022_india,train,1,720,720
rdd_India_005337.jpg,rdd2022_india,train,2,720,720
rdd_India_005661.jpg,rdd2022_india,train,3,720,720
rdd_India_004243.jpg,rdd2022_india,train,1,720,720
rdd_India_002685.jpg,rdd2022_india,train,1,720,720
rdd_India_002843.jpg,rdd2022_india,train,1,720,720
rdd_India_001388.jpg,rdd2022_india,train,2,720,720
rdd_India_000802.jpg,rdd2022_india,train,1,720,720
rdd_India_006132.jpg,rdd2022_india,train,2,720,720
rdd_India_005447.jpg,rdd2022_india,train,1,720,720
rdd_India_005284.jpg,rdd2022_india,train,2,720,720
rdd_India_006564.jpg,rdd2022_india,train,2,720,720
rdd_India_008524.jpg,rdd2022_india,train,1,720,720
rdd_India_009329.jpg,rdd2022_india,train,1,720,720
rdd_India_005510.jpg,rdd2022_india,train,1,720,720
rdd_India_002095.jpg,rdd2022_india,train,1,720,720
rdd_India_002390.jpg,rdd2022_india,train,2,720,720
rdd_India_007584.jpg,rdd2022_india,train,1,720,720
rdd_India_007616.jpg,rdd2022_india,train,2,720,720
rdd_India_002523.jpg,rdd2022_india,train,3,720,720
rdd_India_008070.jpg,rdd2022_india,train,1,720,720
rdd_India_004717.jpg,rdd2022_india,train,2,720,720
rdd_India_006912.jpg,rdd2022_india,train,4,720,720
rdd_India_008789.jpg,rdd2022_india,train,1,720,720
rdd_India_002023.jpg,rdd2022_india,train,1,720,720
rdd_India_003103.jpg,rdd2022_india,train,5,720,720
rdd_India_002447.jpg,rdd2022_india,train,1,720,720
rdd_India_003411.jpg,rdd2022_india,train,8,720,720
rdd_India_001680.jpg,rdd2022_india,train,1,720,720
rdd_India_009359.jpg,rdd2022_india,train,1,720,720
rdd_India_005976.jpg,rdd2022_india,train,1,720,720
rdd_India_007998.jpg,rdd2022_india,train,4,720,720
rdd_India_003201.jpg,rdd2022_india,train,1,720,720
rdd_India_003556.jpg,rdd2022_india,train,1,720,720
rdd_India_005282.jpg,rdd2022_india,train,1,720,720
rdd_India_000768.jpg,rdd2022_india,train,1,720,720
rdd_India_009269.jpg,rdd2022_india,train,1,720,720
rdd_India_007581.jpg,rdd2022_india,train,1,720,720
rdd_India_008395.jpg,rdd2022_india,train,2,720,720
rdd_India_008436.jpg,rdd2022_india,train,1,720,720
rdd_India_005941.jpg,rdd2022_india,train,1,720,720
rdd_India_008802.jpg,rdd2022_india,train,1,720,720
rdd_India_008105.jpg,rdd2022_india,train,4,720,720
rdd_India_000067.jpg,rdd2022_india,train,1,720,720
rdd_India_008726.jpg,rdd2022_india,train,1,720,720
rdd_India_001561.jpg,rdd2022_india,train,2,720,720
rdd_India_008183.jpg,rdd2022_india,train,4,720,720
rdd_India_007518.jpg,rdd2022_india,train,2,720,720
rdd_India_002889.jpg,rdd2022_india,train,1,720,720
rdd_India_000389.jpg,rdd2022_india,train,1,720,720
rdd_India_001605.jpg,rdd2022_india,train,1,720,720
rdd_India_002082.jpg,rdd2022_india,train,2,720,720
rdd_India_009287.jpg,rdd2022_india,train,1,720,720
rdd_India_003776.jpg,rdd2022_india,train,2,720,720
rdd_India_009526.jpg,rdd2022_india,train,1,720,720
rdd_India_006970.jpg,rdd2022_india,train,3,720,720
rdd_India_006601.jpg,rdd2022_india,train,1,720,720
rdd_India_009612.jpg,rdd2022_india,train,3,720,720
rdd_India_004726.jpg,rdd2022_india,train,1,720,720
rdd_India_001176.jpg,rdd2022_india,train,1,720,720
rdd_India_005486.jpg,rdd2022_india,train,2,720,720
rdd_India_004612.jpg,rdd2022_india,train,2,720,720
rdd_India_007917.jpg,rdd2022_india,train,3,720,720
rdd_India_003110.jpg,rdd2022_india,train,1,720,720
rdd_India_008661.jpg,rdd2022_india,train,2,720,720
rdd_India_009173.jpg,rdd2022_india,train,2,720,720
rdd_India_001225.jpg,rdd2022_india,train,2,720,720
rdd_India_002642.jpg,rdd2022_india,train,1,720,720
rdd_India_003292.jpg,rdd2022_india,train,1,720,720
rdd_India_003700.jpg,rdd2022_india,train,2,720,720
rdd_India_006250.jpg,rdd2022_india,train,1,720,720
rdd_India_005693.jpg,rdd2022_india,train,2,720,720
rdd_India_000563.jpg,rdd2022_india,train,1,720,720
rdd_India_008029.jpg,rdd2022_india,train,2,720,720
rdd_India_006787.jpg,rdd2022_india,train,3,720,720
rdd_India_009619.jpg,rdd2022_india,train,2,720,720
rdd_India_001069.jpg,rdd2022_india,train,2,720,720
rdd_India_000580.jpg,rdd2022_india,train,1,720,720
rdd_India_007422.jpg,rdd2022_india,train,3,720,720
rdd_India_005245.jpg,rdd2022_india,train,5,720,720
rdd_India_008652.jpg,rdd2022_india,train,7,720,720
rdd_India_009185.jpg,rdd2022_india,train,1,720,720
rdd_India_004029.jpg,rdd2022_india,train,3,720,720
rdd_India_001200.jpg,rdd2022_india,train,1,720,720
rdd_India_002777.jpg,rdd2022_india,train,1,720,720
rdd_India_009054.jpg,rdd2022_india,train,1,720,720
rdd_India_000391.jpg,rdd2022_india,train,1,720,720
rdd_India_006710.jpg,rdd2022_india,train,3,720,720
rdd_India_007465.jpg,rdd2022_india,train,2,720,720
rdd_India_009832.jpg,rdd2022_india,train,1,720,720
rdd_India_005067.jpg,rdd2022_india,train,1,720,720
rdd_India_006651.jpg,rdd2022_india,train,1,720,720
rdd_India_005546.jpg,rdd2022_india,train,3,720,720
rdd_India_004126.jpg,rdd2022_india,train,1,720,720
rdd_India_001831.jpg,rdd2022_india,train,2,720,720
rdd_India_005601.jpg,rdd2022_india,train,1,720,720
rdd_India_001103.jpg,rdd2022_india,train,1,720,720
rdd_India_002405.jpg,rdd2022_india,train,1,720,720
rdd_India_007629.jpg,rdd2022_india,train,1,720,720
rdd_India_008127.jpg,rdd2022_india,train,1,720,720
rdd_India_006076.jpg,rdd2022_india,train,1,720,720
rdd_India_007491.jpg,rdd2022_india,train,2,720,720
rdd_India_007789.jpg,rdd2022_india,train,1,720,720
rdd_India_007972.jpg,rdd2022_india,train,4,720,720
rdd_India_009605.jpg,rdd2022_india,train,2,720,720
rdd_India_001596.jpg,rdd2022_india,train,7,720,720
rdd_India_008308.jpg,rdd2022_india,train,1,720,720
rdd_India_002871.jpg,rdd2022_india,train,3,720,720
rdd_India_006619.jpg,rdd2022_india,train,2,720,720
rdd_India_003610.jpg,rdd2022_india,train,1,720,720
rdd_India_005886.jpg,rdd2022_india,train,1,720,720
rdd_India_008984.jpg,rdd2022_india,train,2,720,720
rdd_India_000631.jpg,rdd2022_india,train,2,720,720
rdd_India_005621.jpg,rdd2022_india,train,1,720,720
rdd_India_007105.jpg,rdd2022_india,train,1,720,720
rdd_India_003571.jpg,rdd2022_india,train,1,720,720
rdd_India_002135.jpg,rdd2022_india,train,1,720,720
rdd_India_003475.jpg,rdd2022_india,train,1,720,720
rdd_India_002664.jpg,rdd2022_india,train,1,720,720
rdd_India_009226.jpg,rdd2022_india,train,8,720,720
rdd_India_002553.jpg,rdd2022_india,train,1,720,720
rdd_India_004320.jpg,rdd2022_india,train,1,720,720
rdd_India_004959.jpg,rdd2022_india,train,5,720,720
rdd_India_004028.jpg,rdd2022_india,train,7,720,720
rdd_India_003217.jpg,rdd2022_india,train,1,720,720
rdd_India_005135.jpg,rdd2022_india,train,1,720,720
rdd_India_005078.jpg,rdd2022_india,train,1,720,720
rdd_India_007974.jpg,rdd2022_india,train,3,720,720
rdd_India_006974.jpg,rdd2022_india,train,3,720,720
rdd_India_000684.jpg,rdd2022_india,train,2,720,720
rdd_India_001989.jpg,rdd2022_india,train,1,720,720
rdd_India_001759.jpg,rdd2022_india,train,1,720,720
rdd_India_008682.jpg,rdd2022_india,train,3,720,720
rdd_India_005372.jpg,rdd2022_india,train,1,720,720
rdd_India_001407.jpg,rdd2022_india,train,1,720,720
rdd_India_009573.jpg,rdd2022_india,train,1,720,720
rdd_India_002846.jpg,rdd2022_india,train,1,720,720
rdd_India_003967.jpg,rdd2022_india,train,1,720,720
rdd_India_007357.jpg,rdd2022_india,train,1,720,720
rdd_India_009603.jpg,rdd2022_india,train,3,720,720
rdd_India_005163.jpg,rdd2022_india,train,3,720,720
rdd_India_001787.jpg,rdd2022_india,train,1,720,720
rdd_India_001443.jpg,rdd2022_india,train,1,720,720
rdd_India_001194.jpg,rdd2022_india,train,1,720,720
rdd_India_009180.jpg,rdd2022_india,train,2,720,720
rdd_India_007291.jpg,rdd2022_india,train,1,720,720
rdd_India_001887.jpg,rdd2022_india,train,1,720,720
rdd_India_003764.jpg,rdd2022_india,train,2,720,720
rdd_India_009318.jpg,rdd2022_india,train,1,720,720
rdd_India_006780.jpg,rdd2022_india,train,1,720,720
rdd_India_004398.jpg,rdd2022_india,train,5,720,720
rdd_India_004940.jpg,rdd2022_india,train,7,720,720
rdd_India_009688.jpg,rdd2022_india,train,1,720,720
rdd_India_004060.jpg,rdd2022_india,train,1,720,720
rdd_India_004511.jpg,rdd2022_india,train,4,720,720
rdd_India_001167.jpg,rdd2022_india,train,3,720,720
rdd_India_008511.jpg,rdd2022_india,train,1,720,720
rdd_India_008016.jpg,rdd2022_india,train,1,720,720
rdd_India_008771.jpg,rdd2022_india,train,2,720,720
rdd_India_008746.jpg,rdd2022_india,train,1,720,720
rdd_India_007900.jpg,rdd2022_india,train,2,720,720
rdd_India_004735.jpg,rdd2022_india,train,1,720,720
rdd_India_008703.jpg,rdd2022_india,train,3,720,720
rdd_India_000456.jpg,rdd2022_india,train,2,720,720
rdd_India_004706.jpg,rdd2022_india,train,1,720,720
rdd_India_008425.jpg,rdd2022_india,train,1,720,720
rdd_India_003878.jpg,rdd2022_india,train,3,720,720
rdd_India_006938.jpg,rdd2022_india,train,1,720,720
rdd_India_000552.jpg,rdd2022_india,train,6,720,720
rdd_India_002790.jpg,rdd2022_india,train,2,720,720
rdd_India_000993.jpg,rdd2022_india,train,1,720,720
rdd_India_006673.jpg,rdd2022_india,train,3,720,720
rdd_India_001977.jpg,rdd2022_india,train,2,720,720
rdd_India_009097.jpg,rdd2022_india,train,4,720,720
rdd_India_005701.jpg,rdd2022_india,train,4,720,720
rdd_India_003085.jpg,rdd2022_india,train,1,720,720
rdd_India_001133.jpg,rdd2022_india,train,1,720,720
rdd_India_006999.jpg,rdd2022_india,train,3,720,720
rdd_India_006549.jpg,rdd2022_india,train,2,720,720
rdd_India_009389.jpg,rdd2022_india,train,3,720,720
rdd_India_001232.jpg,rdd2022_india,train,1,720,720
rdd_India_001575.jpg,rdd2022_india,train,1,720,720
rdd_India_000969.jpg,rdd2022_india,train,1,720,720
rdd_India_007628.jpg,rdd2022_india,train,1,720,720
rdd_India_006702.jpg,rdd2022_india,train,1,720,720
rdd_India_004719.jpg,rdd2022_india,train,2,720,720
rdd_India_006327.jpg,rdd2022_india,train,1,720,720
rdd_India_002112.jpg,rdd2022_india,train,3,720,720
rdd_India_001213.jpg,rdd2022_india,train,1,720,720
rdd_India_003654.jpg,rdd2022_india,train,3,720,720
rdd_India_009434.jpg,rdd2022_india,train,3,720,720
rdd_India_006603.jpg,rdd2022_india,train,5,720,720
rdd_India_007420.jpg,rdd2022_india,train,3,720,720
rdd_India_000586.jpg,rdd2022_india,train,3,720,720
rdd_India_001101.jpg,rdd2022_india,train,1,720,720
rdd_India_007271.jpg,rdd2022_india,train,1,720,720
rdd_India_004894.jpg,rdd2022_india,train,1,720,720
rdd_India_004100.jpg,rdd2022_india,train,2,720,720
rdd_India_001900.jpg,rdd2022_india,train,1,720,720
rdd_India_006536.jpg,rdd2022_india,train,3,720,720
rdd_India_000591.jpg,rdd2022_india,train,1,720,720
rdd_India_003272.jpg,rdd2022_india,train,1,720,720
rdd_India_006336.jpg,rdd2022_india,train,1,720,720
rdd_India_003567.jpg,rdd2022_india,train,6,720,720
rdd_India_008852.jpg,rdd2022_india,train,1,720,720
rdd_India_000743.jpg,rdd2022_india,train,1,720,720
rdd_India_002775.jpg,rdd2022_india,train,2,720,720
rdd_India_000646.jpg,rdd2022_india,train,1,720,720
rdd_India_004944.jpg,rdd2022_india,train,2,720,720
rdd_India_002921.jpg,rdd2022_india,train,1,720,720
rdd_India_008963.jpg,rdd2022_india,train,1,720,720
rdd_India_009415.jpg,rdd2022_india,train,2,720,720
rdd_India_008007.jpg,rdd2022_india,train,1,720,720
rdd_India_007672.jpg,rdd2022_india,train,1,720,720
rdd_India_004593.jpg,rdd2022_india,train,2,720,720
rdd_India_006297.jpg,rdd2022_india,train,1,720,720
rdd_India_002658.jpg,rdd2022_india,train,1,720,720
rdd_India_002550.jpg,rdd2022_india,train,2,720,720
rdd_India_007699.jpg,rdd2022_india,train,3,720,720
rdd_India_004472.jpg,rdd2022_india,train,5,720,720
rdd_India_000590.jpg,rdd2022_india,train,1,720,720
rdd_India_002914.jpg,rdd2022_india,train,2,720,720
rdd_India_006697.jpg,rdd2022_india,train,1,720,720
rdd_India_009564.jpg,rdd2022_india,train,1,720,720
rdd_India_000368.jpg,rdd2022_india,train,3,720,720
rdd_India_009131.jpg,rdd2022_india,train,3,720,720
rdd_India_008627.jpg,rdd2022_india,train,2,720,720
rdd_India_004342.jpg,rdd2022_india,train,2,720,720
rdd_India_009009.jpg,rdd2022_india,train,6,720,720
rdd_India_006640.jpg,rdd2022_india,train,4,720,720
rdd_India_006444.jpg,rdd2022_india,train,1,720,720
rdd_India_003353.jpg,rdd2022_india,train,2,720,720
rdd_India_002363.jpg,rdd2022_india,train,1,720,720
rdd_India_000855.jpg,rdd2022_india,train,5,720,720
rdd_India_006239.jpg,rdd2022_india,train,1,720,720
rdd_India_003806.jpg,rdd2022_india,train,2,720,720
rdd_India_003102.jpg,rdd2022_india,train,7,720,720
rdd_India_007633.jpg,rdd2022_india,train,3,720,720
rdd_India_009510.jpg,rdd2022_india,train,3,720,720
rdd_India_005755.jpg,rdd2022_india,train,1,720,720
rdd_India_008948.jpg,rdd2022_india,train,2,720,720
rdd_India_004461.jpg,rdd2022_india,train,2,720,720
rdd_India_006339.jpg,rdd2022_india,train,2,720,720
rdd_India_009250.jpg,rdd2022_india,train,2,720,720
rdd_India_008437.jpg,rdd2022_india,train,1,720,720
rdd_India_001250.jpg,rdd2022_india,train,1,720,720
rdd_India_000057.jpg,rdd2022_india,train,2,720,720
rdd_India_000448.jpg,rdd2022_india,train,3,720,720
rdd_India_005937.jpg,rdd2022_india,train,1,720,720
rdd_India_001381.jpg,rdd2022_india,train,10,720,720
rdd_India_005656.jpg,rdd2022_india,train,4,720,720
rdd_India_007450.jpg,rdd2022_india,train,1,720,720
rdd_India_003284.jpg,rdd2022_india,train,6,720,720
rdd_India_008870.jpg,rdd2022_india,train,1,720,720
rdd_India_001744.jpg,rdd2022_india,train,4,720,720
rdd_India_000756.jpg,rdd2022_india,train,1,720,720
rdd_India_004556.jpg,rdd2022_india,train,1,720,720
rdd_India_002089.jpg,rdd2022_india,train,2,720,720
rdd_India_009685.jpg,rdd2022_india,train,1,720,720
rdd_India_009536.jpg,rdd2022_india,train,3,720,720
rdd_India_009448.jpg,rdd2022_india,train,1,720,720
rdd_India_008386.jpg,rdd2022_india,train,1,720,720
rdd_India_008479.jpg,rdd2022_india,train,1,720,720
rdd_India_002795.jpg,rdd2022_india,train,3,720,720
rdd_India_009380.jpg,rdd2022_india,train,1,720,720
rdd_India_009023.jpg,rdd2022_india,train,3,720,720
rdd_India_008881.jpg,rdd2022_india,train,4,720,720
rdd_India_001687.jpg,rdd2022_india,train,4,720,720
rdd_India_000612.jpg,rdd2022_india,train,1,720,720
rdd_India_006490.jpg,rdd2022_india,train,2,720,720
rdd_India_003973.jpg,rdd2022_india,train,3,720,720
rdd_India_001006.jpg,rdd2022_india,train,4,720,720
rdd_India_006365.jpg,rdd2022_india,train,2,720,720
rdd_India_000627.jpg,rdd2022_india,train,1,720,720
rdd_India_006447.jpg,rdd2022_india,train,2,720,720
rdd_India_003611.jpg,rdd2022_india,train,1,720,720
rdd_India_004663.jpg,rdd2022_india,train,1,720,720
rdd_India_007246.jpg,rdd2022_india,train,1,720,720
rdd_India_002250.jpg,rdd2022_india,train,3,720,720
rdd_India_006756.jpg,rdd2022_india,train,1,720,720
rdd_India_002079.jpg,rdd2022_india,train,1,720,720
rdd_India_006739.jpg,rdd2022_india,train,2,720,720
rdd_India_009734.jpg,rdd2022_india,train,3,720,720
rdd_India_002340.jpg,rdd2022_india,train,1,720,720
rdd_India_004586.jpg,rdd2022_india,train,3,720,720
rdd_India_006845.jpg,rdd2022_india,train,1,720,720
rdd_India_008826.jpg,rdd2022_india,train,5,720,720
rdd_India_005545.jpg,rdd2022_india,train,1,720,720
rdd_India_008139.jpg,rdd2022_india,train,4,720,720
rdd_India_000562.jpg,rdd2022_india,train,1,720,720
rdd_India_002509.jpg,rdd2022_india,train,1,720,720
rdd_India_006530.jpg,rdd2022_india,train,2,720,720
rdd_India_008035.jpg,rdd2022_india,train,1,720,720
rdd_India_006920.jpg,rdd2022_india,train,3,720,720
rdd_India_000055.jpg,rdd2022_india,train,1,720,720
rdd_India_002118.jpg,rdd2022_india,train,1,720,720
rdd_India_006529.jpg,rdd2022_india,train,2,720,720
rdd_India_006320.jpg,rdd2022_india,train,1,720,720
rdd_India_009517.jpg,rdd2022_india,train,2,720,720
rdd_India_001137.jpg,rdd2022_india,train,4,720,720
rdd_India_000241.jpg,rdd2022_india,train,1,720,720
rdd_India_001648.jpg,rdd2022_india,train,2,720,720
rdd_India_003913.jpg,rdd2022_india,train,1,720,720
rdd_India_005088.jpg,rdd2022_india,train,1,720,720
rdd_India_005968.jpg,rdd2022_india,train,2,720,720
rdd_India_004854.jpg,rdd2022_india,train,2,720,720
rdd_India_003939.jpg,rdd2022_india,train,1,720,720
rdd_India_007555.jpg,rdd2022_india,train,3,720,720
rdd_India_005757.jpg,rdd2022_india,train,2,720,720
rdd_India_002713.jpg,rdd2022_india,train,1,720,720
rdd_India_006045.jpg,rdd2022_india,train,5,720,720
rdd_India_003682.jpg,rdd2022_india,train,1,720,720
rdd_India_001708.jpg,rdd2022_india,train,2,720,720
rdd_India_009017.jpg,rdd2022_india,train,3,720,720
rdd_India_005427.jpg,rdd2022_india,train,1,720,720
rdd_India_004385.jpg,rdd2022_india,train,2,720,720
rdd_India_006760.jpg,rdd2022_india,train,1,720,720
rdd_India_004759.jpg,rdd2022_india,train,1,720,720
rdd_India_001401.jpg,rdd2022_india,train,3,720,720
rdd_India_006117.jpg,rdd2022_india,train,3,720,720
rdd_India_006973.jpg,rdd2022_india,train,5,720,720
rdd_India_005541.jpg,rdd2022_india,train,1,720,720
rdd_India_008872.jpg,rdd2022_india,train,3,720,720
rdd_India_003151.jpg,rdd2022_india,train,1,720,720
rdd_India_008017.jpg,rdd2022_india,train,1,720,720
rdd_India_009682.jpg,rdd2022_india,train,1,720,720
rdd_India_009163.jpg,rdd2022_india,train,1,720,720
rdd_India_001903.jpg,rdd2022_india,train,1,720,720
rdd_India_003865.jpg,rdd2022_india,train,1,720,720
rdd_India_001779.jpg,rdd2022_india,train,2,720,720
rdd_India_007946.jpg,rdd2022_india,train,1,720,720
rdd_India_009763.jpg,rdd2022_india,train,1,720,720
rdd_India_004469.jpg,rdd2022_india,train,1,720,720
rdd_India_002122.jpg,rdd2022_india,train,2,720,720
rdd_India_002573.jpg,rdd2022_india,train,1,720,720
rdd_India_008953.jpg,rdd2022_india,train,3,720,720
rdd_India_005564.jpg,rdd2022_india,train,4,720,720
rdd_India_002020.jpg,rdd2022_india,train,8,720,720
rdd_India_006031.jpg,rdd2022_india,train,1,720,720
rdd_India_003565.jpg,rdd2022_india,train,9,720,720
rdd_India_005260.jpg,rdd2022_india,train,2,720,720
rdd_India_000475.jpg,rdd2022_india,train,4,720,720
rdd_India_007852.jpg,rdd2022_india,train,4,720,720
rdd_India_005150.jpg,rdd2022_india,train,2,720,720
rdd_India_002305.jpg,rdd2022_india,train,3,720,720
rdd_India_000701.jpg,rdd2022_india,train,1,720,720
rdd_India_002745.jpg,rdd2022_india,train,2,720,720
rdd_India_000682.jpg,rdd2022_india,train,1,720,720
rdd_India_000628.jpg,rdd2022_india,train,1,720,720
rdd_India_005351.jpg,rdd2022_india,train,1,720,720
rdd_India_000545.jpg,rdd2022_india,train,1,720,720
rdd_India_006613.jpg,rdd2022_india,train,2,720,720
rdd_India_004434.jpg,rdd2022_india,train,6,720,720
rdd_India_000996.jpg,rdd2022_india,train,2,720,720
rdd_India_002319.jpg,rdd2022_india,train,1,720,720
rdd_India_001566.jpg,rdd2022_india,train,3,720,720
rdd_India_004299.jpg,rdd2022_india,train,1,720,720
rdd_India_007782.jpg,rdd2022_india,train,1,720,720
rdd_India_002702.jpg,rdd2022_india,train,1,720,720
rdd_India_008226.jpg,rdd2022_india,train,1,720,720
rdd_India_000685.jpg,rdd2022_india,train,2,720,720
rdd_India_006248.jpg,rdd2022_india,train,4,720,720
rdd_India_009630.jpg,rdd2022_india,train,1,720,720
rdd_India_004632.jpg,rdd2022_india,train,2,720,720
rdd_India_002070.jpg,rdd2022_india,train,2,720,720
rdd_India_002593.jpg,rdd2022_india,train,1,720,720
rdd_India_008475.jpg,rdd2022_india,train,1,720,720
rdd_India_004908.jpg,rdd2022_india,train,1,720,720
rdd_India_006367.jpg,rdd2022_india,train,5,720,720
rdd_India_001319.jpg,rdd2022_india,train,1,720,720
rdd_India_003490.jpg,rdd2022_india,train,5,720,720
rdd_India_004185.jpg,rdd2022_india,train,1,720,720
rdd_India_005526.jpg,rdd2022_india,train,1,720,720
rdd_India_006098.jpg,rdd2022_india,train,1,720,720
rdd_India_004542.jpg,rdd2022_india,train,5,720,720
rdd_India_005797.jpg,rdd2022_india,train,1,720,720
rdd_India_002714.jpg,rdd2022_india,train,1,720,720
rdd_India_008636.jpg,rdd2022_india,train,3,720,720
rdd_India_008492.jpg,rdd2022_india,train,1,720,720
rdd_India_005578.jpg,rdd2022_india,train,3,720,720
rdd_India_001812.jpg,rdd2022_india,train,4,720,720
rdd_India_006187.jpg,rdd2022_india,train,4,720,720
rdd_India_006115.jpg,rdd2022_india,train,2,720,720
rdd_India_009279.jpg,rdd2022_india,train,2,720,720
rdd_India_001984.jpg,rdd2022_india,train,1,720,720
rdd_India_004749.jpg,rdd2022_india,train,1,720,720
rdd_India_009667.jpg,rdd2022_india,train,4,720,720
rdd_India_003741.jpg,rdd2022_india,train,6,720,720
rdd_India_006967.jpg,rdd2022_india,train,2,720,720
rdd_India_004022.jpg,rdd2022_india,train,4,720,720
rdd_India_009065.jpg,rdd2022_india,train,1,720,720
rdd_India_007189.jpg,rdd2022_india,train,2,720,720
rdd_India_000544.jpg,rdd2022_india,train,3,720,720
rdd_India_009864.jpg,rdd2022_india,train,1,720,720
rdd_India_008012.jpg,rdd2022_india,train,2,720,720
rdd_India_007740.jpg,rdd2022_india,train,1,720,720
rdd_India_009153.jpg,rdd2022_india,train,4,720,720
rdd_India_007113.jpg,rdd2022_india,train,1,720,720
rdd_India_007644.jpg,rdd2022_india,train,6,720,720
rdd_India_004626.jpg,rdd2022_india,train,1,720,720
rdd_India_009144.jpg,rdd2022_india,train,1,720,720
rdd_India_005777.jpg,rdd2022_india,train,1,720,720
rdd_India_007175.jpg,rdd2022_india,train,1,720,720
rdd_India_002696.jpg,rdd2022_india,train,2,720,720
rdd_India_002516.jpg,rdd2022_india,train,1,720,720
rdd_India_007578.jpg,rdd2022_india,train,7,720,720
rdd_India_007781.jpg,rdd2022_india,train,5,720,720
rdd_India_009317.jpg,rdd2022_india,train,1,720,720
rdd_India_004133.jpg,rdd2022_india,train,1,720,720
rdd_India_002903.jpg,rdd2022_india,train,1,720,720
rdd_India_001852.jpg,rdd2022_india,train,10,720,720
rdd_India_003239.jpg,rdd2022_india,train,1,720,720
rdd_India_007123.jpg,rdd2022_india,train,2,720,720
rdd_India_009254.jpg,rdd2022_india,train,4,720,720
rdd_India_000373.jpg,rdd2022_india,train,1,720,720
rdd_India_008378.jpg,rdd2022_india,train,2,720,720
rdd_India_006109.jpg,rdd2022_india,train,1,720,720
rdd_India_003125.jpg,rdd2022_india,train,1,720,720
rdd_India_008336.jpg,rdd2022_india,train,1,720,720
rdd_India_007642.jpg,rdd2022_india,train,1,720,720
rdd_India_003795.jpg,rdd2022_india,train,1,720,720
rdd_India_003177.jpg,rdd2022_india,train,1,720,720
rdd_India_002201.jpg,rdd2022_india,train,2,720,720
rdd_India_009678.jpg,rdd2022_india,train,2,720,720
rdd_India_002995.jpg,rdd2022_india,train,1,720,720
rdd_India_000535.jpg,rdd2022_india,train,1,720,720
rdd_India_007432.jpg,rdd2022_india,train,1,720,720
rdd_India_000770.jpg,rdd2022_india,train,2,720,720
rdd_India_003278.jpg,rdd2022_india,train,1,720,720
rdd_India_002673.jpg,rdd2022_india,train,1,720,720
rdd_India_004832.jpg,rdd2022_india,train,2,720,720
rdd_India_000846.jpg,rdd2022_india,train,1,720,720
rdd_India_000438.jpg,rdd2022_india,train,2,720,720
rdd_India_001625.jpg,rdd2022_india,train,2,720,720
rdd_India_005129.jpg,rdd2022_india,train,1,720,720
rdd_India_000126.jpg,rdd2022_india,train,1,720,720
rdd_India_001983.jpg,rdd2022_india,train,2,720,720
rdd_India_008906.jpg,rdd2022_india,train,1,720,720
rdd_India_001485.jpg,rdd2022_india,train,3,720,720
rdd_India_002137.jpg,rdd2022_india,train,1,720,720
rdd_India_000115.jpg,rdd2022_india,train,1,720,720
rdd_India_007880.jpg,rdd2022_india,train,3,720,720
rdd_India_000209.jpg,rdd2022_india,train,6,720,720
rdd_India_004285.jpg,rdd2022_india,train,1,720,720
rdd_India_000747.jpg,rdd2022_india,train,1,720,720
rdd_India_001122.jpg,rdd2022_india,train,2,720,720
rdd_India_006373.jpg,rdd2022_india,train,1,720,720
rdd_India_005548.jpg,rdd2022_india,train,2,720,720
rdd_India_008471.jpg,rdd2022_india,train,1,720,720
rdd_India_000963.jpg,rdd2022_india,train,5,720,720
rdd_India_001697.jpg,rdd2022_india,train,1,720,720
rdd_India_007893.jpg,rdd2022_india,train,1,720,720
rdd_India_003817.jpg,rdd2022_india,train,4,720,720
rdd_India_006672.jpg,rdd2022_india,train,2,720,720
rdd_India_005080.jpg,rdd2022_india,train,1,720,720
rdd_India_002010.jpg,rdd2022_india,train,1,720,720
rdd_India_001456.jpg,rdd2022_india,train,1,720,720
rdd_India_009441.jpg,rdd2022_india,train,2,720,720
rdd_India_007637.jpg,rdd2022_india,train,6,720,720
rdd_India_001262.jpg,rdd2022_india,train,1,720,720
rdd_India_003512.jpg,rdd2022_india,train,5,720,720
rdd_India_006751.jpg,rdd2022_india,train,1,720,720
rdd_India_000557.jpg,rdd2022_india,train,5,720,720
rdd_India_008548.jpg,rdd2022_india,train,2,720,720
rdd_India_003576.jpg,rdd2022_india,train,1,720,720
rdd_India_005297.jpg,rdd2022_india,train,1,720,720
rdd_India_000840.jpg,rdd2022_india,train,1,720,720
rdd_India_001507.jpg,rdd2022_india,train,2,720,720
rdd_India_002049.jpg,rdd2022_india,train,1,720,720
rdd_India_006212.jpg,rdd2022_india,train,4,720,720
rdd_India_000402.jpg,rdd2022_india,train,2,720,720
rdd_India_000155.jpg,rdd2022_india,train,1,720,720
rdd_India_009122.jpg,rdd2022_india,train,1,720,720
rdd_India_004116.jpg,rdd2022_india,train,1,720,720
rdd_India_007806.jpg,rdd2022_india,train,3,720,720
rdd_India_001294.jpg,rdd2022_india,train,3,720,720
rdd_India_004293.jpg,rdd2022_india,train,1,720,720
rdd_India_008609.jpg,rdd2022_india,train,3,720,720
rdd_India_005884.jpg,rdd2022_india,train,1,720,720
rdd_India_000823.jpg,rdd2022_india,train,1,720,720
rdd_India_006382.jpg,rdd2022_india,train,2,720,720
rdd_India_001695.jpg,rdd2022_india,train,2,720,720
rdd_India_006630.jpg,rdd2022_india,train,3,720,720
rdd_India_000485.jpg,rdd2022_india,train,1,720,720
rdd_India_008639.jpg,rdd2022_india,train,4,720,720
rdd_India_007955.jpg,rdd2022_india,train,1,720,720
rdd_India_008004.jpg,rdd2022_india,train,3,720,720
rdd_India_002248.jpg,rdd2022_india,train,3,720,720
rdd_India_006524.jpg,rdd2022_india,train,5,720,720
rdd_India_005519.jpg,rdd2022_india,train,2,720,720
rdd_India_008119.jpg,rdd2022_india,train,1,720,720
rdd_India_001475.jpg,rdd2022_india,train,1,720,720
rdd_India_002818.jpg,rdd2022_india,train,1,720,720
rdd_India_002810.jpg,rdd2022_india,train,1,720,720
rdd_India_001338.jpg,rdd2022_india,train,7,720,720
rdd_India_006647.jpg,rdd2022_india,train,2,720,720
rdd_India_007259.jpg,rdd2022_india,train,4,720,720
rdd_India_000278.jpg,rdd2022_india,train,1,720,720
rdd_India_001717.jpg,rdd2022_india,train,2,720,720
rdd_India_002563.jpg,rdd2022_india,train,2,720,720
rdd_India_003951.jpg,rdd2022_india,train,4,720,720
rdd_India_003063.jpg,rdd2022_india,train,1,720,720
rdd_India_005490.jpg,rdd2022_india,train,3,720,720
rdd_India_000714.jpg,rdd2022_india,train,2,720,720
rdd_India_009765.jpg,rdd2022_india,train,1,720,720
rdd_India_002594.jpg,rdd2022_india,train,1,720,720
rdd_India_001005.jpg,rdd2022_india,train,2,720,720
rdd_India_004710.jpg,rdd2022_india,train,1,720,720
rdd_India_008209.jpg,rdd2022_india,train,2,720,720
rdd_India_003759.jpg,rdd2022_india,train,1,720,720
rdd_India_002665.jpg,rdd2022_india,train,1,720,720
rdd_India_009177.jpg,rdd2022_india,train,1,720,720
rdd_India_004509.jpg,rdd2022_india,train,1,720,720
rdd_India_004837.jpg,rdd2022_india,train,1,720,720
rdd_India_004331.jpg,rdd2022_india,train,2,720,720
rdd_India_008701.jpg,rdd2022_india,train,4,720,720
rdd_India_002880.jpg,rdd2022_india,train,1,720,720
rdd_India_008662.jpg,rdd2022_india,train,3,720,720
rdd_India_000914.jpg,rdd2022_india,train,6,720,720
rdd_India_003373.jpg,rdd2022_india,train,2,720,720
rdd_India_007464.jpg,rdd2022_india,train,1,720,720
rdd_India_008942.jpg,rdd2022_india,train,1,720,720
rdd_India_000781.jpg,rdd2022_india,train,1,720,720
rdd_India_003083.jpg,rdd2022_india,train,2,720,720
rdd_India_009171.jpg,rdd2022_india,train,7,720,720
rdd_India_000320.jpg,rdd2022_india,train,1,720,720
rdd_India_000384.jpg,rdd2022_india,train,2,720,720
rdd_India_000935.jpg,rdd2022_india,train,2,720,720
rdd_India_000785.jpg,rdd2022_india,train,1,720,720
rdd_India_002567.jpg,rdd2022_india,train,1,720,720
rdd_India_006862.jpg,rdd2022_india,train,7,720,720
rdd_India_001854.jpg,rdd2022_india,train,4,720,720
rdd_India_004525.jpg,rdd2022_india,train,2,720,720
rdd_India_006713.jpg,rdd2022_india,train,3,720,720
rdd_India_006777.jpg,rdd2022_india,train,2,720,720
rdd_India_004104.jpg,rdd2022_india,train,4,720,720
rdd_India_000517.jpg,rdd2022_india,train,4,720,720
rdd_India_004178.jpg,rdd2022_india,train,1,720,720
rdd_India_001385.jpg,rdd2022_india,train,4,720,720
rdd_India_003923.jpg,rdd2022_india,train,2,720,720
rdd_India_009455.jpg,rdd2022_india,train,1,720,720
rdd_India_003561.jpg,rdd2022_india,train,4,720,720
rdd_India_003976.jpg,rdd2022_india,train,1,720,720
rdd_India_008933.jpg,rdd2022_india,train,2,720,720
rdd_India_002972.jpg,rdd2022_india,train,6,720,720
rdd_India_001465.jpg,rdd2022_india,train,3,720,720
rdd_India_009748.jpg,rdd2022_india,train,3,720,720
rdd_India_000745.jpg,rdd2022_india,train,2,720,720
rdd_India_002293.jpg,rdd2022_india,train,1,720,720
rdd_India_004110.jpg,rdd2022_india,train,1,720,720
rdd_India_005439.jpg,rdd2022_india,train,3,720,720
rdd_India_007362.jpg,rdd2022_india,train,5,720,720
rdd_India_008572.jpg,rdd2022_india,train,1,720,720
rdd_India_007604.jpg,rdd2022_india,train,3,720,720
rdd_India_005870.jpg,rdd2022_india,train,3,720,720
rdd_India_004880.jpg,rdd2022_india,train,2,720,720
rdd_India_009080.jpg,rdd2022_india,train,1,720,720
rdd_India_008503.jpg,rdd2022_india,train,1,720,720
rdd_India_006928.jpg,rdd2022_india,train,1,720,720
rdd_India_000825.jpg,rdd2022_india,train,1,720,720
rdd_India_009151.jpg,rdd2022_india,train,1,720,720
rdd_India_001620.jpg,rdd2022_india,train,2,720,720
rdd_India_000109.jpg,rdd2022_india,train,1,720,720
rdd_India_002459.jpg,rdd2022_india,train,1,720,720
rdd_India_005247.jpg,rdd2022_india,train,3,720,720
rdd_India_007912.jpg,rdd2022_india,train,1,720,720
rdd_India_006197.jpg,rdd2022_india,train,1,720,720
rdd_India_003547.jpg,rdd2022_india,train,1,720,720
rdd_India_006100.jpg,rdd2022_india,train,2,720,720
rdd_India_005559.jpg,rdd2022_india,train,1,720,720
rdd_India_009397.jpg,rdd2022_india,train,1,720,720
rdd_India_004343.jpg,rdd2022_india,train,3,720,720
rdd_India_009544.jpg,rdd2022_india,train,2,720,720
rdd_India_004363.jpg,rdd2022_india,train,3,720,720
rdd_India_005660.jpg,rdd2022_india,train,1,720,720
rdd_India_001418.jpg,rdd2022_india,train,1,720,720
rdd_India_009117.jpg,rdd2022_india,train,5,720,720
rdd_India_000942.jpg,rdd2022_india,train,1,720,720
rdd_India_000581.jpg,rdd2022_india,train,2,720,720
rdd_India_002956.jpg,rdd2022_india,train,1,720,720
rdd_India_000771.jpg,rdd2022_india,train,1,720,720
rdd_India_005298.jpg,rdd2022_india,train,2,720,720
rdd_India_002069.jpg,rdd2022_india,train,1,720,720
rdd_India_009213.jpg,rdd2022_india,train,5,720,720
rdd_India_004876.jpg,rdd2022_india,train,2,720,720
rdd_India_006269.jpg,rdd2022_india,train,1,720,720
rdd_India_005314.jpg,rdd2022_india,train,3,720,720
rdd_India_006749.jpg,rdd2022_india,train,1,720,720
rdd_India_005446.jpg,rdd2022_india,train,1,720,720
rdd_India_006174.jpg,rdd2022_india,train,1,720,720
rdd_India_001578.jpg,rdd2022_india,train,1,720,720
rdd_India_001056.jpg,rdd2022_india,train,2,720,720
rdd_India_007409.jpg,rdd2022_india,train,1,720,720
rdd_India_008576.jpg,rdd2022_india,train,4,720,720
rdd_India_006634.jpg,rdd2022_india,train,1,720,720
rdd_India_003120.jpg,rdd2022_india,train,2,720,720
rdd_India_003323.jpg,rdd2022_india,train,2,720,720
rdd_India_002227.jpg,rdd2022_india,train,3,720,720
rdd_India_008292.jpg,rdd2022_india,train,1,720,720
rdd_India_003384.jpg,rdd2022_india,train,4,720,720
rdd_India_005197.jpg,rdd2022_india,train,4,720,720
rdd_India_000864.jpg,rdd2022_india,train,2,720,720
rdd_India_006899.jpg,rdd2022_india,train,1,720,720
rdd_India_001125.jpg,rdd2022_india,train,2,720,720
rdd_India_008267.jpg,rdd2022_india,train,2,720,720
rdd_India_004877.jpg,rdd2022_india,train,1,720,720
rdd_India_001996.jpg,rdd2022_india,train,2,720,720
rdd_India_006580.jpg,rdd2022_india,train,1,720,720
rdd_India_007713.jpg,rdd2022_india,train,3,720,720
rdd_India_000654.jpg,rdd2022_india,train,1,720,720
rdd_India_000862.jpg,rdd2022_india,train,3,720,720
rdd_India_004732.jpg,rdd2022_india,train,3,720,720
rdd_India_002222.jpg,rdd2022_india,train,4,720,720
rdd_India_003702.jpg,rdd2022_india,train,2,720,720
rdd_India_000288.jpg,rdd2022_india,train,2,720,720
rdd_India_002793.jpg,rdd2022_india,train,9,720,720
rdd_India_005231.jpg,rdd2022_india,train,2,720,720
rdd_India_007001.jpg,rdd2022_india,train,1,720,720
rdd_India_000352.jpg,rdd2022_india,train,2,720,720
rdd_India_004161.jpg,rdd2022_india,train,1,720,720
rdd_India_004033.jpg,rdd2022_india,train,3,720,720
rdd_India_009041.jpg,rdd2022_india,train,4,720,720
rdd_India_000705.jpg,rdd2022_india,train,2,720,720
rdd_India_004043.jpg,rdd2022_india,train,1,720,720
rdd_India_006945.jpg,rdd2022_india,train,2,720,720
rdd_India_005539.jpg,rdd2022_india,train,1,720,720
rdd_India_009830.jpg,rdd2022_india,train,1,720,720
rdd_India_007737.jpg,rdd2022_india,train,1,720,720
rdd_India_007363.jpg,rdd2022_india,train,2,720,720
rdd_India_004669.jpg,rdd2022_india,train,1,720,720
rdd_India_004935.jpg,rdd2022_india,train,1,720,720
rdd_India_004370.jpg,rdd2022_india,train,2,720,720
rdd_India_001550.jpg,rdd2022_india,train,8,720,720
rdd_India_003980.jpg,rdd2022_india,train,2,720,720
rdd_India_001181.jpg,rdd2022_india,train,2,720,720
rdd_India_007168.jpg,rdd2022_india,train,2,720,720
rdd_India_001367.jpg,rdd2022_india,train,5,720,720
rdd_India_009376.jpg,rdd2022_india,train,2,720,720
rdd_India_005294.jpg,rdd2022_india,train,2,720,720
rdd_India_003909.jpg,rdd2022_india,train,2,720,720
rdd_India_008099.jpg,rdd2022_india,train,1,720,720
rdd_India_005286.jpg,rdd2022_india,train,2,720,720
rdd_India_005084.jpg,rdd2022_india,train,1,720,720
rdd_India_006714.jpg,rdd2022_india,train,1,720,720
rdd_India_006004.jpg,rdd2022_india,train,1,720,720
rdd_India_006027.jpg,rdd2022_india,train,1,720,720
rdd_India_008383.jpg,rdd2022_india,train,1,720,720
rdd_India_008390.jpg,rdd2022_india,train,2,720,720
rdd_India_004865.jpg,rdd2022_india,train,1,720,720
rdd_India_003886.jpg,rdd2022_india,train,3,720,720
rdd_India_007211.jpg,rdd2022_india,train,2,720,720
rdd_India_000399.jpg,rdd2022_india,train,2,720,720
rdd_India_006452.jpg,rdd2022_india,train,1,720,720
rdd_India_004863.jpg,rdd2022_india,train,2,720,720
rdd_India_005122.jpg,rdd2022_india,train,3,720,720
rdd_India_004430.jpg,rdd2022_india,train,1,720,720
rdd_India_005698.jpg,rdd2022_india,train,1,720,720
rdd_India_007308.jpg,rdd2022_india,train,4,720,720
rdd_India_000061.jpg,rdd2022_india,train,2,720,720
rdd_India_001692.jpg,rdd2022_india,train,1,720,720
rdd_India_008116.jpg,rdd2022_india,train,1,720,720
rdd_India_004263.jpg,rdd2022_india,train,2,720,720
rdd_India_008233.jpg,rdd2022_india,train,6,720,720
rdd_India_006473.jpg,rdd2022_india,train,4,720,720
rdd_India_000168.jpg,rdd2022_india,train,3,720,720
rdd_India_006595.jpg,rdd2022_india,train,2,720,720
rdd_India_009679.jpg,rdd2022_india,train,1,720,720
rdd_India_006555.jpg,rdd2022_india,train,1,720,720
rdd_India_001815.jpg,rdd2022_india,train,1,720,720
rdd_India_008676.jpg,rdd2022_india,train,2,720,720
rdd_India_004655.jpg,rdd2022_india,train,2,720,720
rdd_India_005014.jpg,rdd2022_india,train,1,720,720
rdd_India_002978.jpg,rdd2022_india,train,1,720,720
rdd_India_001295.jpg,rdd2022_india,train,2,720,720
rdd_India_006397.jpg,rdd2022_india,train,5,720,720
rdd_India_005053.jpg,rdd2022_india,train,1,720,720
rdd_India_002497.jpg,rdd2022_india,train,1,720,720
rdd_India_003883.jpg,rdd2022_india,train,1,720,720
rdd_India_007042.jpg,rdd2022_india,train,3,720,720
rdd_India_008673.jpg,rdd2022_india,train,5,720,720
rdd_India_005569.jpg,rdd2022_india,train,1,720,720
rdd_India_003857.jpg,rdd2022_india,train,5,720,720
rdd_India_004459.jpg,rdd2022_india,train,4,720,720
rdd_India_005801.jpg,rdd2022_india,train,1,720,720
rdd_India_008446.jpg,rdd2022_india,train,1,720,720
rdd_India_001908.jpg,rdd2022_india,train,1,720,720
rdd_India_008022.jpg,rdd2022_india,train,4,720,720
rdd_India_009161.jpg,rdd2022_india,train,3,720,720
rdd_India_000131.jpg,rdd2022_india,train,1,720,720
rdd_India_003168.jpg,rdd2022_india,train,2,720,720
rdd_India_009225.jpg,rdd2022_india,train,5,720,720
rdd_India_003152.jpg,rdd2022_india,train,2,720,720
rdd_India_006148.jpg,rdd2022_india,train,1,720,720
rdd_India_002945.jpg,rdd2022_india,train,5,720,720
rdd_India_001767.jpg,rdd2022_india,train,1,720,720
rdd_India_006581.jpg,rdd2022_india,train,1,720,720
rdd_India_003028.jpg,rdd2022_india,train,3,720,720
rdd_India_005022.jpg,rdd2022_india,train,4,720,720
rdd_India_001008.jpg,rdd2022_india,train,1,720,720
rdd_India_009391.jpg,rdd2022_india,train,2,720,720
rdd_India_002074.jpg,rdd2022_india,train,2,720,720
rdd_India_002154.jpg,rdd2022_india,train,1,720,720
rdd_India_007735.jpg,rdd2022_india,train,1,720,720
rdd_India_003057.jpg,rdd2022_india,train,2,720,720
rdd_India_001798.jpg,rdd2022_india,train,1,720,720
rdd_India_005676.jpg,rdd2022_india,train,2,720,720
rdd_India_004882.jpg,rdd2022_india,train,1,720,720
rdd_India_004639.jpg,rdd2022_india,train,4,720,720
rdd_India_003747.jpg,rdd2022_india,train,1,720,720
rdd_India_000759.jpg,rdd2022_india,train,1,720,720
rdd_India_004181.jpg,rdd2022_india,train,2,720,720
rdd_India_000669.jpg,rdd2022_india,train,2,720,720
rdd_India_007579.jpg,rdd2022_india,train,3,720,720
rdd_India_003864.jpg,rdd2022_india,train,2,720,720
rdd_India_002048.jpg,rdd2022_india,train,1,720,720
rdd_India_005856.jpg,rdd2022_india,train,1,720,720
rdd_India_007071.jpg,rdd2022_india,train,6,720,720
rdd_India_001230.jpg,rdd2022_india,train,4,720,720
rdd_India_005713.jpg,rdd2022_india,train,1,720,720
rdd_India_001141.jpg,rdd2022_india,train,3,720,720
rdd_India_008659.jpg,rdd2022_india,train,3,720,720
rdd_India_003686.jpg,rdd2022_india,train,1,720,720
rdd_India_002960.jpg,rdd2022_india,train,2,720,720
rdd_India_009663.jpg,rdd2022_india,train,2,720,720
rdd_India_000575.jpg,rdd2022_india,train,2,720,720
rdd_India_006466.jpg,rdd2022_india,train,3,720,720
rdd_India_004091.jpg,rdd2022_india,train,2,720,720
rdd_India_004980.jpg,rdd2022_india,train,3,720,720
rdd_India_004253.jpg,rdd2022_india,train,1,720,720
rdd_India_007981.jpg,rdd2022_india,train,1,720,720
rdd_India_005280.jpg,rdd2022_india,train,1,720,720
rdd_India_004365.jpg,rdd2022_india,train,2,720,720
rdd_India_003318.jpg,rdd2022_india,train,2,720,720
rdd_India_008523.jpg,rdd2022_india,train,2,720,720
rdd_India_008227.jpg,rdd2022_india,train,1,720,720
rdd_India_001890.jpg,rdd2022_india,train,1,720,720
rdd_India_005421.jpg,rdd2022_india,train,2,720,720
rdd_India_001783.jpg,rdd2022_india,train,3,720,720
rdd_India_000268.jpg,rdd2022_india,train,1,720,720
rdd_India_007383.jpg,rdd2022_india,train,1,720,720
rdd_India_006953.jpg,rdd2022_india,train,1,720,720
rdd_India_001236.jpg,rdd2022_india,train,3,720,720
rdd_India_005781.jpg,rdd2022_india,train,11,720,720
rdd_India_008667.jpg,rdd2022_india,train,1,720,720
rdd_India_004294.jpg,rdd2022_india,train,2,720,720
rdd_India_006622.jpg,rdd2022_india,train,2,720,720
rdd_India_009272.jpg,rdd2022_india,train,1,720,720
rdd_India_007716.jpg,rdd2022_india,train,1,720,720
rdd_India_007734.jpg,rdd2022_india,train,3,720,720
rdd_India_001866.jpg,rdd2022_india,train,2,720,720
rdd_India_005071.jpg,rdd2022_india,train,1,720,720
rdd_India_005005.jpg,rdd2022_india,train,2,720,720
rdd_India_006316.jpg,rdd2022_india,train,1,720,720
rdd_India_004107.jpg,rdd2022_india,train,1,720,720
rdd_India_000644.jpg,rdd2022_india,train,1,720,720
rdd_India_005436.jpg,rdd2022_india,train,1,720,720
rdd_India_008134.jpg,rdd2022_india,train,2,720,720
rdd_India_005040.jpg,rdd2022_india,train,2,720,720
rdd_India_003011.jpg,rdd2022_india,train,1,720,720
rdd_India_002341.jpg,rdd2022_india,train,3,720,720
rdd_India_004136.jpg,rdd2022_india,train,1,720,720
rdd_India_006095.jpg,rdd2022_india,train,2,720,720
rdd_India_004928.jpg,rdd2022_india,train,2,720,720
rdd_India_007204.jpg,rdd2022_india,train,3,720,720
rdd_India_004298.jpg,rdd2022_india,train,1,720,720
rdd_India_004449.jpg,rdd2022_india,train,3,720,720
rdd_India_008694.jpg,rdd2022_india,train,6,720,720
rdd_India_007153.jpg,rdd2022_india,train,1,720,720
rdd_India_005895.jpg,rdd2022_india,train,1,720,720
rdd_India_001820.jpg,rdd2022_india,train,3,720,720
rdd_India_006474.jpg,rdd2022_india,train,1,720,720
rdd_India_003835.jpg,rdd2022_india,train,1,720,720
rdd_India_008154.jpg,rdd2022_india,train,3,720,720
rdd_India_008224.jpg,rdd2022_india,train,4,720,720
rdd_India_003365.jpg,rdd2022_india,train,3,720,720
rdd_India_006677.jpg,rdd2022_india,train,1,720,720
rdd_India_004387.jpg,rdd2022_india,train,1,720,720
rdd_India_005472.jpg,rdd2022_india,train,2,720,720
rdd_India_008991.jpg,rdd2022_india,train,1,720,720
rdd_India_000931.jpg,rdd2022_india,train,1,720,720
rdd_India_001689.jpg,rdd2022_india,train,2,720,720
rdd_India_006691.jpg,rdd2022_india,train,4,720,720
rdd_India_002371.jpg,rdd2022_india,train,1,720,720
rdd_India_005044.jpg,rdd2022_india,train,2,720,720
rdd_India_001786.jpg,rdd2022_india,train,1,720,720
rdd_India_007537.jpg,rdd2022_india,train,1,720,720
rdd_India_006103.jpg,rdd2022_india,train,4,720,720
rdd_India_009129.jpg,rdd2022_india,train,3,720,720
rdd_India_006305.jpg,rdd2022_india,train,1,720,720
rdd_India_006388.jpg,rdd2022_india,train,1,720,720
rdd_India_005473.jpg,rdd2022_india,train,3,720,720
rdd_India_003426.jpg,rdd2022_india,train,1,720,720
rdd_India_006699.jpg,rdd2022_india,train,2,720,720
rdd_India_003722.jpg,rdd2022_india,train,1,720,720
rdd_India_007630.jpg,rdd2022_india,train,4,720,720
rdd_India_001888.jpg,rdd2022_india,train,5,720,720
rdd_India_001466.jpg,rdd2022_india,train,2,720,720
rdd_India_009813.jpg,rdd2022_india,train,1,720,720
rdd_India_001419.jpg,rdd2022_india,train,1,720,720
rdd_India_008279.jpg,rdd2022_india,train,1,720,720
rdd_India_008915.jpg,rdd2022_india,train,1,720,720
rdd_India_005402.jpg,rdd2022_india,train,1,720,720
rdd_India_007329.jpg,rdd2022_india,train,2,720,720
rdd_India_009656.jpg,rdd2022_india,train,2,720,720
rdd_India_007321.jpg,rdd2022_india,train,1,720,720
rdd_India_003987.jpg,rdd2022_india,train,1,720,720
rdd_India_001923.jpg,rdd2022_india,train,1,720,720
rdd_India_003013.jpg,rdd2022_india,train,8,720,720
rdd_India_000470.jpg,rdd2022_india,train,7,720,720
rdd_India_001503.jpg,rdd2022_india,train,2,720,720
rdd_India_006433.jpg,rdd2022_india,train,7,720,720
rdd_India_005762.jpg,rdd2022_india,train,1,720,720
rdd_India_003696.jpg,rdd2022_india,train,1,720,720
rdd_India_001604.jpg,rdd2022_india,train,2,720,720
rdd_India_007299.jpg,rdd2022_india,train,3,720,720
rdd_India_003362.jpg,rdd2022_india,train,4,720,720
rdd_India_002562.jpg,rdd2022_india,train,5,720,720
rdd_India_008499.jpg,rdd2022_india,train,1,720,720
rdd_India_007861.jpg,rdd2022_india,train,2,720,720
rdd_India_006593.jpg,rdd2022_india,train,1,720,720
rdd_India_004695.jpg,rdd2022_india,train,1,720,720
rdd_India_006847.jpg,rdd2022_india,train,1,720,720
rdd_India_002331.jpg,rdd2022_india,train,2,720,720
rdd_India_008597.jpg,rdd2022_india,train,7,720,720
rdd_India_005455.jpg,rdd2022_india,train,3,720,720
rdd_India_006167.jpg,rdd2022_india,train,1,720,720
rdd_India_007198.jpg,rdd2022_india,train,1,720,720
rdd_India_000027.jpg,rdd2022_india,train,5,720,720
rdd_India_006767.jpg,rdd2022_india,train,3,720,720
rdd_India_005343.jpg,rdd2022_india,train,2,720,720
rdd_India_001453.jpg,rdd2022_india,train,1,720,720
rdd_India_004176.jpg,rdd2022_india,train,2,720,720
rdd_India_009725.jpg,rdd2022_india,train,2,720,720
rdd_India_004047.jpg,rdd2022_india,train,7,720,720
rdd_India_001126.jpg,rdd2022_india,train,3,720,720
rdd_India_009756.jpg,rdd2022_india,train,1,720,720
rdd_India_000579.jpg,rdd2022_india,train,2,720,720
rdd_India_007309.jpg,rdd2022_india,train,3,720,720
rdd_India_008465.jpg,rdd2022_india,train,1,720,720
rdd_India_008157.jpg,rdd2022_india,train,3,720,720
rdd_India_006544.jpg,rdd2022_india,train,2,720,720
rdd_India_005445.jpg,rdd2022_india,train,2,720,720
rdd_India_004278.jpg,rdd2022_india,train,2,720,720
rdd_India_001969.jpg,rdd2022_india,train,1,720,720
rdd_India_001271.jpg,rdd2022_india,train,1,720,720
rdd_India_004132.jpg,rdd2022_india,train,2,720,720
rdd_India_004312.jpg,rdd2022_india,train,1,720,720
rdd_India_008339.jpg,rdd2022_india,train,1,720,720
rdd_India_004485.jpg,rdd2022_india,train,2,720,720
rdd_India_008188.jpg,rdd2022_india,train,1,720,720
rdd_India_001145.jpg,rdd2022_india,train,7,720,720
rdd_India_008458.jpg,rdd2022_india,train,2,720,720
rdd_India_009157.jpg,rdd2022_india,train,1,720,720
rdd_India_007749.jpg,rdd2022_india,train,6,720,720
rdd_India_002206.jpg,rdd2022_india,train,1,720,720
rdd_India_009735.jpg,rdd2022_india,train,2,720,720
rdd_India_005810.jpg,rdd2022_india,train,1,720,720
rdd_India_006851.jpg,rdd2022_india,train,2,720,720
rdd_India_009691.jpg,rdd2022_india,train,2,720,720
rdd_India_002114.jpg,rdd2022_india,train,1,720,720
rdd_India_009640.jpg,rdd2022_india,train,1,720,720
rdd_India_007651.jpg,rdd2022_india,train,2,720,720
rdd_India_003376.jpg,rdd2022_india,train,1,720,720
rdd_India_000367.jpg,rdd2022_india,train,1,720,720
rdd_India_007785.jpg,rdd2022_india,train,3,720,720
rdd_India_007647.jpg,rdd2022_india,train,2,720,720
rdd_India_002901.jpg,rdd2022_india,train,1,720,720
rdd_India_001156.jpg,rdd2022_india,train,6,720,720
rdd_India_009435.jpg,rdd2022_india,train,1,720,720
rdd_India_003118.jpg,rdd2022_india,train,1,720,720
rdd_India_009148.jpg,rdd2022_india,train,5,720,720
rdd_India_005697.jpg,rdd2022_india,train,2,720,720
rdd_India_000595.jpg,rdd2022_india,train,3,720,720
rdd_India_007962.jpg,rdd2022_india,train,1,720,720
rdd_India_001038.jpg,rdd2022_india,train,3,720,720
rdd_India_005761.jpg,rdd2022_india,train,1,720,720
rdd_India_006532.jpg,rdd2022_india,train,1,720,720
rdd_India_007159.jpg,rdd2022_india,train,1,720,720
rdd_India_006608.jpg,rdd2022_india,train,1,720,720
rdd_India_003422.jpg,rdd2022_india,train,1,720,720
rdd_India_005305.jpg,rdd2022_india,train,3,720,720
rdd_India_008400.jpg,rdd2022_india,train,1,720,720
rdd_India_006257.jpg,rdd2022_india,train,2,720,720
rdd_India_001528.jpg,rdd2022_india,train,3,720,720
rdd_India_005775.jpg,rdd2022_india,train,1,720,720
rdd_India_003699.jpg,rdd2022_india,train,1,720,720
rdd_India_007592.jpg,rdd2022_india,train,1,720,720
rdd_India_007915.jpg,rdd2022_india,train,3,720,720
rdd_India_003941.jpg,rdd2022_india,train,3,720,720
rdd_India_002047.jpg,rdd2022_india,train,1,720,720
rdd_India_000808.jpg,rdd2022_india,train,4,720,720
rdd_India_000945.jpg,rdd2022_india,train,4,720,720
rdd_India_001757.jpg,rdd2022_india,train,1,720,720
rdd_India_003334.jpg,rdd2022_india,train,1,720,720
rdd_India_008421.jpg,rdd2022_india,train,1,720,720
rdd_India_002860.jpg,rdd2022_india,train,1,720,720
rdd_India_007226.jpg,rdd2022_india,train,1,720,720
rdd_India_001441.jpg,rdd2022_india,train,1,720,720
rdd_India_005588.jpg,rdd2022_india,train,1,720,720
rdd_India_002487.jpg,rdd2022_india,train,4,720,720
rdd_India_008677.jpg,rdd2022_india,train,1,720,720
rdd_India_008261.jpg,rdd2022_india,train,4,720,720
rdd_India_002954.jpg,rdd2022_india,train,2,720,720
rdd_India_000944.jpg,rdd2022_india,train,3,720,720
rdd_India_008762.jpg,rdd2022_india,train,4,720,720
rdd_India_008670.jpg,rdd2022_india,train,3,720,720
rdd_India_003697.jpg,rdd2022_india,train,1,720,720
rdd_India_002939.jpg,rdd2022_india,train,2,720,720
rdd_India_000537.jpg,rdd2022_india,train,8,720,720
rdd_India_003710.jpg,rdd2022_india,train,1,720,720
rdd_India_006275.jpg,rdd2022_india,train,2,720,720
rdd_India_007909.jpg,rdd2022_india,train,1,720,720
rdd_India_008317.jpg,rdd2022_india,train,5,720,720
rdd_India_005411.jpg,rdd2022_india,train,1,720,720
rdd_India_000054.jpg,rdd2022_india,train,1,720,720
rdd_India_001904.jpg,rdd2022_india,train,2,720,720
rdd_India_000981.jpg,rdd2022_india,train,1,720,720
rdd_India_007327.jpg,rdd2022_india,train,1,720,720
rdd_India_002098.jpg,rdd2022_india,train,1,720,720
rdd_India_003017.jpg,rdd2022_india,train,1,720,720
rdd_India_001906.jpg,rdd2022_india,train,2,720,720
rdd_India_001051.jpg,rdd2022_india,train,7,720,720
rdd_India_003312.jpg,rdd2022_india,train,1,720,720
rdd_India_002678.jpg,rdd2022_india,train,1,720,720
rdd_India_002608.jpg,rdd2022_india,train,4,720,720
rdd_India_001234.jpg,rdd2022_india,train,4,720,720
rdd_India_008084.jpg,rdd2022_india,train,1,720,720
rdd_India_000812.jpg,rdd2022_india,train,3,720,720
rdd_India_008241.jpg,rdd2022_india,train,3,720,720
rdd_India_007587.jpg,rdd2022_india,train,2,720,720
rdd_India_003925.jpg,rdd2022_india,train,3,720,720
rdd_India_005655.jpg,rdd2022_india,train,1,720,720
rdd_India_007801.jpg,rdd2022_india,train,5,720,720
rdd_India_003805.jpg,rdd2022_india,train,1,720,720
rdd_India_005820.jpg,rdd2022_india,train,2,720,720
rdd_India_005993.jpg,rdd2022_india,train,2,720,720
rdd_India_004984.jpg,rdd2022_india,train,4,720,720
rdd_India_006910.jpg,rdd2022_india,train,2,720,720
rdd_India_002875.jpg,rdd2022_india,train,1,720,720
rdd_India_008223.jpg,rdd2022_india,train,2,720,720
rdd_India_009001.jpg,rdd2022_india,train,2,720,720
rdd_India_008027.jpg,rdd2022_india,train,1,720,720
rdd_India_005489.jpg,rdd2022_india,train,3,720,720
rdd_India_007404.jpg,rdd2022_india,train,1,720,720
rdd_India_001480.jpg,rdd2022_india,train,1,720,720
rdd_India_003100.jpg,rdd2022_india,train,4,720,720
rdd_India_001105.jpg,rdd2022_india,train,1,720,720
rdd_India_003911.jpg,rdd2022_india,train,3,720,720
rdd_India_007484.jpg,rdd2022_india,train,1,720,720
rdd_India_001821.jpg,rdd2022_india,train,3,720,720
rdd_India_001865.jpg,rdd2022_india,train,1,720,720
rdd_India_000744.jpg,rdd2022_india,train,2,720,720
rdd_India_008321.jpg,rdd2022_india,train,2,720,720
rdd_India_007658.jpg,rdd2022_india,train,1,720,720
rdd_India_000977.jpg,rdd2022_india,train,1,720,720
rdd_India_006520.jpg,rdd2022_india,train,2,720,720
rdd_India_005291.jpg,rdd2022_india,train,2,720,720
rdd_India_000857.jpg,rdd2022_india,train,1,720,720
rdd_India_001422.jpg,rdd2022_india,train,3,720,720
rdd_India_006342.jpg,rdd2022_india,train,3,720,720
rdd_India_003143.jpg,rdd2022_india,train,2,720,720
rdd_India_000731.jpg,rdd2022_india,train,1,720,720
rdd_India_002249.jpg,rdd2022_india,train,3,720,720
rdd_India_009011.jpg,rdd2022_india,train,1,720,720
rdd_India_005784.jpg,rdd2022_india,train,1,720,720
rdd_India_006364.jpg,rdd2022_india,train,1,720,720
rdd_India_006274.jpg,rdd2022_india,train,5,720,720
rdd_India_003619.jpg,rdd2022_india,train,1,720,720
rdd_India_007641.jpg,rdd2022_india,train,1,720,720
rdd_India_009268.jpg,rdd2022_india,train,3,720,720
rdd_India_001251.jpg,rdd2022_india,train,5,720,720
rdd_India_008927.jpg,rdd2022_india,train,3,720,720
rdd_India_008440.jpg,rdd2022_india,train,1,720,720
rdd_India_009593.jpg,rdd2022_india,train,1,720,720
rdd_India_003731.jpg,rdd2022_india,train,1,720,720
rdd_India_008819.jpg,rdd2022_india,train,1,720,720
rdd_India_000746.jpg,rdd2022_india,train,1,720,720
rdd_India_000659.jpg,rdd2022_india,train,6,720,720
rdd_India_003433.jpg,rdd2022_india,train,3,720,720
rdd_India_001553.jpg,rdd2022_india,train,1,720,720
rdd_India_009881.jpg,rdd2022_india,train,3,720,720
rdd_India_000230.jpg,rdd2022_india,train,1,720,720
rdd_India_003884.jpg,rdd2022_india,train,2,720,720
rdd_India_002148.jpg,rdd2022_india,train,1,720,720
rdd_India_004686.jpg,rdd2022_india,train,2,720,720
rdd_India_002881.jpg,rdd2022_india,train,1,720,720
rdd_India_003778.jpg,rdd2022_india,train,1,720,720
rdd_India_002410.jpg,rdd2022_india,train,1,720,720
rdd_India_001239.jpg,rdd2022_india,train,4,720,720
rdd_India_003609.jpg,rdd2022_india,train,2,720,720
rdd_India_007954.jpg,rdd2022_india,train,1,720,720
rdd_India_006933.jpg,rdd2022_india,train,3,720,720
rdd_India_007810.jpg,rdd2022_india,train,4,720,720
rdd_India_003502.jpg,rdd2022_india,train,1,720,720
rdd_India_006411.jpg,rdd2022_india,train,3,720,720
rdd_India_002757.jpg,rdd2022_india,train,3,720,720
rdd_India_002385.jpg,rdd2022_india,train,1,720,720
rdd_India_002253.jpg,rdd2022_india,train,2,720,720
rdd_India_007074.jpg,rdd2022_india,train,1,720,720
rdd_India_001489.jpg,rdd2022_india,train,1,720,720
rdd_India_004065.jpg,rdd2022_india,train,2,720,720
rdd_India_002395.jpg,rdd2022_india,train,3,720,720
rdd_India_009339.jpg,rdd2022_india,train,1,720,720
rdd_India_002924.jpg,rdd2022_india,train,4,720,720
rdd_India_003121.jpg,rdd2022_india,train,1,720,720
rdd_India_008867.jpg,rdd2022_india,train,3,720,720
rdd_India_003406.jpg,rdd2022_india,train,1,720,720
rdd_India_006061.jpg,rdd2022_india,train,2,720,720
rdd_India_004553.jpg,rdd2022_india,train,1,720,720
rdd_India_004290.jpg,rdd2022_india,train,2,720,720
rdd_India_007310.jpg,rdd2022_india,train,1,720,720
rdd_India_005595.jpg,rdd2022_india,train,4,720,720
rdd_India_004441.jpg,rdd2022_india,train,2,720,720
rdd_India_007000.jpg,rdd2022_india,train,1,720,720
rdd_India_007343.jpg,rdd2022_india,train,5,720,720
rdd_India_009586.jpg,rdd2022_india,train,3,720,720
rdd_India_009528.jpg,rdd2022_india,train,2,720,720
rdd_India_007722.jpg,rdd2022_india,train,1,720,720
rdd_India_008752.jpg,rdd2022_india,train,1,720,720
rdd_India_003936.jpg,rdd2022_india,train,5,720,720
rdd_India_003051.jpg,rdd2022_india,train,2,720,720
rdd_India_005348.jpg,rdd2022_india,train,1,720,720
rdd_India_002804.jpg,rdd2022_india,train,1,720,720
rdd_India_003761.jpg,rdd2022_india,train,1,720,720
rdd_India_001173.jpg,rdd2022_india,train,1,720,720
rdd_India_000301.jpg,rdd2022_india,train,2,720,720
rdd_India_005938.jpg,rdd2022_india,train,2,720,720
rdd_India_006502.jpg,rdd2022_india,train,1,720,720
rdd_India_008544.jpg,rdd2022_india,train,1,720,720
rdd_India_006328.jpg,rdd2022_india,train,1,720,720
rdd_India_003018.jpg,rdd2022_india,train,2,720,720
rdd_India_007368.jpg,rdd2022_india,train,1,720,720
rdd_India_006469.jpg,rdd2022_india,train,1,720,720
rdd_India_005373.jpg,rdd2022_india,train,1,720,720
rdd_India_003029.jpg,rdd2022_india,train,1,720,720
rdd_India_001112.jpg,rdd2022_india,train,3,720,720
rdd_India_002376.jpg,rdd2022_india,train,4,720,720
rdd_India_006794.jpg,rdd2022_india,train,2,720,720
rdd_India_000147.jpg,rdd2022_india,train,2,720,720
rdd_India_007371.jpg,rdd2022_india,train,1,720,720
rdd_India_003495.jpg,rdd2022_india,train,2,720,720
rdd_India_007943.jpg,rdd2022_india,train,1,720,720
rdd_India_003553.jpg,rdd2022_india,train,5,720,720
rdd_India_004392.jpg,rdd2022_india,train,3,720,720
rdd_India_003214.jpg,rdd2022_india,train,1,720,720
rdd_India_004606.jpg,rdd2022_india,train,1,720,720
rdd_India_002681.jpg,rdd2022_india,train,2,720,720
rdd_India_006465.jpg,rdd2022_india,train,6,720,720
rdd_India_009794.jpg,rdd2022_india,train,3,720,720
rdd_India_004184.jpg,rdd2022_india,train,2,720,720
rdd_India_006535.jpg,rdd2022_india,train,2,720,720
rdd_India_000466.jpg,rdd2022_india,train,4,720,720
rdd_India_004340.jpg,rdd2022_india,train,5,720,720
rdd_India_009742.jpg,rdd2022_india,train,2,720,720
rdd_India_008821.jpg,rdd2022_india,train,2,720,720
rdd_India_008094.jpg,rdd2022_india,train,5,720,720
rdd_India_007611.jpg,rdd2022_india,train,2,720,720
rdd_India_006201.jpg,rdd2022_india,train,5,720,720
rdd_India_003056.jpg,rdd2022_india,train,6,720,720
rdd_India_005995.jpg,rdd2022_india,train,1,720,720
rdd_India_003550.jpg,rdd2022_india,train,1,720,720
rdd_India_001121.jpg,rdd2022_india,train,1,720,720
rdd_India_003065.jpg,rdd2022_india,train,1,720,720
rdd_India_004143.jpg,rdd2022_india,train,2,720,720
rdd_India_003368.jpg,rdd2022_india,train,1,720,720
rdd_India_007890.jpg,rdd2022_india,train,1,720,720
rdd_India_005743.jpg,rdd2022_india,train,7,720,720
rdd_India_009553.jpg,rdd2022_india,train,2,720,720
rdd_India_006406.jpg,rdd2022_india,train,1,720,720
rdd_India_007147.jpg,rdd2022_india,train,7,720,720
rdd_India_008177.jpg,rdd2022_india,train,1,720,720
rdd_India_003391.jpg,rdd2022_india,train,1,720,720
rdd_India_008620.jpg,rdd2022_india,train,4,720,720
rdd_India_006896.jpg,rdd2022_india,train,1,720,720
rdd_India_002119.jpg,rdd2022_india,train,1,720,720
rdd_India_005724.jpg,rdd2022_india,train,1,720,720
rdd_India_001877.jpg,rdd2022_india,train,2,720,720
rdd_India_006127.jpg,rdd2022_india,train,2,720,720
rdd_India_008416.jpg,rdd2022_india,train,5,720,720
rdd_India_004701.jpg,rdd2022_india,train,5,720,720
rdd_India_005704.jpg,rdd2022_india,train,1,720,720
rdd_India_001287.jpg,rdd2022_india,train,6,720,720
rdd_India_006476.jpg,rdd2022_india,train,1,720,720
rdd_India_005543.jpg,rdd2022_india,train,1,720,720
rdd_India_000193.jpg,rdd2022_india,train,2,720,720
rdd_India_004393.jpg,rdd2022_india,train,1,720,720
rdd_India_008569.jpg,rdd2022_india,train,1,720,720
rdd_India_006670.jpg,rdd2022_india,train,1,720,720
rdd_India_000923.jpg,rdd2022_india,train,1,720,720
rdd_India_004828.jpg,rdd2022_india,train,2,720,720
rdd_India_008728.jpg,rdd2022_india,train,3,720,720
rdd_India_009826.jpg,rdd2022_india,train,1,720,720
rdd_India_007034.jpg,rdd2022_india,train,1,720,720
rdd_India_004483.jpg,rdd2022_india,train,2,720,720
rdd_India_000614.jpg,rdd2022_india,train,2,720,720
rdd_India_007572.jpg,rdd2022_india,train,2,720,720
rdd_India_001494.jpg,rdd2022_india,train,2,720,720
rdd_India_007989.jpg,rdd2022_india,train,1,720,720
rdd_India_009051.jpg,rdd2022_india,train,6,720,720
rdd_India_003879.jpg,rdd2022_india,train,3,720,720
rdd_India_009205.jpg,rdd2022_india,train,1,720,720
rdd_India_001247.jpg,rdd2022_india,train,2,720,720
rdd_India_003048.jpg,rdd2022_india,train,1,720,720
rdd_India_008297.jpg,rdd2022_india,train,3,720,720
rdd_India_009142.jpg,rdd2022_india,train,2,720,720
rdd_India_009863.jpg,rdd2022_india,train,2,720,720
rdd_India_000994.jpg,rdd2022_india,train,7,720,720
rdd_India_002496.jpg,rdd2022_india,train,2,720,720
rdd_India_005266.jpg,rdd2022_india,train,1,720,720
rdd_India_004887.jpg,rdd2022_india,train,3,720,720
rdd_India_008957.jpg,rdd2022_india,train,4,720,720
rdd_India_007650.jpg,rdd2022_india,train,3,720,720
rdd_India_004003.jpg,rdd2022_india,train,5,720,720
rdd_India_000431.jpg,rdd2022_india,train,1,720,720
rdd_India_007706.jpg,rdd2022_india,train,2,720,720
rdd_India_001320.jpg,rdd2022_india,train,1,720,720
rdd_India_003993.jpg,rdd2022_india,train,2,720,720
rdd_India_002007.jpg,rdd2022_india,train,2,720,720
rdd_India_009579.jpg,rdd2022_india,train,1,720,720
rdd_India_009458.jpg,rdd2022_india,train,1,720,720
rdd_India_008034.jpg,rdd2022_india,train,2,720,720
rdd_India_008025.jpg,rdd2022_india,train,1,720,720
rdd_India_002063.jpg,rdd2022_india,train,1,720,720
rdd_India_004779.jpg,rdd2022_india,train,1,720,720
rdd_India_003172.jpg,rdd2022_india,train,1,720,720
rdd_India_009245.jpg,rdd2022_india,train,1,720,720
rdd_India_006202.jpg,rdd2022_india,train,2,720,720
rdd_India_002772.jpg,rdd2022_india,train,3,720,720
rdd_India_009856.jpg,rdd2022_india,train,8,720,720
rdd_India_001424.jpg,rdd2022_india,train,1,720,720
rdd_India_008860.jpg,rdd2022_india,train,13,720,720
rdd_India_006318.jpg,rdd2022_india,train,2,720,720
rdd_India_001552.jpg,rdd2022_india,train,5,720,720
rdd_India_003006.jpg,rdd2022_india,train,1,720,720
rdd_India_001872.jpg,rdd2022_india,train,1,720,720
rdd_India_008244.jpg,rdd2022_india,train,2,720,720
rdd_India_000361.jpg,rdd2022_india,train,3,720,720
rdd_India_002498.jpg,rdd2022_india,train,3,720,720
rdd_India_003087.jpg,rdd2022_india,train,1,720,720
rdd_India_000486.jpg,rdd2022_india,train,1,720,720
rdd_India_000596.jpg,rdd2022_india,train,1,720,720
rdd_India_008632.jpg,rdd2022_india,train,2,720,720
rdd_India_000921.jpg,rdd2022_india,train,1,720,720
rdd_India_008618.jpg,rdd2022_india,train,1,720,720
rdd_India_002854.jpg,rdd2022_india,train,1,720,720
rdd_India_004524.jpg,rdd2022_india,train,1,720,720
rdd_India_000732.jpg,rdd2022_india,train,1,720,720
rdd_India_007155.jpg,rdd2022_india,train,1,720,720
rdd_India_000323.jpg,rdd2022_india,train,3,720,720
rdd_India_006290.jpg,rdd2022_india,train,7,720,720
rdd_India_001053.jpg,rdd2022_india,train,1,720,720
rdd_India_003126.jpg,rdd2022_india,train,1,720,720
rdd_India_005547.jpg,rdd2022_india,train,2,720,720
rdd_India_003542.jpg,rdd2022_india,train,3,720,720
rdd_India_009782.jpg,rdd2022_india,train,1,720,720
rdd_India_004345.jpg,rdd2022_india,train,7,720,720
rdd_India_004209.jpg,rdd2022_india,train,2,720,720
rdd_India_006087.jpg,rdd2022_india,train,1,720,720
rdd_India_002679.jpg,rdd2022_india,train,2,720,720
rdd_India_004226.jpg,rdd2022_india,train,2,720,720
rdd_India_004958.jpg,rdd2022_india,train,5,720,720
rdd_India_003231.jpg,rdd2022_india,train,4,720,720
rdd_India_000718.jpg,rdd2022_india,train,2,720,720
rdd_India_002207.jpg,rdd2022_india,train,1,720,720
rdd_India_006160.jpg,rdd2022_india,train,1,720,720
rdd_India_001684.jpg,rdd2022_india,train,2,720,720
rdd_India_005643.jpg,rdd2022_india,train,1,720,720
rdd_India_008505.jpg,rdd2022_india,train,1,720,720
rdd_India_001088.jpg,rdd2022_india,train,1,720,720
rdd_India_009869.jpg,rdd2022_india,train,1,720,720
rdd_India_008749.jpg,rdd2022_india,train,5,720,720
rdd_India_007529.jpg,rdd2022_india,train,1,720,720
rdd_India_007883.jpg,rdd2022_india,train,1,720,720
rdd_India_005219.jpg,rdd2022_india,train,4,720,720
rdd_India_000440.jpg,rdd2022_india,train,1,720,720
rdd_India_007051.jpg,rdd2022_india,train,1,720,720
rdd_India_008250.jpg,rdd2022_india,train,1,720,720
rdd_India_001168.jpg,rdd2022_india,val,1,720,720
rdd_India_002973.jpg,rdd2022_india,val,2,720,720
rdd_India_009392.jpg,rdd2022_india,val,1,720,720
rdd_India_006214.jpg,rdd2022_india,val,2,720,720
rdd_India_007007.jpg,rdd2022_india,val,1,720,720
rdd_India_001588.jpg,rdd2022_india,val,6,720,720
rdd_India_008926.jpg,rdd2022_india,val,1,720,720
rdd_India_009817.jpg,rdd2022_india,val,3,720,720
rdd_India_000979.jpg,rdd2022_india,val,2,720,720
rdd_India_004196.jpg,rdd2022_india,val,2,720,720
rdd_India_000848.jpg,rdd2022_india,val,1,720,720
rdd_India_007390.jpg,rdd2022_india,val,1,720,720
rdd_India_000017.jpg,rdd2022_india,val,4,720,720
rdd_India_000128.jpg,rdd2022_india,val,1,720,720
rdd_India_008249.jpg,rdd2022_india,val,1,720,720
rdd_India_008296.jpg,rdd2022_india,val,1,720,720
rdd_India_009071.jpg,rdd2022_india,val,2,720,720
rdd_India_005397.jpg,rdd2022_india,val,2,720,720
rdd_India_000735.jpg,rdd2022_india,val,1,720,720
rdd_India_004070.jpg,rdd2022_india,val,1,720,720
rdd_India_007053.jpg,rdd2022_india,val,3,720,720
rdd_India_008037.jpg,rdd2022_india,val,1,720,720
rdd_India_008695.jpg,rdd2022_india,val,1,720,720
rdd_India_003042.jpg,rdd2022_india,val,1,720,720
rdd_India_008712.jpg,rdd2022_india,val,2,720,720
rdd_India_001673.jpg,rdd2022_india,val,1,720,720
rdd_India_003228.jpg,rdd2022_india,val,2,720,720
rdd_India_008535.jpg,rdd2022_india,val,1,720,720
rdd_India_008557.jpg,rdd2022_india,val,1,720,720
rdd_India_007720.jpg,rdd2022_india,val,2,720,720
rdd_India_006633.jpg,rdd2022_india,val,2,720,720
rdd_India_007322.jpg,rdd2022_india,val,1,720,720
rdd_India_009281.jpg,rdd2022_india,val,1,720,720
rdd_India_002784.jpg,rdd2022_india,val,5,720,720
rdd_India_000893.jpg,rdd2022_india,val,1,720,720
rdd_India_000710.jpg,rdd2022_india,val,2,720,720
rdd_India_003872.jpg,rdd2022_india,val,1,720,720
rdd_India_002832.jpg,rdd2022_india,val,2,720,720
rdd_India_006237.jpg,rdd2022_india,val,1,720,720
rdd_India_008064.jpg,rdd2022_india,val,1,720,720
rdd_India_000439.jpg,rdd2022_india,val,6,720,720
rdd_India_002948.jpg,rdd2022_india,val,1,720,720
rdd_India_008807.jpg,rdd2022_india,val,1,720,720
rdd_India_002318.jpg,rdd2022_india,val,3,720,720
rdd_India_008988.jpg,rdd2022_india,val,3,720,720
rdd_India_001808.jpg,rdd2022_india,val,2,720,720
rdd_India_008285.jpg,rdd2022_india,val,3,720,720
rdd_India_007418.jpg,rdd2022_india,val,1,720,720
rdd_India_000729.jpg,rdd2022_india,val,6,720,720
rdd_India_002124.jpg,rdd2022_india,val,5,720,720
rdd_India_009123.jpg,rdd2022_india,val,2,720,720
rdd_India_008969.jpg,rdd2022_india,val,1,720,720
rdd_India_004815.jpg,rdd2022_india,val,1,720,720
rdd_India_009836.jpg,rdd2022_india,val,1,720,720
rdd_India_001809.jpg,rdd2022_india,val,1,720,720
rdd_India_006114.jpg,rdd2022_india,val,4,720,720
rdd_India_001932.jpg,rdd2022_india,val,3,720,720
rdd_India_002121.jpg,rdd2022_india,val,2,720,720
rdd_India_002066.jpg,rdd2022_india,val,1,720,720
rdd_India_000383.jpg,rdd2022_india,val,5,720,720
rdd_India_003096.jpg,rdd2022_india,val,1,720,720
rdd_India_003535.jpg,rdd2022_india,val,5,720,720
rdd_India_004592.jpg,rdd2022_india,val,2,720,720
rdd_India_005824.jpg,rdd2022_india,val,4,720,720
rdd_India_003704.jpg,rdd2022_india,val,2,720,720
rdd_India_006874.jpg,rdd2022_india,val,1,720,720
rdd_India_001585.jpg,rdd2022_india,val,2,720,720
rdd_India_002549.jpg,rdd2022_india,val,2,720,720
rdd_India_000997.jpg,rdd2022_india,val,1,720,720
rdd_India_001058.jpg,rdd2022_india,val,1,720,720
rdd_India_000261.jpg,rdd2022_india,val,1,720,720
rdd_India_006450.jpg,rdd2022_india,val,1,720,720
rdd_India_001114.jpg,rdd2022_india,val,2,720,720
rdd_India_009890.jpg,rdd2022_india,val,2,720,720
rdd_India_007530.jpg,rdd2022_india,val,1,720,720
rdd_India_004512.jpg,rdd2022_india,val,3,720,720
rdd_India_001527.jpg,rdd2022_india,val,1,720,720
rdd_India_001134.jpg,rdd2022_india,val,2,720,720
rdd_India_001524.jpg,rdd2022_india,val,1,720,720
rdd_India_009381.jpg,rdd2022_india,val,3,720,720
rdd_India_000317.jpg,rdd2022_india,val,1,720,720
rdd_India_007627.jpg,rdd2022_india,val,1,720,720
rdd_India_003624.jpg,rdd2022_india,val,4,720,720
rdd_India_006033.jpg,rdd2022_india,val,1,720,720
rdd_India_006518.jpg,rdd2022_india,val,1,720,720
rdd_India_007474.jpg,rdd2022_india,val,3,720,720
rdd_India_006883.jpg,rdd2022_india,val,2,720,720
rdd_India_004414.jpg,rdd2022_india,val,1,720,720
rdd_India_001242.jpg,rdd2022_india,val,1,720,720
rdd_India_002877.jpg,rdd2022_india,val,2,720,720
rdd_India_002133.jpg,rdd2022_india,val,1,720,720
rdd_India_005467.jpg,rdd2022_india,val,1,720,720
rdd_India_000822.jpg,rdd2022_india,val,2,720,720
rdd_India_006614.jpg,rdd2022_india,val,3,720,720
rdd_India_005350.jpg,rdd2022_india,val,2,720,720
rdd_India_007983.jpg,rdd2022_india,val,2,720,720
rdd_India_007293.jpg,rdd2022_india,val,1,720,720
rdd_India_008389.jpg,rdd2022_india,val,1,720,720
rdd_India_003709.jpg,rdd2022_india,val,1,720,720
rdd_India_008301.jpg,rdd2022_india,val,2,720,720
rdd_India_009752.jpg,rdd2022_india,val,1,720,720
rdd_India_009436.jpg,rdd2022_india,val,7,720,720
rdd_India_000970.jpg,rdd2022_india,val,1,720,720
rdd_India_009581.jpg,rdd2022_india,val,1,720,720
rdd_India_001516.jpg,rdd2022_india,val,2,720,720
rdd_India_002735.jpg,rdd2022_india,val,1,720,720
rdd_India_005081.jpg,rdd2022_india,val,3,720,720
rdd_India_007766.jpg,rdd2022_india,val,6,720,720
rdd_India_000392.jpg,rdd2022_india,val,1,720,720
rdd_India_008971.jpg,rdd2022_india,val,3,720,720
rdd_India_001939.jpg,rdd2022_india,val,2,720,720
rdd_India_000173.jpg,rdd2022_india,val,2,720,720
rdd_India_002591.jpg,rdd2022_india,val,1,720,720
rdd_India_000043.jpg,rdd2022_india,val,6,720,720
rdd_India_004629.jpg,rdd2022_india,val,2,720,720
rdd_India_002404.jpg,rdd2022_india,val,5,720,720
rdd_India_008925.jpg,rdd2022_india,val,1,720,720
rdd_India_008512.jpg,rdd2022_india,val,1,720,720
rdd_India_007342.jpg,rdd2022_india,val,1,720,720
rdd_India_004633.jpg,rdd2022_india,val,1,720,720
rdd_India_001649.jpg,rdd2022_india,val,2,720,720
rdd_India_005962.jpg,rdd2022_india,val,1,720,720
rdd_India_000873.jpg,rdd2022_india,val,2,720,720
rdd_India_008733.jpg,rdd2022_india,val,1,720,720
rdd_India_002426.jpg,rdd2022_india,val,3,720,720
rdd_India_005550.jpg,rdd2022_india,val,5,720,720
rdd_India_001640.jpg,rdd2022_india,val,3,720,720
rdd_India_007002.jpg,rdd2022_india,val,4,720,720
rdd_India_005258.jpg,rdd2022_india,val,3,720,720
rdd_India_002345.jpg,rdd2022_india,val,1,720,720
rdd_India_005420.jpg,rdd2022_india,val,4,720,720
rdd_India_008801.jpg,rdd2022_india,val,1,720,720
rdd_India_005469.jpg,rdd2022_india,val,4,720,720
rdd_India_002200.jpg,rdd2022_india,val,1,720,720
rdd_India_002064.jpg,rdd2022_india,val,4,720,720
rdd_India_000472.jpg,rdd2022_india,val,2,720,720
rdd_India_009251.jpg,rdd2022_india,val,2,720,720
rdd_India_006768.jpg,rdd2022_india,val,5,720,720
rdd_India_001704.jpg,rdd2022_india,val,6,720,720
rdd_India_009013.jpg,rdd2022_india,val,1,720,720
rdd_India_000316.jpg,rdd2022_india,val,5,720,720
rdd_India_007723.jpg,rdd2022_india,val,3,720,720
rdd_India_006368.jpg,rdd2022_india,val,5,720,720
rdd_India_002570.jpg,rdd2022_india,val,1,720,720
rdd_India_004705.jpg,rdd2022_india,val,1,720,720
rdd_India_000724.jpg,rdd2022_india,val,1,720,720
rdd_India_009426.jpg,rdd2022_india,val,1,720,720
rdd_India_001817.jpg,rdd2022_india,val,4,720,720
rdd_India_004208.jpg,rdd2022_india,val,5,720,720
rdd_India_008015.jpg,rdd2022_india,val,1,720,720
rdd_India_008563.jpg,rdd2022_india,val,1,720,720
rdd_India_008271.jpg,rdd2022_india,val,1,720,720
rdd_India_002087.jpg,rdd2022_india,val,3,720,720
rdd_India_007172.jpg,rdd2022_india,val,1,720,720
rdd_India_006177.jpg,rdd2022_india,val,6,720,720
rdd_India_001925.jpg,rdd2022_india,val,2,720,720
rdd_India_008698.jpg,rdd2022_india,val,1,720,720
rdd_India_005774.jpg,rdd2022_india,val,2,720,720
rdd_India_006962.jpg,rdd2022_india,val,1,720,720
rdd_India_009249.jpg,rdd2022_india,val,2,720,720
rdd_India_004551.jpg,rdd2022_india,val,1,720,720
rdd_India_004321.jpg,rdd2022_india,val,5,720,720
rdd_India_006378.jpg,rdd2022_india,val,1,720,720
rdd_India_007697.jpg,rdd2022_india,val,2,720,720
rdd_India_009337.jpg,rdd2022_india,val,1,720,720
rdd_India_005887.jpg,rdd2022_india,val,3,720,720
rdd_India_001254.jpg,rdd2022_india,val,1,720,720
rdd_India_002428.jpg,rdd2022_india,val,1,720,720
rdd_India_004327.jpg,rdd2022_india,val,2,720,720
rdd_India_001722.jpg,rdd2022_india,val,7,720,720
rdd_India_005760.jpg,rdd2022_india,val,1,720,720
rdd_India_003424.jpg,rdd2022_india,val,4,720,720
rdd_India_008944.jpg,rdd2022_india,val,1,720,720
rdd_India_004444.jpg,rdd2022_india,val,1,720,720
rdd_India_003660.jpg,rdd2022_india,val,2,720,720
rdd_India_002894.jpg,rdd2022_india,val,2,720,720
rdd_India_009785.jpg,rdd2022_india,val,1,720,720
rdd_India_000831.jpg,rdd2022_india,val,1,720,720
rdd_India_002429.jpg,rdd2022_india,val,2,720,720
rdd_India_005285.jpg,rdd2022_india,val,1,720,720
rdd_India_003658.jpg,rdd2022_india,val,1,720,720
rdd_India_005124.jpg,rdd2022_india,val,2,720,720
rdd_India_005878.jpg,rdd2022_india,val,3,720,720
rdd_India_008142.jpg,rdd2022_india,val,1,720,720
rdd_India_006873.jpg,rdd2022_india,val,1,720,720
rdd_India_002946.jpg,rdd2022_india,val,1,720,720
rdd_India_003161.jpg,rdd2022_india,val,3,720,720
rdd_India_009100.jpg,rdd2022_india,val,1,720,720
rdd_India_009723.jpg,rdd2022_india,val,1,720,720
rdd_India_000103.jpg,rdd2022_india,val,1,720,720
rdd_India_001491.jpg,rdd2022_india,val,2,720,720
rdd_India_009430.jpg,rdd2022_india,val,3,720,720
rdd_India_009138.jpg,rdd2022_india,val,3,720,720
rdd_India_001049.jpg,rdd2022_india,val,2,720,720
rdd_India_009348.jpg,rdd2022_india,val,1,720,720
rdd_India_007991.jpg,rdd2022_india,val,2,720,720
rdd_India_004657.jpg,rdd2022_india,val,1,720,720
rdd_India_002708.jpg,rdd2022_india,val,2,720,720
rdd_India_001392.jpg,rdd2022_india,val,1,720,720
rdd_India_004613.jpg,rdd2022_india,val,1,720,720
rdd_India_001736.jpg,rdd2022_india,val,3,720,720
rdd_India_007240.jpg,rdd2022_india,val,1,720,720
rdd_India_005138.jpg,rdd2022_india,val,1,720,720
rdd_India_007185.jpg,rdd2022_india,val,1,720,720
rdd_India_001275.jpg,rdd2022_india,val,1,720,720
rdd_India_009311.jpg,rdd2022_india,val,1,720,720
rdd_India_002247.jpg,rdd2022_india,val,1,720,720
rdd_India_006665.jpg,rdd2022_india,val,2,720,720
rdd_India_007205.jpg,rdd2022_india,val,1,720,720
rdd_India_001737.jpg,rdd2022_india,val,2,720,720
rdd_India_005269.jpg,rdd2022_india,val,1,720,720
rdd_India_007791.jpg,rdd2022_india,val,3,720,720
rdd_India_001135.jpg,rdd2022_india,val,2,720,720
rdd_India_005059.jpg,rdd2022_india,val,2,720,720
rdd_India_005717.jpg,rdd2022_india,val,3,720,720
rdd_India_001246.jpg,rdd2022_india,val,1,720,720
rdd_India_001902.jpg,rdd2022_india,val,5,720,720
rdd_India_004121.jpg,rdd2022_india,val,1,720,720
rdd_India_006362.jpg,rdd2022_india,val,2,720,720
rdd_India_003774.jpg,rdd2022_india,val,4,720,720
rdd_India_005612.jpg,rdd2022_india,val,1,720,720
rdd_India_006325.jpg,rdd2022_india,val,2,720,720
rdd_India_005047.jpg,rdd2022_india,val,1,720,720
rdd_India_009221.jpg,rdd2022_india,val,1,720,720
rdd_India_006808.jpg,rdd2022_india,val,1,720,720
rdd_India_002968.jpg,rdd2022_india,val,1,720,720
rdd_India_009377.jpg,rdd2022_india,val,1,720,720
rdd_India_003926.jpg,rdd2022_india,val,2,720,720
rdd_India_002759.jpg,rdd2022_india,val,1,720,720
